ym,Nivel general,Alimentos y bebidas no alcohólicas,Bebidas alcohólicas y tabaco,Prendas de vestir y calzado,"Vivienda, agua, electricidad y otros combustibles",Equipamiento y manteni-miento del hogar,Salud,Transporte,Comunicaciones,Recreación y cultura,Educación,Restaurantes y hoteles,Otros bienes y servicios,Estacional,Núcleo,Regulados,Bienes,Servicios
1965-10,2.18044929590432e-12,,,,,,,,,,,,,,,,,
1965-11,2.25920873390855e-12,,,,,,,,,,,,,,,,,
1965-12,2.44369024273482e-12,,,,,,,,,,,,,,,,,
1966-01,2.3883470703639e-12,,,,,,,,,,,,,,,,,
1966-02,2.44085442926419e-12,,,,,,,,,,,,,,,,,
1966-03,2.49406914118593e-12,,,,,,,,,,,,,,,,,
1966-04,2.54586914706477e-12,,,,,,,,,,,,,,,,,
1966-05,2.57212122616871e-12,,,,,,,,,,,,,,,,,
1966-06,2.5941163843743e-12,,,,,,,,,,,,,,,,,
1966-07,2.63527088731487e-12,,,,,,,,,,,,,,,,,
1966-08,2.66577988731716e-12,,,,,,,,,,,,,,,,,
1966-09,2.70622703723627e-12,,,,,,,,,,,,,,,,,
1966-10,2.79279296401574e-12,,,,,,,,,,,,,,,,,
1966-11,2.85807108561107e-12,,,,,,,,,,,,,,,,,
1966-12,3.17523729807717e-12,,,,,,,,,,,,,,,,,
1967-01,3.02622266178819e-12,,,,,,,,,,,,,,,,,
1967-02,3.09081263451649e-12,,,,,,,,,,,,,,,,,
1967-03,3.15892336889006e-12,,,,,,,,,,,,,,,,,
1967-04,3.19723565697517e-12,,,,,,,,,,,,,,,,,
1967-05,3.22773825559266e-12,,,,,,,,,,,,,,,,,
1967-06,3.36824865216216e-12,,,,,,,,,,,,,,,,,
1967-07,3.5364130311089e-12,,,,,,,,,,,,,,,,,
1967-08,3.54844763455085e-12,,,,,,,,,,,,,,,,,
1967-09,3.56477116581518e-12,,,,,,,,,,,,,,,,,
1967-10,3.66696927429956e-12,,,,,,,,,,,,,,,,,
1967-11,3.75140353993746e-12,,,,,,,,,,,,,,,,,
1967-12,4.04372277726532e-12,,,,,,,,,,,,,,,,,
1968-01,3.90465269227796e-12,,,,,,,,,,,,,,,,,
1968-02,3.94296498036309e-12,,,,,,,,,,,,,,,,,
1968-03,3.917423454973e-12,,,,,,,,,,,,,,,,,
1968-04,3.90109992370866e-12,,,,,,,,,,,,,,,,,
1968-05,3.90535684460701e-12,,,,,,,,,,,,,,,,,
1968-06,3.9188957734792e-12,,,,,,,,,,,,,,,,,
1968-07,3.91671930264395e-12,,,,,,,,,,,,,,,,,
1968-08,3.92312068745349e-12,,,,,,,,,,,,,,,,,
1968-09,3.97775650680296e-12,,,,,,,,,,,,,,,,,
1968-10,4.05578938763131e-12,,,,,,,,,,,,,,,,,
1968-11,4.0692643026554e-12,,,,,,,,,,,,,,,,,
1968-12,4.43043043360991e-12,,,,,,,,,,,,,,,,,
1969-01,4.22606622356519e-12,,,,,,,,,,,,,,,,,
1969-02,4.16931794722858e-12,,,,,,,,,,,,,,,,,
1969-03,4.2161440771104e-12,,,,,,,,,,,,,,,,,
1969-04,4.22040099800875e-12,,,,,,,,,,,,,,,,,
1969-05,4.16221241008999e-12,,,,,,,,,,,,,,,,,
1969-06,4.20337331441536e-12,,,,,,,,,,,,,,,,,
1969-07,4.25941743842292e-12,,,,,,,,,,,,,,,,,
1969-08,4.22750653514734e-12,,,,,,,,,,,,,,,,,
1969-09,4.30627557522879e-12,,,,,,,,,,,,,,,,,
1969-10,4.37153769336209e-12,,,,,,,,,,,,,,,,,
1969-11,4.40274444430862e-12,,,,,,,,,,,,,,,,,
1969-12,4.72559828717802e-12,,,,,,,,,,,,,,,,,
1970-01,4.50279808888181e-12,,,,,,,,,,,,,,,,,
1970-02,4.56383529304082e-12,,,,,,,,,,,,,,,,,
1970-03,4.62272803328863e-12,,,,,,,,,,,,,,,,,
1970-04,4.65819170513351e-12,,,,,,,,,,,,,,,,,
1970-05,4.69263115540886e-12,,,,,,,,,,,,,,,,,
1970-06,4.72703859876016e-12,,,,,,,,,,,,,,,,,
1970-07,4.78519517975487e-12,,,,,,,,,,,,,,,,,
1970-08,4.83912684677529e-12,,,,,,,,,,,,,,,,,
1970-09,4.93777218669037e-12,,,,,,,,,,,,,,,,,
1970-10,5.13359054801434e-12,,,,,,,,,,,,,,,,,
1970-11,5.26629125511621e-12,,,,,,,,,,,,,,,,,
1970-12,5.75305255603398e-12,,,,,,,,,,,,,,,,,
1971-01,5.73672902476964e-12,,,,,,,,,,,,,,,,,
1971-02,5.92829046519526e-12,,,,,,,,,,,,,,,,,
1971-03,5.99073597401237e-12,,,,,,,,,,,,,,,,,
1971-04,6.04466764103278e-12,,,,,,,,,,,,,,,,,
1971-05,6.19154741548779e-12,,,,,,,,,,,,,,,,,
1971-06,6.38454916749556e-12,,,,,,,,,,,,,,,,,
1971-07,6.65913656890098e-12,,,,,,,,,,,,,,,,,
1971-08,6.83367032573321e-12,,,,,,,,,,,,,,,,,
1971-09,6.89541168222127e-12,,,,,,,,,,,,,,,,,
1971-10,6.96633902591103e-12,,,,,,,,,,,,,,,,,
1971-11,7.15441171161544e-12,,,,,,,,,,,,,,,,,
1971-12,8.00374744814583e-12,,,,,,,,,,,,,,,,,
1972-01,8.4209577031079e-12,,,,,,,,,,,,,,,,,
1972-02,8.72518351618152e-12,,,,,,,,,,,,,,,,,
1972-03,9.09431937122391e-12,,,,,,,,,,,,,,,,,
1972-04,9.53777530390512e-12,,,,,,,,,,,,,,,,,
1972-05,9.69105646316966e-12,,,,,,,,,,,,,,,,,
1972-06,1.02239077347162e-11,,,,,,,,,,,,,,,,,
1972-07,1.07312494877966e-11,,,,,,,,,,,,,,,,,
1972-08,1.07177745727725e-11,,,,,,,,,,,,,,,,,
1972-09,1.0980295363812e-11,,,,,,,,,,,,,,,,,
1972-10,1.15117383307004e-11,,,,,,,,,,,,,,,,,
1972-11,1.20730117508012e-11,,,,,,,,,,,,,,,,,
1972-12,1.31380421484892e-11,,,,,,,,,,,,,,,,,
1973-01,1.37454055392188e-11,,,,,,,,,,,,,,,,,
1973-02,1.47856305707698e-11,,,,,,,,,,,,,,,,,
1973-03,1.60557293308315e-11,,,,,,,,,,,,,,,,,
1973-04,1.67730685125891e-11,,,,,,,,,,,,,,,,,
1973-05,1.73534820732706e-11,,,,,,,,,,,,,,,,,
1973-06,1.68440278632029e-11,,,,,,,,,,,,,,,,,
1973-07,1.68426195585449e-11,,,,,,,,,,,,,,,,,
1973-08,1.69774327226339e-11,,,,,,,,,,,,,,,,,
1973-09,1.70661239091701e-11,,,,,,,,,,,,,,,,,
1973-10,1.73307891641207e-11,,,,,,,,,,,,,,,,,
1973-11,1.74684189375259e-11,,,,,,,,,,,,,,,,,
1973-12,1.88882140813589e-11,,,,,,,,,,,,,,,,,
1974-01,1.78076923324318e-11,,,,,,,,,,,,,,,,,
1974-02,1.80864406339634e-11,,,,,,,,,,,,,,,,,
1974-03,1.8301431142792e-11,,,,,,,,,,,,,,,,,
1974-04,1.88208074993144e-11,,,,,,,,,,,,,,,,,
1974-05,1.94473750444727e-11,,,,,,,,,,,,,,,,,
1974-06,2.01924002155315e-11,,,,,,,,,,,,,,,,,
1974-07,2.06558604757425e-11,,,,,,,,,,,,,,,,,
1974-08,2.10395914881506e-11,,,,,,,,,,,,,,,,,
1974-09,2.17349739200115e-11,,,,,,,,,,,,,,,,,
1974-10,2.25566236672407e-11,,,,,,,,,,,,,,,,,
1974-11,2.34896575101558e-11,,,,,,,,,,,,,,,,,
1974-12,2.64626846641766e-11,,,,,,,,,,,,,,,,,
1975-01,2.72276501489172e-11,,,,,,,,,,,,,,,,,
1975-02,2.84848821255119e-11,,,,,,,,,,,,,,,,,
1975-03,3.07951419032765e-11,,,,,,,,,,,,,,,,,
1975-04,3.37817079861696e-11,,,,,,,,,,,,,,,,,
1975-05,3.50955922183286e-11,,,,,,,,,,,,,,,,,
1975-06,4.25147972125909e-11,,,,,,,,,,,,,,,,,
1975-07,5.7281831760489e-11,,,,,,,,,,,,,,,,,
1975-08,7.01540564047618e-11,,,,,,,,,,,,,,,,,
1975-09,7.77355365039461e-11,,,,,,,,,,,,,,,,,
1975-10,8.84581761291738e-11,,,,,,,,,,,,,,,,,
1975-11,9.6378289484783e-11,,,,,,,,,,,,,,,,,
1975-12,1.15102019983461e-10,,,,,,,,,,,,,,,,,
1976-01,1.25345515955694e-10,,,,,,,,,,,,,,,,,
1976-02,1.49142663985176e-10,,,,,,,,,,,,,,,,,
1976-03,2.05177185915526e-10,,,,,,,,,,,,,,,,,
1976-04,2.74779442949705e-10,,,,,,,,,,,,,,,,,
1976-05,3.08005830803646e-10,,,,,,,,,,,,,,,,,
1976-06,3.16420451135792e-10,,,,,,,,,,,,,,,,,
1976-07,3.29837753696598e-10,,,,,,,,,,,,,,,,,
1976-08,3.48027288632919e-10,,,,,,,,,,,,,,,,,
1976-09,3.84764836054896e-10,,,,,,,,,,,,,,,,,
1976-10,4.1731587781143e-10,,,,,,,,,,,,,,,,,
1976-11,4.5050705804892e-10,,,,,,,,,,,,,,,,,
1976-12,5.15138639778488e-10,,,,,,,,,,,,,,,,,
1977-01,5.56517191187384e-10,,,,,,,,,,,,,,,,,
1977-02,6.02456729273081e-10,,,,,,,,,,,,,,,,,
1977-03,6.47919364190468e-10,,,,,,,,,,,,,,,,,
1977-04,6.86865389371737e-10,6.14590943969305e-10,,1.75712465116648e-09,7.52660369711903e-10,6.70554731995214e-10,4.98425068739048e-10,8.81879263731267e-10,,,,,7.96879385531586e-10,,,,,
1977-05,7.31483041494264e-10,6.54642304246331e-10,,1.83672757449614e-09,8.72476397413705e-10,7.06666314591057e-10,4.99795121154493e-10,9.07565067529266e-10,,,,,8.15103238423161e-10,,,,,
1977-06,7.87421542652469e-10,7.1923217398886e-10,,1.90900507543351e-09,9.07412969091921e-10,7.64569369443012e-10,5.55145238738489e-10,9.28018577961005e-10,,,,,8.54450193529971e-10,,,,,
1977-07,8.45309265485182e-10,7.63232259927002e-10,,2.00716573549033e-09,1.03449767949188e-09,8.26983259051981e-10,6.03371083762169e-10,9.47996425359448e-10,,,,,9.52610492059589e-10,,,,,
1977-08,9.41147598161279e-10,8.38822151154066e-10,,2.160022882743e-09,1.21457343149771e-09,9.18510555595116e-10,6.56529117481452e-10,1.18868192020736e-09,,,,,1.01805069107934e-09,,,,,
1977-09,1.01923489076051e-09,9.09899213054146e-10,,2.32606579030181e-09,1.28843262665636e-09,1.00629594504513e-09,7.2886788501697e-10,1.2219783325381e-09,,,,,1.18496461642717e-09,,,,,
1977-10,1.14657123739197e-09,1.01877122056775e-09,,2.78610231653828e-09,1.44506101511977e-09,1.11167639180822e-09,7.89832477399461e-10,1.45695587098645e-09,,,,,1.29720698310028e-09,,,,,
1977-11,1.25020325607369e-09,1.11100216993809e-09,,3.06349164446006e-09,1.55854156519241e-09,1.23339732969593e-09,8.75874509194265e-10,1.52545134778111e-09,,,,,1.49435593710913e-09,,,,,
1977-12,1.34160222838437e-09,1.16684843285958e-09,,3.24125522784655e-09,1.69289964776322e-09,1.33706247628572e-09,9.61363039813229e-10,1.77660142936153e-09,,,,,1.57615618588381e-09,,,,,
1978-01,1.52080899612758e-09,1.28333583986248e-09,,3.35309000970234e-09,2.1341790296317e-09,1.50828118686946e-09,1.09110974366074e-09,2.21468708302739e-09,,,,,1.77413349684228e-09,,,,,
1978-02,1.61516540822026e-09,1.36033599025422e-09,,3.49715665008425e-09,2.20217638390474e-09,1.61614897453721e-09,1.1826292450125e-09,2.31124667878653e-09,,,,,1.96859029076489e-09,,,,,
1978-03,1.76847857440886e-09,1.49007983340516e-09,,3.7374305045517e-09,2.32222688524196e-09,1.75826050432171e-09,1.33717115747474e-09,2.45917788214167e-09,,,,,2.2030153075065e-09,,,,,
1978-04,1.96432894265687e-09,1.67651609497639e-09,,4.38353275955261e-09,2.52481210624853e-09,1.93259228237061e-09,1.45965384341556e-09,2.67013443740857e-09,,,,,2.44075375204659e-09,,,,,
1978-05,2.13505387552744e-09,1.83700358791743e-09,,4.69950264540717e-09,2.66549628750309e-09,2.16264796804585e-09,1.59501502206157e-09,2.88751244362495e-09,,,,,2.67227951946455e-09,,,,,
1978-06,2.27364385665408e-09,1.94531149176517e-09,,4.90852136433414e-09,2.80383573240341e-09,2.30149077699193e-09,1.75668120708413e-09,3.04804871736244e-09,,,,,2.92492838909774e-09,,,,,
1978-07,2.42366030966576e-09,2.02428600498747e-09,,5.15905081015081e-09,3.12412671839296e-09,2.4655494324058e-09,1.87423170432935e-09,3.29016120131024e-09,,,,,3.23804731605299e-09,,,,,
1978-08,2.61288524463589e-09,2.20987611105989e-09,,5.43106816165158e-09,3.33890456844159e-09,2.63116462155225e-09,2.00685277814446e-09,3.46758351272974e-09,,,,,3.49276707806022e-09,,,,,
1978-09,2.77989737431691e-09,2.36105589351402e-09,,5.79392075081686e-09,3.52273189861422e-09,2.81794866946178e-09,2.15646250191111e-09,3.66260535638121e-09,,,,,3.71600927598201e-09,,,,,
1978-10,3.05112404869733e-09,2.6168769059877e-09,,6.79799198005484e-09,3.77408763578903e-09,3.02029805469711e-09,2.30607222567776e-09,4.00603406642111e-09,,,,,4.02498641818916e-09,,,,,
1978-11,3.31943809298938e-09,2.87918511061893e-09,,7.69120515042268e-09,4.09578546359113e-09,3.21237431729741e-09,2.47541070422681e-09,4.20914218163862e-09,,,,,4.27763528782237e-09,,,,,
1978-12,3.62023916518989e-09,3.14854461107359e-09,,8.17370630532883e-09,4.48735643474966e-09,3.45425965934025e-09,2.66420392707519e-09,4.69241582346762e-09,,,,,4.67897422991182e-09,,,,,
1979-01,4.08257918305925e-09,3.63564812655546e-09,,8.52776838762338e-09,5.11480788314501e-09,3.77241515427948e-09,2.93794039968118e-09,5.18615405202914e-09,1.3876068096233e-08,,,,5.27207780583762e-09,,,,,
1979-02,4.38645291996834e-09,3.92221278881925e-09,,9.1225926858782e-09,5.39007993113311e-09,4.04854423843908e-09,3.2938800172139e-09,5.47250319807348e-09,1.46165028510231e-08,,,,5.59886462246154e-09,,,,,
1979-03,4.72639846027921e-09,4.1853671489493e-09,,1.00978505870398e-08,5.80322247675067e-09,4.39284950008565e-09,3.59446951716264e-09,5.88157340670827e-09,1.5489069774098e-08,,,,5.96624092961669e-09,,,,,
1979-04,5.05731804800862e-09,4.39436755715547e-09,,1.17675585309915e-08,6.35751815089363e-09,4.78447338720263e-09,3.9191719396232e-09,6.19741366081698e-09,1.62200362344762e-08,,,,6.49411139576015e-09,,,,,
1979-05,5.40731376247047e-09,4.6995476403931e-09,,1.24307534382411e-08,6.89586961782776e-09,5.15057012110531e-09,4.24031222580361e-09,6.51991319739186e-09,1.71150020331374e-08,,,,6.89897085488547e-09,,,,,
1979-06,5.93155517144814e-09,5.24306152246233e-09,,1.29752765027354e-08,7.32448742338332e-09,5.56896638842265e-09,4.65050591898798e-09,7.21105158477132e-09,1.78626439971067e-08,,,,7.35125374937637e-09,,,,,
1979-07,6.35577494277666e-09,5.56629292300791e-09,,1.34572892961488e-08,8.07808568763692e-09,5.9736651588933e-09,5.06124763313851e-09,7.61821914127292e-09,1.87704697180288e-08,,,,8.11541303539808e-09,,,,,
1979-08,7.08351637484975e-09,6.49791012719818e-09,,1.37942587261946e-08,8.55922558752752e-09,6.46023760369763e-09,5.49856836414869e-09,7.99304161151037e-09,1.9524612302042e-08,,,,8.75283370812839e-09,,,,,
1979-09,7.56842127417275e-09,6.8888339676486e-09,,1.43715020107079e-08,9.08866705631553e-09,7.05358826255691e-09,6.04795938274231e-09,8.83924614774442e-09,2.05863331366135e-08,,,,9.32564253878857e-09,,,,,
1979-10,7.89694034259858e-09,6.95144947456057e-09,,1.66731497263687e-08,9.6931400884393e-09,7.55199036372884e-09,6.49651454355915e-09,9.51183367682533e-09,2.13361655269019e-08,,,,1.01366039924636e-08,,,,,
1979-11,8.30278813952372e-09,7.24252696615136e-09,,1.78100552816538e-08,1.00931521104731e-08,8.02019571048874e-09,6.96740155874774e-09,1.01347144189268e-08,2.21548903578736e-08,,,,1.08195842974229e-08,,,,,
1979-12,8.67899752478066e-09,7.48819411263933e-09,,1.8064491619413e-08,1.04570551926516e-08,8.40808391664753e-09,7.50898327857332e-09,1.13241098336841e-08,2.28858568182518e-08,,,,1.14176580150464e-08,,,,,
1980-01,9.30473288991365e-09,8.08868246496181e-09,,1.80972118394319e-08,1.10826308519635e-08,8.8759779566609e-09,8.15318192431577e-09,1.20618631983266e-08,2.44236067532166e-08,,,,1.25910256341789e-08,,,,,
1980-02,9.80212048961527e-09,8.5684526327873e-09,,1.82036746448667e-08,1.16645944150866e-08,9.29624206445734e-09,8.52857628614782e-09,1.27515745966062e-08,2.57772195595448e-08,,,,1.33029984323748e-08,,,,,
1980-03,1.03702433914624e-08,8.99406884868894e-09,,1.85626203420894e-08,1.2381614792214e-08,9.7538629818357e-09,9.10810845788123e-09,1.37233541736304e-08,2.7319491664975e-08,,,,1.40211839076927e-08,,,,,
1980-04,1.10107019416573e-08,9.57650588370345e-09,,2.07783164350139e-08,1.30559609676942e-08,1.02827731441662e-08,9.63667467976007e-09,1.43964173657446e-08,2.89593437299781e-08,,,,1.49025557020852e-08,,,,,
1980-05,1.1647639730207e-08,1.01967378643315e-08,,2.13101421006949e-08,1.37922081829264e-08,1.08157302942014e-08,1.01457861573396e-08,1.51489162844193e-08,3.09660568739839e-08,,,,1.55635845478797e-08,,,,,
1980-06,1.23159443043235e-08,1.08175339486254e-08,,2.17452721907975e-08,1.48135753388345e-08,1.13321881866712e-08,1.06285926285426e-08,1.5960873082256e-08,3.29147590499888e-08,,,,1.62900535926937e-08,,,,,
1980-07,1.28792661675634e-08,1.11861756942738e-08,,2.22214246462971e-08,1.58902782727027e-08,1.20603346667718e-08,1.11050968586345e-08,1.67580843260606e-08,3.483328986992e-08,,,,1.72811826829106e-08,,,,,
1980-08,1.33200015117005e-08,1.14225351302749e-08,,2.26331133847444e-08,1.68469307052338e-08,1.2629403399403e-08,1.1893973039448e-08,1.71452740351638e-08,3.65646452279333e-08,,,,1.83642593945348e-08,,,,,
1980-09,1.3925252445443e-08,1.18371513246919e-08,,2.31683575808751e-08,1.76825947418859e-08,1.32373854753485e-08,1.26327053018561e-08,1.86626391113789e-08,3.89084013894359e-08,,,,1.92477020813013e-08,,,,,
1980-10,1.49856418391441e-08,1.26409990485619e-08,,2.67817442662506e-08,1.98861779676031e-08,1.40545656849526e-08,1.38106763686561e-08,1.96234784386372e-08,4.75711841871514e-08,,,,2.01866446836923e-08,,,,,
1980-11,1.56865934757892e-08,1.32155386322541e-08,,2.75387045801216e-08,2.10266577303068e-08,1.48287855635377e-08,1.43855503621771e-08,2.04068954544763e-08,5.08169013797539e-08,,,,2.12154640151167e-08,,,,,
1980-12,1.62848028862412e-08,1.3608718887368e-08,,2.79557652949899e-08,2.18571633469796e-08,1.53882037870267e-08,1.53703440383992e-08,2.19080879875592e-08,5.34357326915951e-08,,,,2.19671979468941e-08,,,,,
1981-01,1.70820953642699e-08,1.428310481992e-08,,2.82614795894952e-08,2.31050320347074e-08,1.59326792866829e-08,1.63173242679551e-08,2.24560518019165e-08,5.63198175647954e-08,,,,2.37200012522837e-08,,,,,
1981-02,1.77958497705342e-08,1.48387469308055e-08,,2.89403020645151e-08,2.38834845043161e-08,1.66580240060649e-08,1.72791010635978e-08,2.37736384041471e-08,5.90578504637471e-08,,,,2.47720145782974e-08,,,,,
1981-03,1.88616803413233e-08,1.56792613929571e-08,,3.00928351875703e-08,2.51402631901902e-08,1.75296828963094e-08,1.84326851974028e-08,2.53956493476874e-08,6.19595294064141e-08,,,,2.61056692671808e-08,,,,,
1981-04,2.03500023095425e-08,1.67256736931527e-08,,3.57089923550007e-08,2.70019838554589e-08,1.91889478552391e-08,1.98356188708189e-08,2.79452032061553e-08,7.22370096959192e-08,,,,2.81185766547502e-08,,,,,
1981-05,2.18831339714284e-08,1.82713177376464e-08,,3.73450033559478e-08,2.85119940675912e-08,2.05306799327226e-08,2.11234681413377e-08,2.9514891216033e-08,7.59328948265661e-08,,,,3.02391704457698e-08,,,,,
1981-06,2.39347778028875e-08,2.02174753849104e-08,,3.88540403687618e-08,3.08989356762103e-08,2.23518243998405e-08,2.282233313649e-08,3.24211923494731e-08,7.9771369644699e-08,,,,3.26372638149112e-08,,,,,
1981-07,2.63865081849432e-08,2.23582487969008e-08,,4.02800559277962e-08,3.32952562302462e-08,2.4555876165173e-08,2.44746163495172e-08,3.57983998858767e-08,8.78469768710522e-08,,,,3.77855022567811e-08,,,,,
1981-08,2.84765603252595e-08,2.40477392761923e-08,,4.14179382060669e-08,3.66576081622303e-08,2.61933496518465e-08,2.64611923519131e-08,3.88806963416364e-08,9.92424931492053e-08,,,,4.12728850146687e-08,,,,,
1981-09,3.05122006946947e-08,2.55031267341462e-08,,4.34495220161983e-08,4.00668548212992e-08,2.79024236902187e-08,2.85135308702503e-08,4.26764873473405e-08,1.12095066883082e-07,,,,4.54643711797309e-08,,,,,
1981-10,3.22885849793433e-08,2.64310772645083e-08,,5.17223657045696e-08,4.21958754309515e-08,2.98262993836869e-08,3.07494564122572e-08,4.60774780354088e-08,1.2585285195808e-07,,,,4.93949249056638e-08,,,,,
1981-11,3.46154883576128e-08,2.87608254045663e-08,,5.45157934435002e-08,4.40060118964269e-08,3.14388683306392e-08,3.34539398803466e-08,4.90123189508468e-08,1.35563859737885e-07,,,,5.26917855651396e-08,,,,,
1981-12,3.7662547526956e-08,3.209185755155e-08,,5.7265268648077e-08,4.62897851054592e-08,3.34063269686196e-08,3.52158272866094e-08,5.2793840065552e-08,1.45665328673808e-07,,,,5.48827896968766e-08,,,,,
1982-01,4.21531189708516e-08,3.64523788887531e-08,,6.08986781546579e-08,5.09464315049852e-08,3.6472698421801e-08,3.80079941092871e-08,5.94626357923656e-08,1.53104228430421e-07,,,,6.20605026653082e-08,,,,,
1982-02,4.43808008845732e-08,3.80290486348699e-08,,6.45858074254492e-08,5.50262727613676e-08,3.90970142949299e-08,4.13043402208488e-08,6.08468152192577e-08,1.53764041364883e-07,,,,6.71673232596972e-08,,,,,
1982-03,4.64740537172943e-08,3.95690516427048e-08,,6.85952552815017e-08,5.73710091156102e-08,4.14785109057765e-08,4.4238992494733e-08,6.2211968124818e-08,1.53764041364883e-07,,,,7.14250779807288e-08,,,,,
1982-04,4.84200746993959e-08,4.07621308960275e-08,,8.33681904393077e-08,5.95187876160966e-08,4.37479370878773e-08,4.45623248647782e-08,6.3348802774396e-08,1.53764041364883e-07,,,,7.72194348432999e-08,,,,,
1982-05,4.99019952828055e-08,4.19016203010922e-08,,8.64204497694328e-08,6.10147294101033e-08,4.60702854168858e-08,4.63105117468865e-08,6.50374065425977e-08,1.53764041364883e-07,,,,8.00689827499825e-08,,,,,
1982-06,5.38420476330802e-08,4.62395774916603e-08,,8.92431791979325e-08,6.35658025635195e-08,4.94635289539089e-08,4.81929637657085e-08,6.67735766141291e-08,1.53764041364883e-07,,,,8.85347907750686e-08,,,,,
1982-07,6.25959413601325e-08,5.60324171312263e-08,,9.83511210390265e-08,6.98403170474729e-08,5.87498092024777e-08,5.24839679308835e-08,7.53402678437948e-08,1.68370228014532e-07,,,,9.60355629538508e-08,,,,,
1982-08,7.17915306390434e-08,6.35152522590398e-08,,1.15170290851748e-07,8.01383991153069e-08,6.9240846560063e-08,5.86848251631897e-08,8.70653616145475e-08,1.89774367416241e-07,,,,1.14441654374341e-07,,,,,
1982-09,8.4043781164512e-08,7.65911752339899e-08,,1.34450802588283e-07,8.98878128762479e-08,8.01895048350266e-08,6.53569804264089e-08,1.05364118505455e-07,1.98514027111868e-07,,,,1.23193245547045e-07,,,,,
1982-10,9.47084882572133e-08,8.58142701710235e-08,,1.8040073544772e-07,1.03205915368346e-07,9.02851826245368e-08,6.88643146099492e-08,1.1927726222937e-07,2.20000908101311e-07,,,,1.34110990142998e-07,,,,,
1982-11,1.05453212660034e-07,9.44789024788426e-08,,2.01957011740796e-07,1.16800696750246e-07,1.01193371022453e-07,7.78326777214549e-08,1.38712853769856e-07,2.46374559549889e-07,,,,1.45919218459788e-07,,,,,
1982-12,1.16652435384333e-07,1.02195840627994e-07,,2.2300539208134e-07,1.3016100449672e-07,1.13595831803646e-07,8.76669139595223e-08,1.65411819828775e-07,2.79401030342155e-07,,,,1.64656652660127e-07,,,,,
1983-01,1.35293267949727e-07,1.18997668316039e-07,,2.42666825782274e-07,1.55033967742526e-07,1.28818731708273e-07,1.00808456728475e-07,1.93880252371556e-07,3.23002384790937e-07,,,,1.88575459580318e-07,,,,,
1983-02,1.52929083100023e-07,1.36146419758597e-07,,2.66498866631891e-07,1.7304154294311e-07,1.48742363485289e-07,1.12262094921599e-07,2.18043934463005e-07,3.57606810439962e-07,,,,2.10195575965322e-07,,,,,
1983-03,1.70148808237697e-07,1.49600292189683e-07,,2.99267922800115e-07,1.98505379750186e-07,1.66237802639483e-07,1.23907540452885e-07,2.44443232810949e-07,3.99627101039791e-07,,,,2.3388658472437e-07,,,,,
1983-04,1.87624588767754e-07,1.60487492941044e-07,,3.934728547651e-07,2.19279743848777e-07,1.8678404790953e-07,1.3758066355903e-07,2.7864340490495e-07,4.50572460324327e-07,,,,2.56832072228761e-07,,,,,
1983-05,2.04620265437096e-07,1.71713155891929e-07,,4.25558204843375e-07,2.48495158822641e-07,2.05213407303271e-07,1.52760844322166e-07,3.10274996619151e-07,5.18163929091872e-07,,,,2.83380912463987e-07,,,,,
1983-06,2.37011272573391e-07,2.05785017310695e-07,,4.73905992632558e-07,2.86432993034288e-07,2.28592543966613e-07,1.70516723626338e-07,3.47995075159545e-07,5.62403050894098e-07,,,,3.09681245614329e-07,,,,,
1983-07,2.66521656545392e-07,2.26346595931789e-07,,5.16491114806466e-07,3.3051403649405e-07,2.60190178737976e-07,1.91697733969124e-07,3.99699646878849e-07,6.44747182239022e-07,,,,3.56690502505095e-07,,,,,
1983-08,3.12483599477923e-07,2.71362068468503e-07,,5.66450495521955e-07,3.85005709366651e-07,3.00784578483647e-07,2.21208662997819e-07,4.59490490164188e-07,7.28815956345175e-07,,,,4.09622511585623e-07,,,,,
1983-09,3.79250043041474e-07,3.42580156285047e-07,,6.33209511590453e-07,4.37762277337111e-07,3.54018032137864e-07,2.52445858069975e-07,5.39782410184597e-07,8.32098160898222e-07,,,,5.0281266841754e-07,,,,,
1983-10,4.43615967301446e-07,3.94364872812245e-07,,9.44295782516813e-07,5.06838210333101e-07,4.26427981377458e-07,2.90423711026122e-07,5.93056669913778e-07,8.84826456547641e-07,,,,5.95919989554495e-07,,,,,
1983-11,5.28946426812676e-07,4.64088085914224e-07,,1.12083846217126e-06,6.32328500012171e-07,5.23337771567853e-07,3.40430624189881e-07,7.05883941411651e-07,1.15486306108081e-06,,,,7.30445158172301e-07,,,,,
1983-12,6.22566679652267e-07,5.26534361726433e-07,,1.30841811156343e-06,7.96460044809158e-07,6.35501592337527e-07,3.96328762740055e-07,8.91297391790533e-07,1.4291702196883e-06,,,,8.72384121489179e-07,,,,,
1984-01,7.00631567404664e-07,5.9907809315778e-07,,1.43431770441243e-06,8.74117712861676e-07,7.1631682373305e-07,4.47185108401389e-07,9.90330435322816e-07,1.43701576149223e-06,,,,9.6379331087942e-07,,,,,
1984-02,8.19377255621718e-07,7.36155283965069e-07,,1.59547699704305e-06,9.49149276197442e-07,8.0099225878537e-07,5.06645383231721e-07,1.10448956331392e-06,1.65468598533104e-06,,,,1.07644985602734e-06,,,,,
1984-03,9.85493191429402e-07,9.15822301545816e-07,,1.83623921300332e-06,1.05091083397158e-06,9.42636828450097e-07,6.00630978931278e-07,1.27477692923398e-06,1.89440935069225e-06,,,,1.23590856882861e-06,,,,,
1984-04,1.16793265850142e-06,1.06418156567057e-06,,2.56243275282671e-06,1.22911079689402e-06,1.18296563676036e-06,7.1982553907503e-07,1.51736507621507e-06,2.30179239803363e-06,,,,1.43637095063593e-06,,,,,
1984-05,1.36733579531874e-06,1.21733571095526e-06,,3.18216348721533e-06,1.43591654333823e-06,1.47341483125968e-06,8.63133021730623e-07,1.83035135212402e-06,2.84285059235446e-06,,,,1.66955343195312e-06,,,,,
1984-06,1.61218876428382e-06,1.40828480185348e-06,,3.7496395418722e-06,1.7149401694931e-06,1.77818413609873e-06,1.04123983573853e-06,2.23704324559231e-06,3.80949985878306e-06,,,,2.00089621179995e-06,,,,,
1984-07,1.90697253476336e-06,1.6229262467184e-06,,4.29806949830909e-06,2.0549269408583e-06,2.08949088261462e-06,1.29415151162975e-06,2.84684325427812e-06,4.6208785651516e-06,,,,2.34507852436582e-06,,,,,
1984-08,2.34258677105287e-06,2.03302961180851e-06,,4.88214984372185e-06,2.49808211181017e-06,2.53777259759749e-06,1.60515340993587e-06,3.54273827199055e-06,5.66240211456439e-06,,,,2.79570470495748e-06,,,,,
1984-09,2.98784635985498e-06,2.73618483131998e-06,,5.77047939916149e-06,2.96843622447126e-06,3.09096468615621e-06,1.95780490167152e-06,4.21627712713805e-06,6.69131220000667e-06,,,,3.45549101532745e-06,,,,,
1984-10,3.5652512696759e-06,3.20439087399508e-06,,8.98682819087424e-06,3.45801717523713e-06,3.60711127187955e-06,2.44088538335759e-06,4.9240637206829e-06,7.80441527792507e-06,,,,4.00593420834798e-06,,,,,
1984-11,4.09912676279192e-06,3.58769931495619e-06,,1.00338752314804e-05,4.12908071982138e-06,4.19610363628761e-06,2.88176825064792e-06,5.79214875644857e-06,9.14070944323135e-06,,,,4.81813819744748e-06,,,,,
1984-12,4.90570124879455e-06,4.28182887581368e-06,,1.11136424921055e-05,4.9881921200159e-06,4.86198876708508e-06,3.56241029064121e-06,6.98748995912207e-06,1.08707634760343e-05,,,,5.98197971165942e-06,,,,,
1985-01,6.13892803235333e-06,5.47462607730345e-06,,1.21113650219368e-05,6.28389342937042e-06,6.00199407282624e-06,4.53761359995527e-06,8.76171307331712e-06,1.27128094843654e-05,,,,7.41793648382054e-06,,,,,
1985-02,7.40960291704795e-06,6.54924356079268e-06,,1.37522596378121e-05,7.75638785983483e-06,7.38730909482194e-06,5.91314622506248e-06,1.06167989031725e-05,1.47629069186378e-05,,,,8.95453862536014e-06,,,,,
1985-03,9.37162736117339e-06,8.19078522848491e-06,,1.62770885556916e-05,1.03590452130442e-05,9.4325944194313e-06,7.48048618833206e-06,1.3351861344626e-05,1.81078216653204e-05,,,,1.12615127300436e-05,,,,,
1985-04,1.21338249064919e-05,1.04697640386143e-05,,2.22399823830242e-05,1.37026392541943e-05,1.22499204754001e-05,9.60132732744158e-06,1.75472092982991e-05,2.28294496662699e-05,,,,1.50388204202973e-05,,,,,
1985-05,1.51776833834304e-05,1.25456655290292e-05,,2.75582390398344e-05,1.78809594374548e-05,1.62128553585472e-05,1.24702170853843e-05,2.32599223281871e-05,2.98552155172284e-05,,,,1.96279179211756e-05,,,,,
1985-06,1.98122859855408e-05,1.60966981057036e-05,,3.21048845379889e-05,2.53372210439465e-05,2.04372879087678e-05,1.64625498239923e-05,3.13794903065543e-05,4.70255959085669e-05,,,,2.68636158760804e-05,,,,,
1985-07,2.10381511765685e-05,1.67510583581171e-05,,3.26958019443011e-05,2.61672577133484e-05,2.17136455694829e-05,1.81970361819462e-05,3.344386787106e-05,4.96536595847077e-05,,,,3.09101395749596e-05,,,,,
1985-08,2.16846910423326e-05,1.77043935534434e-05,,3.25151081919577e-05,2.60781577318872e-05,2.20809875303717e-05,1.91971744452214e-05,3.35152173260545e-05,4.96536595847077e-05,,,,3.12994673412796e-05,,,,,
1985-09,2.21167845169768e-05,1.82092663344003e-05,,3.27934742428651e-05,2.60312630048024e-05,2.24296510864694e-05,2.00740079911065e-05,3.38053717763652e-05,4.96536595847077e-05,,,,3.18751754212635e-05,,,,,
1985-10,2.25456772992163e-05,1.84151641724442e-05,,4.16523517226205e-05,2.59187156597987e-05,2.26288874042396e-05,2.09097399645281e-05,3.38434248190289e-05,4.96536595847077e-05,,,,3.19787200399656e-05,,,,,
1985-11,2.30801929308133e-05,1.90977296081513e-05,,4.22090838244353e-05,2.59609209141751e-05,2.2772088507637e-05,2.19646803244212e-05,3.39100176436904e-05,4.96536595847077e-05,,,,3.24798759944839e-05,,,,,
1985-12,2.38131514915062e-05,1.99946544368903e-05,,4.25997730186913e-05,2.5979678805009e-05,2.293085494836e-05,2.31621061355205e-05,3.395758394702e-05,4.96536595847077e-05,,,,3.32461061728797e-05,,,,,
1986-01,2.45333072825799e-05,2.07702969774665e-05,,4.26681436276862e-05,2.60640893137618e-05,2.32328224924805e-05,2.42828090113549e-05,3.40194201413486e-05,4.96112642365949e-05,,,,3.39833438580389e-05,,,,,
1986-02,2.49493972952003e-05,2.12159388735067e-05,,4.25118679499837e-05,2.61578787679316e-05,2.33947020006687e-05,2.5861109393948e-05,3.40527165536793e-05,4.96536595847077e-05,,,,3.43768134091069e-05,,,,,
1986-03,2.6108047945728e-05,2.25444030066391e-05,,4.29660441383064e-05,2.6636204984197e-05,2.3597051385904e-05,2.71763597127756e-05,3.57555902128799e-05,4.96536595847077e-05,,,,3.51554689417469e-05,,,,,
1986-04,2.73435152139701e-05,2.36585077467395e-05,,4.92805582404694e-05,2.78789152519456e-05,2.43192830378209e-05,2.80915547262932e-05,3.65023811751551e-05,5.13845898586972e-05,,,,3.66258025273171e-05,,,,,
1986-05,2.84445534012117e-05,2.45385094655023e-05,,5.0467276668022e-05,2.92763781190743e-05,2.53559345037188e-05,2.9752058253813e-05,3.75060301754102e-05,5.26778121167937e-05,,,,3.74085998447053e-05,,,,,
1986-06,2.97376331327398e-05,2.56356910956265e-05,,5.20837532092563e-05,3.07676304403727e-05,2.62307064614284e-05,3.12618560156338e-05,3.96084607825797e-05,5.46553085773066e-05,,,,3.94712086492516e-05,,,,,
1986-07,3.17508686553416e-05,2.71869761767789e-05,,5.34706998488653e-05,3.32389825577445e-05,2.7398106760863e-05,3.2914139228661e-05,4.21675279017136e-05,5.77845832013948e-05,,,,4.29295989139028e-05,,,,,
1986-08,3.45386717398983e-05,3.02331359724965e-05,,5.44669572942181e-05,3.57853662384519e-05,2.94216006132162e-05,3.58871529701777e-05,4.54353329404589e-05,6.13690508841393e-05,,,,4.52365730185863e-05,,,,,
1986-09,3.70352118156207e-05,3.26164739608125e-05,,5.63959851908572e-05,3.78065289758091e-05,3.17595142795505e-05,3.86299979058994e-05,4.93785794864849e-05,6.32700996289817e-05,,,,5.01321625908229e-05,,,,,
1986-10,3.92788971913661e-05,3.41931437069293e-05,,6.8434095988871e-05,4.03904284381847e-05,3.35090581949697e-05,4.12084365517677e-05,5.22087745345976e-05,6.57267319916564e-05,,,,5.30811133314595e-05,,,,,
1986-11,4.13593472544681e-05,3.60236601026891e-05,,7.06659080110585e-05,4.25147595751285e-05,3.47511721135681e-05,4.35183449242088e-05,5.4715518720069e-05,6.8332643462478e-05,,,,5.58602508974247e-05,,,,,
1986-12,4.33181710061888e-05,3.71913546910475e-05,,7.25851686778413e-05,4.48735643474966e-05,3.62454444968444e-05,4.61625460860184e-05,5.81973721237975e-05,7.16875854862374e-05,,,,5.93352083010682e-05,,,,,
1987-01,4.66020814134852e-05,4.01359758269078e-05,,7.41821107593627e-05,4.83015688973995e-05,3.86642979172728e-05,4.99521110671405e-05,6.17886280251843e-05,7.6166119409015e-05,,,,6.55644525621882e-05,,,,,
1987-02,4.96107322739712e-05,4.27872630565138e-05,,7.55495229392589e-05,5.12090419766604e-05,4.11236212147483e-05,5.36512525888431e-05,6.61171616281803e-05,8.07650410700844e-05,,,,7.14457869044692e-05,,,,,
1987-03,5.37076185520797e-05,4.68488094508038e-05,,7.90168895382811e-05,5.30848310600546e-05,4.41432966559524e-05,5.82820297530486e-05,6.88760072212986e-05,8.17682189456951e-05,,,,7.90666708409458e-05,,,,,
1987-04,5.55000062987522e-05,4.82308634321942e-05,,8.87352832453996e-05,5.35537783309031e-05,4.59488757857445e-05,6.12687440187198e-05,6.93041039512652e-05,8.17682189456951e-05,,,,8.20487558595672e-05,,,,,
1987-05,5.78045048301883e-05,5.03744573625139e-05,,9.29840282329337e-05,5.52888832330427e-05,4.7878977614143e-05,6.46938750573333e-05,7.27764440943279e-05,8.33764218941072e-05,,,,8.34569626739161e-05,,,,,
1987-06,6.24455088171082e-05,5.50847229725586e-05,,9.75257901161601e-05,6.08693557561404e-05,5.15212665483789e-05,6.87492302070518e-05,7.90076298305089e-05,9.48606846371004e-05,,,,8.69774797097885e-05,,,,,
1987-07,6.87508728545097e-05,6.06411440814137e-05,,0.000101090829013747,6.85131962709716e-05,5.55682542530854e-05,7.54076849461166e-05,8.69987687898862e-05,0.000101929358113295,,,,9.2444635577261e-05,,,,,
1987-08,7.81929154485881e-05,7.07103945172578e-05,,0.000106023280091229,7.68135629649906e-05,6.13896904129323e-05,8.3079978472611e-05,9.89379109256223e-05,0.000109762777391383,,,,0.000102302083277704,,,,,
1987-09,8.73148888021893e-05,7.98488739044105e-05,,0.000114862623111272,8.65676661986403e-05,6.9203489750481e-05,8.93000164387332e-05,0.000109212232444822,0.000116974614093465,,,,0.000114064751962266,,,,,
1987-10,0.000104406586243673,9.0030945073429e-05,,0.000162770885556916,0.000111515661007783,8.49244804495332e-05,0.000102370316482083,0.000145457755581996,0.000152865162192955,,,,0.000154074392628768,,,,,
1987-11,0.000115128905799661,9.65463424142692e-05,,0.000181816983776898,0.000125349605497814,0.000100396425751373,0.000112892319032704,0.000158871453120951,0.000241934247577156,,,,0.000182776960932998,,,,,
1987-12,0.000119033750533483,0.000100325836975623,,0.000189581931512736,0.000127319184035378,0.000104536805480034,0.000118454731839412,0.00016025087591751,0.000171275334055822,,,,0.000188534041732836,,,,,
1988-01,0.000129852090861614,0.000111325858460158,,0.000199935195160521,0.000134540972006446,0.000112724172913402,0.000127223067298263,0.000173141344119838,0.00019569836776525,,,,0.000200710888892207,,,,,
1988-02,0.0001433910197338,0.000122918188793861,,0.000216881338961376,0.000149453495219429,0.000126857499205222,0.000140923591452717,0.000194736445831489,0.000204564791459525,,,,0.000219348920258591,,,,,
1988-03,0.000164547596529345,0.000140631043902293,,0.000251213151906624,0.000168023807145032,0.000147932965944348,0.000161200367201309,0.000237926649254789,0.000238434939712801,,,,0.000244199628747102,,,,,
1988-04,0.000192905731235629,0.000163110574987356,,0.00032280694675404,0.000206571272808781,0.0001763864025759,0.000180161892631075,0.000285968615617713,0.000304334992366612,,,,0.000282179794887043,,,,,
1988-05,0.000223216288308823,0.000182713177376464,,0.000363487459105949,0.00025023026372478,0.000210972582113815,0.000206302492717772,0.000357746167342117,0.000420588075649693,,,,0.000339792020732908,,,,,
1988-06,0.00026332096414062,0.000216220935129357,,0.000400456424112426,0.000293279623188677,0.000244842756134743,0.000233100717963886,0.000441890957932226,0.000559566123709123,,,,0.000400593420834798,,,,,
1988-07,0.000330855573881316,0.000280077470106251,,0.000446264732138945,0.000363058977090938,0.000299228044751068,0.000278860468639763,0.000536310070041534,0.000667017832458987,,,,0.000485541426018025,,,,,
1988-08,0.000422235342037566,0.00036252122087368,,0.000515074866477287,0.000469838270663151,0.000391032404298602,0.000353035106411979,0.000719107373737288,0.000852057735552095,,,,0.000587305077278478,,,,,
1988-09,0.000471622025843203,0.000408129002259562,,0.000569136483732465,0.000509604999231106,0.000432809769681034,0.00039895926337771,0.000757493380524295,0.000852159920918334,,,,0.000691802306472666,,,,,
1988-10,0.000514031200206437,0.000451649600081711,,0.000783136489886202,0.000532255152413092,0.000460516070120947,0.000431374703527148,0.0007899335993951,0.000887339967003957,,,,0.000717398536215832,,,,,
1988-11,0.000543381549558198,0.00047615990436392,,0.000833535395945228,0.000561142304297361,0.000486261138057811,0.000476339823802068,0.000838498795094649,0.000924453441210884,,,,0.00075426042047379,,,,,
1988-12,0.000580573595301653,0.000507918940752604,,0.000879880901613851,0.000581682194760528,0.000513407086353996,0.000522510590202578,0.000893057345013729,0.000962523756308478,,,,0.00080822787574134,,,,,
1989-01,0.00063236079841087,0.00055761647371607,,0.000917728917307407,0.00061938555533675,0.00055051485053869,0.00058120363568026,0.000971589311810943,0.00100151603519834,,,,0.000852834897478217,,,,,
1989-02,0.000693013919481305,0.000612475555222279,,0.000984634441823748,0.000682740331628387,0.000600292799306579,0.000637896404631393,0.00106315444572047,0.00106570183576679,,,,0.000936954545711826,,,,,
1989-03,0.000810863413825023,0.000725211672847121,,0.00119013695800241,0.000799930254613437,0.000713732977736967,0.000733937078954118,0.00118192750513455,0.00115912965797334,,,,0.00105627936430416,,,,,
1989-04,0.00108144994972448,0.000961148031098765,,0.00194817166715767,0.00114413755141626,0.00111211222125334,0.000922100077691393,0.00151389273607201,0.00138051448569019,,,,0.00129451482301402,,,,,
1989-05,0.00193004952700176,0.00171690591745294,,0.00350912150665833,0.00195264954108622,0.00236365873427115,0.00151582599244882,0.00287229122655947,0.0026192342105257,,,,0.00219841792643613,,,,,
1989-06,0.00413942267162421,0.00393676670809659,,0.0069335612078121,0.00358491517437827,0.00476370982382011,0.00288620745258551,0.00651244597276632,0.00387437347196265,0.00283717553773595,0.00188153428052062,,0.00487699243340516,,,,,
1989-07,0.0122789450100973,0.0113776880022902,,0.0194823022632583,0.0112766340424886,0.0138103444244563,0.00837206277595661,0.0227193432193001,0.00984942236940823,0.00913413964292848,0.00444690813931364,,0.0138589506220775,,,,,
1989-08,0.0169279178789416,0.0141863330524154,,0.027600530479711,0.016468866476977,0.0196980583963566,0.0132079911205097,0.028474644065564,0.0166326606375976,0.0146113413824376,0.00889683017013949,,0.0250634309863365,,,,,
1989-09,0.0185115893050277,0.015511891174375,,0.0306945946329818,0.0175951349957655,0.020896558434155,0.0147808100423775,0.0290334595790287,0.0166326606375976,0.0168464977780726,0.0104932707467675,,0.0289708326897737,,,,,
1989-10,0.0195473642407373,0.0162145112543004,,0.0339350678158821,0.0180689603197533,0.0218795415755127,0.0157076239821038,0.0299365453641815,0.0166326606375976,0.0186920103022341,0.0114202844224515,,0.0302858882909646,,,,,
1989-11,0.0208216572412898,0.0172692437418004,,0.0362125913243625,0.0200627371732578,0.0237863252185903,0.0167257082703735,0.0304828873170778,0.0166326606375976,0.0204961265119767,0.0124599748283512,,0.0312357262861245,,,,,
1989-12,0.029165509253926,0.0247808202131216,,0.0486425621296274,0.0257930857817773,0.0344319900266952,0.0261628210401031,0.0430188156883288,0.0223609341546634,0.0294084834501782,0.0147293208086371,,0.0382131428119946,,,,,
1990-01,0.0522660276239373,0.0457767310190564,,0.0760188380941196,0.0389751458127035,0.0635647910292505,0.0520233563015728,0.0763344486104923,0.0262784933181925,0.0529275604396161,0.0213924316773348,,0.0742597152566779,,,,,
1990-02,0.084446428314549,0.0722574485152408,,0.114981294965351,0.0758991144503463,0.107520057663784,0.0790054434184687,0.127204123320578,0.0482044858649366,0.0772983655040369,0.0482169710332444,,0.121154246189701,,,,,
1990-03,0.165114439493212,0.138689681153177,,0.240032603409733,0.14079626063376,0.211116095574025,0.147777963550218,0.240051178426917,0.270040129365091,0.143740500566025,0.110168744354119,,0.257127796621022,,,,,
1990-04,0.183892261204268,0.141168071334081,,0.273897054775788,0.190745241546223,0.218828096386941,0.179909528590081,0.280486719721528,0.328908396354689,0.172123491313502,0.139839365440271,,0.304117173102769,,,,,
1990-05,0.208915273901002,0.161232110054324,,0.298588612491668,0.234255575695854,0.241430523058878,0.204513204475434,0.316248417871156,0.335417097012206,0.200603071744918,0.168498963361421,,0.330916174554394,,,,,
1990-06,0.237950082914349,0.186793701493074,,0.335067737662736,0.27629611898171,0.273633056890419,0.234546045501162,0.335708419713931,0.398961757460001,0.23750115229356,0.197139884398769,,0.356602318305099,,,,,
1990-07,0.263709115186205,0.207810689982871,,0.366113814331112,0.297529826503694,0.298535114088083,0.268280675508242,0.361440127810502,0.424527686867347,0.27705382589185,0.230327476060256,,0.379321327844707,,,,,
1990-08,0.304156039918973,0.244126874690559,,0.406019846359073,0.350507597941816,0.349306015051708,0.313353615044166,0.407488771360897,0.451120818795523,0.315734754228478,0.260189813728849,,0.420522816576671,,,,,
1990-09,0.351839689803873,0.278620757378933,,0.477022663582965,0.405647252394655,0.403843905982167,0.371283989613533,0.484872246415193,0.573811368535844,0.364319233947368,0.295301771472105,,0.48105617044961,,,,,
1990-10,0.378897610453968,0.295192034953062,,0.518522241795216,0.435361235628097,0.436735283358136,0.412276360443159,0.501667895720555,0.796637198249772,0.391802638165435,0.327368214951204,,0.545628772013387,,,,,
1990-11,0.402315810175058,0.308959798667471,,0.543321168238368,0.466391077051016,0.458605293855513,0.446003621354187,0.51263090810413,0.811483822071871,0.424248502489388,0.36341085460937,,0.624811301276737,,,,,
1990-12,0.421129191933831,0.323792162820323,,0.550157695432655,0.486720301218571,0.487342039264122,0.476506220418857,0.520076376407413,0.867288989652505,0.44613636284539,0.382208391372712,,0.665672056862586,,,,,
1991-01,0.453550527725005,0.343149123862797,,0.57085993432782,0.552533779434229,0.532540586470187,0.517350663468481,0.573809980624005,0.861107266373991,0.50744842636685,0.393608879952447,,0.702709199289026,,,,,
1991-02,0.575965659274669,0.427909581406119,,0.741714158941882,0.725422443744946,0.713248065899591,0.646256896054718,0.783642711217894,0.948425650029124,0.647635671620056,0.445380676427622,,0.850067414910797,,,,,
1991-03,0.639565467907091,0.460872752010866,,0.855330036439851,0.788308394598287,0.797561128387197,0.721511742512318,0.816046526862507,1.1910983897101,0.673831539496254,0.683409508845964,,0.966930013955284,,,,,
1991-04,0.67480911148162,0.487518200710741,,0.906476517229981,0.829112447973696,0.818802148006927,0.754792217859023,0.818357877635833,1.24507125009141,0.716935043173941,0.762055292931012,,1.07030582005113,,,,,
1991-05,0.693734114783392,0.508671708762768,,0.927204022657908,0.865126690934176,0.833430532974144,0.77616477984503,0.830906279567653,1.21978602767925,0.72995612656254,0.758632008407091,,1.09568004004085,,,,,
1991-06,0.715404578729301,0.538813535116422,,0.936243124753252,0.874855435141739,0.8505414960165,0.795684696497725,0.839710118616836,1.21978602767925,0.751145766850725,0.759224326876198,,1.12524766347153,,,,,
1991-07,0.733940838541899,0.558494144778061,,0.933286589496117,0.894116437944861,0.865343299773426,0.806809848100034,0.843762778445512,1.21978602767925,0.816090788844514,0.762039724806978,,1.14390265028903,,,,,
1991-08,0.743488558947728,0.570213214534209,,0.925027416137744,0.90519432922658,0.883293303724815,0.826027358885122,0.847184276109426,1.21978602767925,0.813751545652708,0.768436277769461,,1.15372396206798,,,,,
1991-09,0.756621906765572,0.588018751422268,,0.929263069615918,0.914959339373548,0.891835570177793,0.847193040322713,0.848936811369288,1.21978602767925,0.81012219156126,0.773167041460302,,1.18788873018996,,,,,
1991-10,0.76684236162478,0.599000831668332,,0.940203302839514,0.919462540610637,0.907127258831317,0.86538979483989,0.850224082819947,1.21978602767925,0.816756312028624,0.776439266530706,,1.20131587954481,,,,,
1991-11,0.769824803390975,0.597955502460969,,0.944969728967708,0.932972414963243,0.91494292837661,0.877783249751554,0.853088012326454,1.21978602767925,0.818341467248958,0.775461636991756,,1.20935155388478,,,,,
1991-12,0.774822657978734,0.597584666341403,,0.944426673975374,0.95140769104154,0.915293475448856,0.888727722035853,0.853919998816367,1.22523359420113,0.85267834425658,0.777142021379679,,1.21621637859879,,,,,
1992-01,0.798397771830462,0.626416229086587,,0.939814654436277,0.986607032930749,0.927579547538493,0.908845900116159,0.852360803745316,1.37696343682764,0.913028552994352,0.777953266593015,,1.23355614770686,,,,,
1992-02,0.815595646411145,0.646539536748174,,0.933295011673705,1.03825351962308,0.936374523190379,0.928146108534717,0.851673510557997,1.37696343682764,0.937672477445477,0.786474868486144,,1.24848417457337,,,,,
1992-03,0.832719893704813,0.662602918325616,,0.957180658234757,1.05383623598992,0.967519888660868,0.946792650840535,0.869084106399382,1.39760311270416,0.900496635582468,0.848558114614486,,1.27304785341658,,,,,
1992-04,0.84343491786223,0.670248193915441,,0.979461178117336,1.07530729596607,0.980943152145589,0.953130346374543,0.891181018946318,1.54943475017507,0.896025143643738,0.860959584919221,,1.28188642228847,,,,,
1992-05,0.849111731950959,0.667046648086688,,0.986990253956128,1.09825145674958,0.992047055239603,0.974440134579368,0.896170443173682,1.54943475017507,0.910611558157825,0.872230663467922,,1.2908396903792,,,,,
1992-06,0.855769527677193,0.672083463492117,,0.989572704158769,1.11294917593838,1.00550092204015,0.988555501601797,0.903251683508368,1.54943475017507,0.908101106874168,0.879442840178626,,1.29613053594607,,,,,
1992-07,0.870564104574393,0.683100484101072,,0.986072236599135,1.1464653993413,1.02382813504349,1.00170415239403,0.909466011383549,1.54943475017507,0.951408258071635,0.896945303623887,,1.30650974472548,,,,,
1992-08,0.883593343837709,0.699278052225288,,0.974708438027722,1.17531684862783,1.03871664819527,1.02224455238515,0.912013112451618,1.54943475017507,0.924246158663536,0.950356618161397,,1.31826656758937,,,,,
1992-09,0.892727420564004,0.707240492655596,,0.977692345362014,1.19801526707566,1.04666864160199,1.03521334264782,0.912909961456487,1.54943475017507,0.923902455200949,0.985408249424021,,1.32193143702989,,,,,
1992-10,0.904028457822163,0.717308360107625,,0.983406266468755,1.2116214897449,1.06004576826967,1.05487381798446,0.929986265874639,1.57007442605159,0.931002313169302,0.995164111650723,,1.32837722726439,,,,,
1992-11,0.908195590541837,0.711712138685989,,0.986176636508809,1.23325818222042,1.06604378632924,1.07227989578823,0.943431516811327,1.57007442605159,0.943345772952262,1.01415381744511,,1.33362035795622,,,,,
1992-12,0.910772116273782,0.708934379836031,,0.985456364863079,1.23967184066844,1.07292860501801,1.08775527042644,0.944052700127634,1.57007442605159,0.954256233879225,1.0229841060476,,1.33810219169951,,,,,
1993-01,0.918353150954702,0.715571067631019,,0.974884777370951,1.27004943646474,1.07881672935255,1.10657676053112,0.944110078506249,1.57007442605159,0.965230801294715,1.02334022688488,,1.34819205258285,,,,,
1993-02,0.925061176375286,0.726454450357159,,0.961401572902153,1.27158613798671,1.08694932869134,1.11848849490458,0.945070542670016,1.57007442605159,0.966664572518044,1.0310194473166,,1.35168961409615,,,,,
1993-03,0.932016271788161,0.729938941083356,,0.968628854044075,1.28547030931095,1.09166502144893,1.12693593534526,0.950309438108748,1.57007442605159,0.962111982009491,1.07835992323666,,1.35704713814225,,,,,
1993-04,0.941758900580611,0.739892261778686,,0.976894870421737,1.30078238433894,1.10193289759684,1.14158515243722,0.953581253045841,1.61001502136606,0.970806263606157,1.08345702434617,,1.36450075217966,,,,,
1993-05,0.953875204416287,0.755715383335002,,0.977335806510827,1.34169279976052,1.10667594786404,1.15448734790594,0.957045160815688,1.61001502136606,0.973699036718983,1.08916590407984,,1.36878285634986,,,,,
1993-06,0.960736494801681,0.764661376970239,,0.976735199971648,1.34563902112226,1.11584790072457,1.16725717257521,0.958549472220239,1.61001502136606,0.98152234542132,1.09190224513076,,1.36514306780519,,,,,
1993-07,0.963827123601859,0.754408001405945,,0.969835681907491,1.35815753625066,1.11761199640758,1.18109933718476,0.958028077388479,1.61001502136606,1.05476156273398,1.1001968929657,,1.36461025170058,,,,,
1993-08,0.963981676507549,0.75560551930735,,0.954354140344123,1.34864070421142,1.12074976365347,1.19618333094377,0.975496051608479,1.62097801763943,1.02929712672086,1.10236353797775,,1.36692105862957,,,,,
1993-09,0.971925695860028,0.765541730031161,,0.952503191357327,1.35798865605522,1.12243526445719,1.20810680128502,0.995279118669975,1.63206748629525,1.02640074922715,1.10948887374658,,1.37025039462191,,,,,
1993-10,0.977419837000503,0.772015422834305,,0.95379055629392,1.37396948583151,1.12207776208589,1.21849067641042,0.997133937126498,1.64986616060514,1.02850905458679,1.11198804415792,,1.37449212466708,,,,,
1993-11,0.977978588685937,0.768784519896524,,0.953031156614818,1.39026913110496,1.12930223121172,1.221884281607,0.99722374676259,1.64986616060514,1.02840478499702,1.11325465699925,,1.37758900357589,,,,,
1993-12,0.977850223911488,0.765572527979896,,0.953027120988057,1.39653150104456,1.13114329887092,1.22753010090059,0.992623497624961,1.64986616060514,1.0361439056602,1.11330403714267,,1.37910823296256,,,,,
1994-01,0.978834854714823,0.758035135263126,,0.944171201255232,1.40248588114055,1.13021152064119,1.247515089393,0.991659291393023,1.64986616060514,1.07336840666511,1.11396373639861,,1.38240147693403,,,,,
1994-02,0.978800294967856,0.754955160284644,,0.932625448555531,1.41212314857558,1.12901265892784,1.25345976647091,0.991956162134551,1.64986616060514,1.08284586873607,1.1179861504459,,1.38522583049887,,,,,
1994-03,0.9801646536742,0.747713139707791,,0.937772276371408,1.41971734454365,1.1307426736455,1.2638108900583,0.994874975307559,1.64986616060514,1.07127941048876,1.17772785341875,,1.38852060379325,,,,,
1994-04,0.982550564155793,0.750364464873467,,0.943301962343432,1.41923830937389,1.12983964398518,1.27428292140684,0.996471591060315,1.66054536519107,1.06658547675851,1.18249218587704,,1.38876498959554,,,,,
1994-05,0.985956094501315,0.750706123988968,,0.948357023516016,1.4418265767968,1.1367717587075,1.2839159675234,0.997278630429091,1.66766175022278,1.06336959664528,1.18661652248637,,1.39178417890012,,,,,
1994-06,0.989771619360544,0.752838386650231,,0.948466336362615,1.45088061214662,1.14387682853293,1.29564183691867,0.999839452413786,1.66766175022278,1.06760242707852,1.18893130792868,,1.39286510433851,,,,,
1994-07,0.99890955990948,0.760028176787709,,0.942081623903469,1.46200748951067,1.14836879250434,1.30612751474138,1.00085230553194,1.66766175022278,1.12079974195784,1.19044238896773,,1.39325752859925,,,,,
1994-08,1.0009704799755,0.764576007217605,,0.932850039957854,1.46848826701072,1.1489861912169,1.31677804197206,1.02010150420111,1.66766175022278,1.09146677543623,1.19075131892904,,1.39474770085048,,,,,
1994-09,1.00782125217703,0.770207889421987,,0.938539922766065,1.4721811680793,1.15003180450779,1.32390068270032,1.06649816009136,1.66766175022278,1.08446886995566,1.19141661297955,,1.3963406436018,,,,,
1994-10,1.01105076393552,0.774079966029342,,0.938983315323619,1.47518934656059,1.15118174728447,1.32652080574095,1.06786650968572,1.69164831719569,1.0935578312588,1.19179462649125,,1.39701660433153,,,,,
1994-11,1.01333664434204,0.77806028571968,,0.938651341157061,1.48329180696302,1.1505757088937,1.32681174857025,1.06794758782941,1.69164831719569,1.09335650084102,1.19286225924727,,1.39707074236282,,,,,
1994-12,1.01554031118901,0.778183837724547,,0.936056082226006,1.48626074245018,1.15266276229605,1.32927357251051,1.0695953451805,1.69164831719569,1.11311108262699,1.19335119564272,,1.39804125068654,,,,,
1995-01,1.02819368637196,0.793484294677181,,0.926489716721304,1.49676758050693,1.15379879447463,1.33226870066133,1.07350331170658,1.69164831719569,1.17546970388284,1.19420233417389,,1.40021288923,,,,,
1995-02,1.02816556632939,0.790805053242183,,0.919318583429963,1.50092679660234,1.15721523736921,1.33419230766033,1.07503257023227,1.69164831719569,1.18238702570514,1.19640060193788,,1.40344954825351,,,,,
1995-03,1.02354615170376,0.776988481082702,,0.929648910626627,1.50429005652021,1.16067178915501,1.34228712320846,1.07833307435867,1.69164831719569,1.15231850802803,1.22741814306019,,1.40740590664219,,,,,
1995-04,1.02822717283485,0.780732503061106,,0.935675154152223,1.5131662805104,1.16773675008923,1.35584380357837,1.09144777594029,1.71141502516411,1.14039006695794,1.22899344261088,,1.4103406773217,,,,,
1995-05,1.02844333224601,0.77982621488546,,0.936916197112088,1.5237737971452,1.17052559316598,1.35689512794842,1.09378781590293,1.71141502516411,1.12908544123606,1.23175775763468,,1.41364370895985,,,,,
1995-06,1.02632531346761,0.774630006587455,,0.932247854260377,1.53014821259908,1.17176270902412,1.35704769552964,1.09620394458503,1.71141502516411,1.12523029842799,1.2330966163016,,1.41551498848223,,,,,
1995-07,1.03048922633508,0.776369100113695,,0.922151067029721,1.5321693621176,1.17041407653784,1.35743034266537,1.09724423953643,1.71141502516411,1.17313921418746,1.23347925160013,,1.4180591700885,,,,,
1995-08,1.0279919089673,0.778702179809108,,0.910356158243068,1.52543282855234,1.17032064368724,1.35942600304798,1.09725172367278,1.7499088998111,1.1379506734688,1.2335244964606,,1.41870821473487,,,,,
1995-09,1.02968233137329,0.784265442022448,,0.91084639916345,1.5324215998454,1.16910810321908,1.35985259183053,1.0941208599701,1.7499088998111,1.12561957156314,1.23270522393331,,1.41949306325635,,,,,
1995-10,1.03318295468718,0.790384868362656,,0.913396739814041,1.53468010181809,1.16813250660532,1.35957229325108,1.09204900155969,1.77603315851656,1.13417740159788,1.23266630362323,,1.4182286190678,,,,,
1995-11,1.03082301768001,0.786558538415995,,0.911767048450939,1.53566631885685,1.16667583514042,1.36185098150798,1.09266644280783,1.77603315851656,1.12689217546993,1.23229412815804,,1.41618850229528,,,,,
1995-12,1.03186775239111,0.786094768135333,,0.906789541496969,1.53229142136142,1.16519899330828,1.36261163597821,1.09335997277543,1.77603315851656,1.15007709803156,1.23232891318518,,1.41525622704451,,,,,
1996-01,1.03496117172987,0.786045419375372,,0.898676878936205,1.52789620601853,1.16418815651265,1.36276693285427,1.09500648277046,1.77603315851656,1.19832482559385,1.23279425414263,,1.41582574689915,,,,,
1996-02,1.0315979287766,0.780394626149836,,0.887664355354986,1.53002019924581,1.1629362026832,1.36392742901768,1.09623637584251,1.77603315851656,1.1939382940616,1.23257581390228,,1.41672101253531,,,,,
1996-03,1.02603252157405,0.773822956246623,,0.891809645886132,1.52786345841653,1.16159220706295,1.36431280544824,1.09584844810883,1.77603315851656,1.15278707754256,1.24381551295097,,1.41640474855588,,,,,
1996-04,1.02604819152144,0.774155790218919,,0.895093417834931,1.52215915091763,1.16135317661885,1.36488431978648,1.10055347515523,1.79788203375693,1.14401169737607,1.24137910153965,,1.42453707610427,,,,,
1996-05,1.02513310952566,0.771819108424239,,0.896990162412357,1.52600415241864,1.16104273843781,1.36258079494659,1.106583194334,1.79788203375693,1.12903446499217,1.24614416375375,,1.43480464431067,,,,,
1996-06,1.02515972697053,0.772282698599936,,0.895539793247047,1.52592810220243,1.16001636814096,1.36237527904559,1.1049790944449,1.79674069762268,1.13195066658072,1.2460069696607,,1.43323770004896,,,,,
1996-07,1.03071805049823,0.781291728972351,,0.888807139576334,1.5247094042536,1.15991806658102,1.36168176522827,1.10337499455581,1.79674069762268,1.15906230465649,1.24644263388172,,1.4328847323195,,,,,
1996-08,1.02991974180898,0.784303804379645,,0.876898882316322,1.52613974372941,1.15875282214642,1.35993392481659,1.10231099983932,1.79674069762268,1.14580745142217,1.2463017910096,,1.4297150576398,,,,,
1996-09,1.03178983196783,0.790057437539261,,0.87647163226581,1.52931382535141,1.15848689787931,1.36186763020647,1.1027999634136,1.79674069762268,1.1335556458959,1.24544530093579,,1.42804962498217,,,,,
1996-10,1.03699096655793,0.785259621420216,,0.877159794359489,1.53083347646905,1.1569481538856,1.36241731018603,1.19571925815585,1.8259280557371,1.1383281036382,1.24534045935049,,1.42644964734543,,,,,
1996-11,1.03538039648655,0.781757660512573,,0.876359336564649,1.52418977288301,1.15641236401525,1.36146669679536,1.1985445196246,1.8259280557371,1.14353025507268,1.24506315214114,,1.42514329970893,,,,,
1996-12,1.03242822133106,0.775345203396972,,0.8738686530053,1.51857937792869,1.15565400457523,1.36195496764116,1.19832997438282,1.8259280557371,1.1507627027663,1.24505098954424,,1.42346838524922,,,,,
1997-01,1.03725027198859,0.775296214846937,,0.866373265876856,1.51626918346029,1.15396270768896,1.3634585361652,1.20118143032876,1.8259280557371,1.21924156275818,1.24496852713724,,1.42130928715368,,,,,
1997-02,1.04123859558265,0.77661566380854,,0.860103656511401,1.52671323272643,1.15301539595801,1.36380488367963,1.20192360718258,2.8917848552122,1.21603340631827,1.24478389891628,,1.42174759110196,,,,,
1997-03,1.03610572185923,0.770638880599316,,0.866027079285621,1.52543526432439,1.15149311283872,1.36465287558456,1.2019722540688,2.8917848552122,1.18138269071821,1.24643071453675,,1.42112393321603,,,,,
1997-04,1.03268130171412,0.766897740300326,,0.870183423924849,1.5244279372612,1.15092370568963,1.36567608821782,1.19993033220375,2.93290071827572,1.15413949274029,1.2489510478667,,1.42227673683157,,,,,
1997-05,1.0318243917148,0.766766443782034,,0.869882155614078,1.52058077062947,1.15028335449019,1.36530026431918,1.19831750082225,2.93290071827572,1.1505773346067,1.24839862271543,,1.42147261884132,,,,,
1997-06,1.0341738105381,0.771633780416937,,0.868191929849569,1.51956830138084,1.14916865189538,1.37133500812661,1.19974821821945,2.93290071827572,1.14867628114772,1.24842027213791,,1.41998611696509,,,,,
1997-07,1.03647192638299,0.772310975079185,,0.8606916297842,1.52051987632823,1.14882459643558,1.37224304451788,1.19842976286737,2.93290071827572,1.17919096968675,1.24962096370404,,1.41984694857956,,,,,
1997-08,1.03817758942273,0.779934277863479,,0.849498029384858,1.51917803657022,1.14962306476681,1.37484597300106,1.19657120234268,2.93290071827572,1.16624763794288,1.24930400642878,,1.41735262290041,,,,,
1997-09,1.03768044424276,0.782282846585741,,0.85415444081832,1.51505806346894,1.14825866693601,1.37382903774591,1.19588765122353,2.93290071827572,1.14898677281504,1.24965720824281,,1.41677209192077,,,,,
1997-10,1.03605484819444,0.779786411688558,,0.854578883476303,1.51032292260446,1.14609093206465,1.37278426368346,1.19602735510189,2.9526705109364,1.15025268287163,1.24948839139781,,1.41399881774139,,,,,
1997-11,1.0340525294385,0.776026360368414,,0.853994770368232,1.50469899558321,1.14756939679991,1.3728806077911,1.19791585217195,2.89454873947245,1.15141200623644,1.25046869670808,,1.41028837447791,,,,,
1997-12,1.03581443256337,0.776704995870368,,0.851268265836445,1.50415202943739,1.14755293592548,1.37417647697828,1.1958015836556,2.89454873947245,1.17417264167721,1.24977032039399,,1.40948884445641,,,,,
1998-01,1.0423254030292,0.77597953307794,,0.843119458096869,1.50008834973459,1.14764497771628,1.3717149259675,1.23610116314002,2.89454873947245,1.2322523479157,1.25023541809951,,1.41352105726183,,,,,
1998-02,1.04595975753786,0.781693903355542,,0.83754134460372,1.5025525391248,1.14625623633879,1.37186067031164,1.25633078366987,2.89454873947245,1.23136103601497,1.24947063400634,,1.41229882238582,,,,,
1998-03,1.04464584318268,0.783068464435934,,0.848422096198108,1.52361953158206,1.14582338489443,1.37345075748192,1.25422150457775,2.89454873947245,1.18523294186652,1.24848011211467,,1.4098338597067,,,,,
1998-04,1.04476368977327,0.784623670794579,,0.850505005992615,1.52239893914385,1.14539377925628,1.37412980603662,1.25011520843863,2.91110736749593,1.17755638295719,1.2499347587041,,1.41203394365643,,,,,
1998-05,1.04400917107397,0.788076282942261,,0.850137237571312,1.50220178794966,1.14471007335942,1.37277361943361,1.24605506447361,2.91110736749593,1.16849780143576,1.25206467267351,,1.41068691603032,,,,,
1998-06,1.04600225958693,0.792008334502416,,0.84827909464116,1.50738889985001,1.14373818623849,1.37414536301717,1.24454077422061,2.91110736749593,1.16984172059284,1.25298903003803,,1.40943348296679,,,,,
1998-07,1.0492714828559,0.79492027155008,,0.840199068018546,1.50202018761129,1.14339459446529,1.37345648900107,1.24399443226771,2.91110736749593,1.20466467410786,1.25666067479068,,1.4082647743929,,,,,
1998-08,1.04948334913079,0.797994663274698,,0.829103024509589,1.50113735556397,1.14281544989752,1.37331483859919,1.24375868197297,2.91110736749593,1.20091997982821,1.25681854529846,,1.40622649280789,,,,,
1998-09,1.04915878802884,0.797829507023294,,0.831980426389811,1.49889996361571,1.1415268648264,1.37195128290013,1.24359153626135,2.91110736749593,1.19885492703914,1.25746705496525,,1.40767659679867,,,,,
1998-10,1.04532050954738,0.789761705189418,,0.830214576489051,1.49725338171016,1.14103164753386,1.37314343888361,1.24336077539083,2.93518339054424,1.19869221498794,1.25726466935281,,1.40651033514145,,,,,
1998-11,1.04283843281336,0.78514255319403,,0.829480092418644,1.4995568101451,1.14076618695335,1.37275833538254,1.241477267745,2.93518339054424,1.19471323595103,1.25754951737225,,1.40697371998559,,,,,
1998-12,1.04269718863011,0.779298147132878,,0.827113460516672,1.5002144685985,1.13924251277425,1.37208720178286,1.2383214569212,2.93518339054424,1.23340240287253,1.2581805128995,,1.40671587614162,,,,,
1999-01,1.0476126150015,0.772573027800879,,0.818166125064621,1.51497308208855,1.13524854821501,1.41095945638544,1.23790858206638,2.93518339054424,1.29443641415459,1.25854344479104,,1.40689419519385,,,,,
1999-02,1.04592970558398,0.766484939724297,,0.809211595669214,1.53329685393524,1.13037126067609,1.41949041324804,1.2352579504456,2.93518339054424,1.30039754522031,1.25820581110106,,1.40780169541335,,,,,
1999-03,1.03807670072041,0.765758936616978,,0.815937230858604,1.53135662617704,1.13253343130821,1.37658944654101,1.23723500979569,2.93518339054424,1.24036143253074,1.26080447155505,,1.40698075487101,,,,,
1999-04,1.03706008605187,0.768932205966482,,0.822745508665568,1.52728049697265,1.13109229334454,1.37639157266555,1.23673357266084,2.95507348620285,1.20665146034065,1.26224549603595,,1.40755333337148,,,,,
1999-05,1.03195404443013,0.76185408090629,,0.821234078712751,1.5193680267901,1.13035387242846,1.3784112508427,1.23750568606002,2.95507348620285,1.18770992389914,1.26187307731882,,1.40764601034031,,,,,
1999-06,1.0318913646406,0.761853900801327,,0.819270834024794,1.52054288084203,1.13007681968287,1.37828870550465,1.23482511789387,2.95507348620285,1.19120025187089,1.26155539028775,,1.40694619217306,,,,,
1999-07,1.03380932326885,0.759710831842262,,0.808764693870999,1.5258498868555,1.12898530141823,1.37939707213674,1.23268465490033,2.95507348620285,1.23429989371191,1.26213676241965,,1.40672811072497,,,,,
1999-08,1.02991780989766,0.755917280998933,,0.797280879268969,1.52962966379385,1.127073521552,1.38305541893222,1.23217323891703,2.95507348620285,1.21144451454513,1.26196113452039,,1.4071076886732,,,,,
1999-09,1.0278659054178,0.753776193194466,,0.796767652822256,1.52910624344452,1.12524821923732,1.3848788608108,1.23298651506609,2.95507348620285,1.1986000458197,1.26210562617158,,1.40539423527595,,,,,
1999-10,1.02770512746452,0.752736627345931,,0.797998869908269,1.52278054343163,1.12269794291807,1.38510239005771,1.24100826186763,2.95507348620285,1.2030707653911,1.2621671689119,,1.40225545291919,,,,,
1999-11,1.02445672590645,0.744828938824485,,0.797255437274175,1.51957966831708,1.12093176064534,1.38432617860692,1.24972852806101,2.99924627929083,1.20345797888003,1.26223454969874,,1.40167155742912,,,,,
1999-12,1.02381962448411,0.739514221460587,,0.794691059660939,1.51553899312808,1.12080540604589,1.38371699999997,1.25957141470554,2.99924627929083,1.22252154935995,1.26300663135005,,1.40077445660546,,,,,
2000-01,1.03247329926188,0.740243106247319,,0.783796797490006,1.51707677721541,1.11949641876421,1.40478278924664,1.27412556517676,2.99924627929083,1.30104839342512,1.26272762137713,,1.40162995984575,,,,,
2000-02,1.03251558665413,0.73900200294478,,0.776097172555075,1.51689896585579,1.11887809267844,1.40921325355066,1.27880689245808,2.99924627929083,1.30753602155525,1.26281689483839,,1.39973941085461,,,,,
2000-03,1.02706029839689,0.743778386573185,,0.783446575272009,1.5165806916413,1.11761477852721,1.40863518890482,1.27868340420845,2.99924627929083,1.21462949996509,1.25094547050662,,1.40085612244928,,,,,
2000-04,1.02590544474049,0.741028904202475,,0.786249230326146,1.51996506158359,1.11654737196595,1.40922116850567,1.27375260571576,2.99924627929083,1.21616908551286,1.25051418482049,,1.40182571317925,,,,,
2000-05,1.02191776511686,0.738500050411886,,0.78560124903804,1.52988460793504,1.1150698346039,1.41106125908275,1.27068660452805,2.99924627929083,1.17622404931009,1.25014955016538,,1.40126628685587,,,,,
2000-06,1.0200283558448,0.736600663468252,,0.782190968963401,1.52954928331621,1.11291879245026,1.40919715071114,1.27086497644417,2.99924627929083,1.17029947696474,1.24966693832033,,1.40174160041876,,,,,
2000-07,1.02445844316096,0.737024270342084,,0.769690878265862,1.53098611818415,1.10999107523576,1.40867913055164,1.27204871734212,2.99924627929083,1.21486713164747,1.24993889398705,,1.4375843416463,,,,,
2000-08,1.02225434700037,0.739251088109112,,0.760512108392199,1.53036066605008,1.10859097353649,1.40747660324779,1.26937688066836,2.99924627929083,1.18602436092569,1.24967131685521,,1.43930452406439,,,,,
2000-09,1.02068456172354,0.739492248655056,,0.764328232149316,1.52970354887935,1.10490396950876,1.40491106610384,1.26800728371795,2.99924627929083,1.17039293341187,1.24958496241721,,1.43915098004343,,,,,
2000-10,1.02251365243103,0.745428868457449,,0.764885850490395,1.51799181558205,1.10233700047179,1.40457809213409,1.26731375375035,2.99924627929083,1.17551733320163,1.24969272302576,,1.43330254334068,,,,,
2000-11,1.01748724848708,0.73583809905337,,0.760111528570713,1.51598176235843,1.09857070603486,1.40564033368348,1.27392474085161,2.99986321774178,1.1658382832571,1.25000165298706,,1.42507264499013,,,,,
2000-12,1.01634978203256,0.728584731863825,,0.757879300586068,1.51447483138373,1.09661812174752,1.4056335104464,1.28477673854612,2.99184301787943,1.18410399828341,1.25087444094072,,1.42353353440552,,,,,
2001-01,1.01716719517821,0.727934372841119,,0.727676669910633,1.51384910860831,1.09786729345735,1.41556377677038,1.27691839538802,2.99400230245776,1.22883616720778,1.24884182774652,,1.42092083913253,,,,,
2001-02,1.01485018953374,0.72752589478421,,0.698743156120352,1.51346479790715,1.09951129431006,1.41985422824942,1.27504736130276,2.98567363336994,1.22253828398547,1.25342858629005,,1.42159741159142,,,,,
2001-03,1.01678381810937,0.731967103075795,,0.727393825113333,1.51520285658523,1.10042359770244,1.42265175545426,1.29063931201327,2.97672802583117,1.17767198060117,1.23581325394554,,1.4245401347501,,,,,
2001-04,1.02358049679392,0.736467926110253,,0.767005958235911,1.51763971120021,1.09909838138964,1.42467197949037,1.30959912407726,2.97611108738022,1.17609841089081,1.23774491758545,,1.42395593339545,,,,,
2001-05,1.02424292772025,0.734290637208149,,0.772624778920731,1.53428956636613,1.10080034306779,1.4247142835603,1.31284224982504,2.97364333357643,1.16920966665977,1.23389934769711,,1.42500627237549,,,,,
2001-06,1.01685529882825,0.725464053163623,,0.765769477288907,1.53396479675951,1.09906360489438,1.42608984815663,1.29251034609853,2.97611108738022,1.15687804984257,1.23325983835202,,1.42396939143713,,,,,
2001-07,1.01352940616053,0.724968944619336,,0.741990336181925,1.53475128049021,1.09590775387096,1.42488459155794,1.26631586890488,2.97426027202737,1.17812330057863,1.23399664847232,,1.42076637751782,,,,,
2001-08,1.00990449655165,0.722709167644012,,0.717752186396446,1.51350864180404,1.09706952065603,1.42439713950059,1.28515094536317,2.96562313371408,1.16239841661768,1.23330265069312,,1.42176135500822,,,,,
2001-09,1.00913988898211,0.721633941012731,,0.727928808852147,1.51125934163688,1.09197151829385,1.42594164744715,1.28016152113581,3.02855085571093,1.15170112907426,1.22808197759908,,1.42379780140574,,,,,
2001-10,1.00468790667098,0.713879521815108,,0.733807664269968,1.50742678963745,1.08969736734698,1.42627462141689,1.27068161510382,3.02947626338735,1.15000398059083,1.22740792647879,,1.42588379786579,,,,,
2001-11,1.00139292458438,0.715645270875925,,0.735325937242074,1.49166734447634,1.08720296526345,1.42269733467798,1.26170065149457,3.02268994042691,1.13306442027297,1.22650546178869,,1.42361061228058,,,,,
2001-12,1.00063153686705,0.713213313555625,,0.73351692368118,1.49067463204545,1.08466752691552,1.42295716354618,1.2590812037752,3.02947626338735,1.14367854960035,1.22675090299417,,1.42420429543732,,,,,
2002-01,1.02357212517819,0.728225962776804,,0.723548750120761,1.49792619607854,1.123934131403,1.42852792723184,1.30910018165452,3.05878083980745,1.24555405810146,1.22760520380054,,1.4392818900852,,,,,
2002-02,1.05571719765044,0.757241052479656,,0.724505193662995,1.51245801212663,1.20732329833314,1.47166606965994,1.32930734977534,3.1155391772948,1.29534729269439,1.24249951996622,,1.53381392761123,,,,,
2002-03,1.09747589017026,0.796829384161735,,0.786094472812984,1.52484201850963,1.29102638109384,1.50604672375423,1.36934747919993,3.17260598400763,1.3533600604308,1.24876544663798,,1.61039538445577,,,,,
2002-04,1.21148871007071,0.902167374084247,,0.9563259826717,1.55515926128736,1.46419478003694,1.72412829816935,1.49370887806697,3.18741250683042,1.46728166729218,1.26736935485865,,1.7876010896022,,,,,
2002-05,1.26007842636522,0.946939666926823,,1.01004192947402,1.57858326916464,1.5261780867598,1.79450589475861,1.55133672789302,3.20067668352583,1.54187690418345,1.28132228602415,,1.86496647737447,,,,,
2002-06,1.3057187580428,0.991958703569207,,1.04952966001516,1.62993475679763,1.57388448296089,1.80262827618456,1.63278907840473,3.21394086022124,1.60687161514224,1.29166535842926,,1.92053901356623,,,,,
2002-07,1.34735359358125,1.03277228931705,,1.07511553367661,1.63531240020054,1.62110632666133,1.81759299975933,1.68205964264995,3.28211255905116,1.72085243683239,1.29987267881845,,2.01491047218588,,,,,
2002-08,1.37890814515968,1.08089633552782,,1.0765525677274,1.69004149174234,1.63810739597865,1.83274331538281,1.71760929026991,3.28211255905116,1.7141688848558,1.30421472591232,,2.0310325943867,,,,,
2002-09,1.39753391686349,1.11202387634597,,1.12262363374911,1.68991429031308,1.63970015946168,1.8389497318353,1.73956275687031,3.27810245911999,1.71651173242848,1.30808243172703,,2.00141878540389,,,,,
2002-10,1.40058848331901,1.10854064635451,,1.16313430794301,1.69031754590797,1.64786568054931,1.83979581323384,1.74717162881704,3.26761450545385,1.73241992490281,1.31023521137861,,1.98179757236685,,,,,
2002-11,1.40771938266211,1.11981701811071,,1.17071602239172,1.68871534918199,1.66670758568253,1.83102658893223,1.75627732803198,3.26483828242457,1.73408308922364,1.31148795885947,,1.99227343435467,,,,,
2002-12,1.41035536833138,1.1264827028048,,1.1642730565376,1.68547306594259,1.67280970138459,1.81974914267818,1.74642321518294,3.24262849819039,1.76177503262126,1.30959059374282,,2.00140960946639,,,,,
2003-01,1.42896182092198,1.14394387900291,,1.13838714279962,1.70744914265703,1.68222949473469,1.84605954487784,1.76438514240145,3.26668909777742,1.84643936495954,1.31161201734787,,1.99713973987953,,,,,
2003-02,1.4370500896531,1.15763906041708,,1.12959474032276,1.71843718101426,1.69332319672343,1.85938669155221,1.76812721057197,3.32468131216667,1.82646079664739,1.305613424556,,2.01882859750161,,,,,
2003-03,1.44543887792307,1.17150534154645,,1.19169777230556,1.72785008677938,1.6944986422633,1.87045671139888,1.76176569468208,3.32529825061762,1.78439509720767,1.31684679905431,,2.01870013437651,,,,,
2003-04,1.44623740126913,1.16853180860132,,1.24342573427327,1.72820733334666,1.69507593208466,1.87000637775127,1.76064307423092,3.32899988132332,1.7736643404132,1.31571567754246,,2.00357207207234,,,,,
2003-05,1.44069066920936,1.15722842110062,,1.25402715031102,1.72809095757096,1.6921662986477,1.8648780327582,1.75390735152398,3.33239304280354,1.77279671444398,1.31784169948086,,1.99844884029727,,,,,
2003-06,1.43945639253197,1.14817094249306,,1.25250589448435,1.76335552402283,1.68797689018508,1.86716791112392,1.75415682273535,3.34349793492063,1.77243627635587,1.31952257037266,,1.98764876185085,,,,,
2003-07,1.44584887243677,1.14855276501539,,1.22589883179047,1.76283318623885,1.68489105583878,1.86951783397598,1.75353314470693,3.34689109640085,1.83922545408188,1.32356298506337,,2.07807762598808,,,,,
2003-08,1.44620090961085,1.15420445876574,,1.20058843352093,1.76101177002841,1.6871978966912,1.86761005688703,1.75116316819893,3.36416537302744,1.80504562509836,1.32870776355274,,2.1432940725003,,,,,
2003-09,1.44677404330278,1.15843692540479,,1.23081703257726,1.75888452910506,1.68018463681326,1.86618536498368,1.7466726863943,3.36755853450766,1.7801625242302,1.32984861514211,,2.13360428249229,,,,,
2003-10,1.45530235850149,1.17554149377543,,1.25022488805451,1.76084667881171,1.6794218723505,1.86619082357335,1.74567480154883,3.35768751929247,1.77922023608558,1.33724590657765,,2.12771027196659,,,,,
2003-11,1.45889142042252,1.18232964984461,,1.25011434697368,1.76083585315816,1.67446506255909,1.87100802895534,1.74742110002841,3.36046374232174,1.78317218226588,1.33943517401994,,2.12841681915468,,,,,
2003-12,1.46198891824073,1.17908776050406,,1.25027928128476,1.76231626128165,1.6756590555631,1.87546496741925,1.74954160532504,3.3499757886556,1.83784806567376,1.33771051777929,,2.12454763217231,,,,,
2004-01,1.46813454281005,1.18361379823339,,1.21083541625189,1.76376960527127,1.68056485982813,1.88393123999428,1.75091369698756,3.35398588858677,1.90937957881613,1.33788565917468,,2.13290996988755,,,,,
2004-02,1.46961138168665,1.18777602393673,,1.18524252410912,1.77823538483268,1.68006871516238,1.89191169808887,1.75577838560924,3.35213507323392,1.90061063504407,1.33291845460007,,2.13049058103139,,,,,
2004-03,1.47833074144934,1.1923524910558,,1.26630773800519,1.78447637410651,1.69325364373291,1.93167479452527,1.76226463710482,3.34812497330275,1.82448868539389,1.35940129309359,,2.16677835522804,,,,,
2004-04,1.49101481255662,1.20347217149387,,1.29796108877,1.79180263514912,1.70507301525612,1.93199685131568,1.77324137040502,3.34966731943012,1.84838058151976,1.37096062518885,,2.19954256942178,,,,,
2004-05,1.50190864583964,1.21475934954787,,1.31319821172131,1.83074251098255,1.71317362021926,1.94188781579406,1.7819728628029,3.35028425788107,1.83036640078779,1.38292618802064,,2.21410784089215,,,,,
2004-06,1.51040905565261,1.22309100515308,,1.31790234882777,1.83429061893484,1.72242880482512,1.94827163641076,1.78771070066437,3.35059272710655,1.85342928931102,1.38416190786584,,2.24168459174828,,,,,
2004-07,1.51737037611307,1.21934842401438,,1.29466942102971,1.83711611451242,1.72513209772353,1.95057243195581,1.78933226353826,3.35059272710655,1.95376752936636,1.38973967480491,,2.29499984731317,,,,,
2004-08,1.52258224354385,1.23452586927704,,1.27546159227016,1.84163582487117,1.73611915179346,1.95816260088914,1.79669166427362,3.36509078070386,1.91851925890738,1.39850404213219,,2.28582085115975,,,,,
2004-09,1.53216452369665,1.24275486505312,,1.33396238871415,1.84841268399592,1.74563168246426,1.95946993311462,1.79981005441573,3.3536774193613,1.91413478702135,1.42021671012091,,2.29493255710478,,,,,
2004-10,1.53822857867686,1.2451898841578,,1.36088703768788,1.8526455145355,1.75081801712441,1.96749678922138,1.80529842106583,3.35090119633202,1.93251455495697,1.42952596178938,,2.28682102834807,,,,,
2004-11,1.53826292376701,1.24237484358043,,1.36701066264182,1.85239381809037,1.76219224950826,1.97322012048826,1.80479947864309,3.3499757886556,1.92588249413583,1.43395314706156,,2.29202072626904,,,,,
2004-12,1.55112301346132,1.2505444047186,,1.3720885338787,1.85545206521936,1.77201545020341,1.97838121701934,1.80928996044772,3.35460282703772,1.98698447374308,1.43486047679042,,2.37335623633625,,,,,
2005-01,1.57417071552238,1.25939476261829,,1.34542707795457,1.89705505182704,1.79115411476287,2.01992108439266,1.82962186417422,3.35953833464532,2.10163210589622,1.43393855194528,,2.45125382848396,,,,,
2005-02,1.58906145867201,1.28197091977593,,1.3243628608852,1.93540492954178,1.80894576973917,2.04354313118084,1.83573390885274,3.35768751929247,2.09919142512819,1.43596970562784,,2.45099996087958,,,,,
2005-03,1.61362463783609,1.31606478934067,,1.39970625788304,1.94264187894257,1.82995077287771,2.05711318509544,1.85444424970536,3.36385690380196,2.05225208782572,1.52155303498556,,2.46557746693329,,,,,
2005-04,1.62153688798017,1.32086278556468,,1.44847943921394,1.94696943395075,1.85302613670089,2.0600089669143,1.86754148830219,3.36200608844911,2.02818769632912,1.54617742867251,,2.47226366673048,,,,,
2005-05,1.63127801417493,1.32357696736257,,1.46299014934836,1.99142768668328,1.85951079385084,2.07350260057355,1.88126240492744,3.37095169598788,2.01941360344151,1.5825630535633,,2.48008156548694,,,,,
2005-06,1.64621812839166,1.33384114922467,,1.46524308185291,2.07390022187038,1.86753025365837,2.07447150023961,1.89211440262195,3.37280251134073,2.02875924815454,1.59559405988366,,2.49520351049944,,,,,
2005-07,1.66274884959611,1.34939141176149,,1.42347434488193,2.1117602387618,1.87414706149031,2.08577351014717,1.90845476696657,3.37218557288978,2.10793977243807,1.60286486031143,,2.50482906894489,,,,,
2005-08,1.67001283616355,1.36849154312621,,1.40496485501397,2.12666175087876,1.8847701215765,2.09223375101922,1.92554354494529,3.37249404211525,2.04764105485574,1.61146138380148,,2.51269896468056,,,,,
2005-09,1.68943498464529,1.40302666985119,,1.46808381216822,2.10059357712094,1.89536536046647,2.10725851908033,1.93377609492044,3.36725006528218,2.03825679177613,1.61996790407445,,2.52571656135799,,,,,
2005-10,1.702636378673,1.40578407684029,,1.52392284957062,2.11256404353818,1.90693665965681,2.12770366668175,1.94313126534674,3.36509078070386,2.07368785583693,1.64692265132775,,2.54245653001765,,,,,
2005-11,1.72317688915287,1.43601829704015,,1.54510813544281,2.12291336833572,1.91507899641427,2.14861552369978,1.95111434411053,3.36354843457649,2.09420193216569,1.66380190330777,,2.55078216398287,,,,,
2005-12,1.74236076857167,1.44683900323904,,1.55422338806051,2.13236416388828,1.93402986789932,2.20117628361275,1.97543778721892,3.36663312683123,2.17332324162046,1.66042070136913,,2.54248711647601,,,,,
2006-01,1.76459062817345,1.45955081155325,,1.51815365792347,2.14847002996312,1.94509574869184,2.24075105870561,1.99714178260796,3.37126016521336,2.32877761446272,1.66187534795856,,2.55036924679503,,,,,
2006-02,1.77158414715594,1.47371426587216,,1.48638099297617,2.15720362596774,1.9610674337494,2.26273279929856,2.00562380379447,3.36786700373313,2.30661582115976,1.66750176528523,,2.55926378888571,,,,,
2006-03,1.79293820695881,1.49613012961241,,1.57661760734051,2.17059766582732,1.97802908970543,2.27672043532276,2.02445888025277,3.36786700373313,2.23432738803237,1.82657393764172,,2.57180423681274,,,,,
2006-04,1.81037477991606,1.50347481001838,,1.66356079934424,2.19335589601103,1.99299457483339,2.2886720174008,2.03431299310181,3.37403638824263,2.2668955438505,1.83879248248906,,2.59634986964552,,,,,
2006-05,1.81884728434327,1.49867681379437,,1.69890060742373,2.24154358639288,2.00815017146879,2.30652979349959,2.04753496730433,3.37372791901715,2.25820383681161,1.86206196288117,,2.60517712152782,,,,,
2006-06,1.82765465339948,1.50679414449317,,1.7027063789209,2.25957100597354,2.02202367464551,2.31184645983621,2.05651593091358,3.36910088063503,2.26805666940575,1.86576912241678,,2.62231165550031,,,,,
2006-07,1.8389327223786,1.50703908724335,,1.65467715661019,2.3157426158514,2.03220623245837,2.31538908453072,2.06524742331147,3.36879241140956,2.33734831728632,1.9401044821599,,2.62574957341982,,,,,
2006-08,1.84927703421917,1.51853518705485,,1.64082091985909,2.32922326093941,2.04256730961357,2.34818702055078,2.0752262717662,3.36910088063503,2.31788466052861,1.99631514000028,,2.64373746958052,,,,,
2006-09,1.86590864412595,1.53065445003959,,1.73470889913151,2.33969437433944,2.0507583334644,2.35046598173716,2.08857298157439,3.37897189585022,2.33408635258897,2.00977913477034,,2.65551019740274,,,,,
2006-10,1.88187911104728,1.55004455039532,,1.76709217195386,2.34639545388931,2.07104925923356,2.35849010854909,2.09954971487459,3.37588720359548,2.35888964216619,2.00299970325739,,2.66692812230801,,,,,
2006-11,1.89519641975426,1.57115645420081,,1.77554593270691,2.35314524888017,2.08045282355254,2.37171081272494,2.11164906862595,3.37465332669358,2.36001214935486,2.00051610097009,,2.67564832158605,,,,,
2006-12,1.91379213950418,1.59910514241559,,1.78054835526957,2.36254191616497,2.09584953722175,2.37789539481876,2.11850952693857,3.38421587268329,2.40612247905468,1.9907884559682,,2.67932481388076,,,,,
2007-01,1.93513666383733,1.62405052057984,,1.74267905081068,2.37837741475511,2.10099644110514,2.40093741915965,2.15413161521598,3.4411204251687,2.47637569960099,1.99035863478303,,2.71751607599885,,,,,
2007-02,1.94791331572689,1.64875944966197,,1.74447576963537,2.38085767357043,2.11552887559942,2.41339256745202,2.15303555096129,3.43936951586146,2.49308348557619,1.98505750683263,,2.70841349539039,,,,,
2007-03,1.96820564519854,1.66602023265714,,1.8151006403598,2.39459449162453,2.11870784564505,2.43020701764672,2.19687812114886,3.50940588815119,2.41055104883124,2.05655109729885,,2.73611700159005,,,,,
2007-04,2.01284877003617,1.74357553159435,,1.84605948780064,2.43561415664718,2.14595616032182,2.46674211930435,2.2014450555434,3.51670134359803,2.43068091145196,2.06299841507637,,2.75095816562557,,,,,
2007-05,2.05478625094425,1.79074712347841,,1.88406700139989,2.48064039360227,2.18622311423305,2.48065036823083,2.23816320807549,3.57535680539068,2.42162247327264,2.27375406953691,,2.80201176990779,,,,,
2007-06,2.10935007019025,1.88520853178759,,1.89636761489201,2.51021271024651,2.21316866985786,2.50556066481558,2.27396797372867,3.63255317609396,2.43068091145196,2.3177391041524,,2.83624538828308,,,,,
2007-07,2.16316232167803,1.96701991420306,,1.91461122141965,2.53558766581866,2.22270557999473,2.53607577813189,2.32073338192875,3.70725863986967,2.49026530480929,2.3495458718548,,2.88136252695109,,,,,
2007-08,2.23501219936284,2.05734346357505,,1.94791962424663,2.56248893450793,2.34971300229369,2.58132948359417,2.38375707657338,3.80793592503616,2.57501202644252,2.39095197935929,,2.90491050722079,,,,,
2007-09,2.27980563775212,2.11811087768133,,2.02324360574332,2.57012050009354,2.39058547430884,2.59087843061833,2.41846577797187,3.86338138643219,2.59494059043704,2.40255715135881,,2.93934200778322,,,,,
2007-10,2.3124236784584,2.16055348792288,,2.05765768169319,2.61133095425583,2.40723722216687,2.59918186281324,2.45390518887349,3.91999412069972,2.6052068203736,2.40327352000076,,2.95279799650876,,,,,
2007-11,2.30310423825661,2.09009166144945,,2.10934790018817,2.64643615594963,2.41722827088169,2.61225976852023,2.50213201607982,3.99703413021843,2.6275509678826,2.45628479950477,,2.97654385896561,,,,,
2007-12,2.32565127100289,2.0975398075364,,2.14362376699767,2.68783739925156,2.44720141702614,2.67806446866493,2.52715881656189,4.03701322606715,2.63902498957641,2.458577179159,,3.0642056678688,,,,,
2008-01,2.37269941266679,2.16256330512095,,2.12496553304895,2.72485049234177,2.47005972544943,2.69612443368887,2.55602184193538,4.08312050449122,2.800869085047,2.45771753678866,,3.09685622874696,,,,,
2008-02,2.42576009639637,2.26920184115961,,2.17624112412285,2.77407409036895,2.50654219121111,2.71024026842023,2.53355252471425,4.04722686369273,2.7895963619794,2.46445140202296,,3.12911102525084,,,,,
2008-03,2.52436578627343,2.43944518029005,,2.28293858048147,2.78990958895909,2.56361227250635,2.74822847071196,2.55711790619006,4.08487141379846,2.78637558396008,2.72850488344429,,3.16275099706471,,,,,
2008-04,2.59982318919764,2.53260611864755,,2.36199420876791,2.83856081956734,2.61235647987258,2.77666772597955,2.6488219488324,4.23136415917114,2.80871973146908,2.83825255939043,,3.20945119322984,,,,,
2008-05,2.60628667191824,2.48212423961373,,2.42391190364959,2.88873836329272,2.6349120292439,2.81943040178336,2.70746138645828,4.32503780710866,2.84575867869121,2.8585974288217,,3.26545185219057,,,,,
2008-06,2.66941836360782,2.52811358608716,,2.47380540331988,3.04861966231124,2.65474274714756,2.86696755109925,2.76884098472088,4.42308872831428,3.03377159556873,2.867910221167,,3.30206005681154,,,,,
2008-07,2.70684643796665,2.55530523053161,,2.46993554738978,3.09269195356813,2.72801043772288,2.90952264109818,2.80976071689594,4.48845600911803,3.1334144155413,2.88753872195632,,3.36914211825213,,,,,
2008-08,2.728942530058,2.55802439497605,,2.49536602921618,3.17625759673055,2.74859805325644,2.91720331587848,2.83771035539052,4.53310419645273,3.18333647484068,2.92937465064598,,3.42415336627715,,,,,
2008-09,2.7584039861798,2.55636925140117,,2.6356483066825,3.19247467359997,2.81762711710426,2.98280043021831,2.84666154680381,4.54740328912855,3.24090788193594,3.02321894274091,,3.42118513347005,,,,,
2008-10,2.77448753620548,2.57008329816446,,2.65734714171917,3.06865252197346,2.84411853415113,3.00937141324204,2.87205370203745,4.58796602141302,3.30874551896777,3.12006959360149,,3.50548294519185,,,,,
2008-11,2.79222453529922,2.57942303690842,,2.69314330907264,3.13199451633402,2.86061890248317,3.01995828929055,2.87881276494137,4.59876329547435,3.31257019286571,3.21090752693079,,3.57414806412956,,,,,
2008-12,2.8047005600855,2.57422115710166,,2.67890776761547,3.19304704101889,2.89906930208262,3.06085269285051,2.89050411699138,4.61743966141828,3.3794013367665,3.19600705917831,,3.59749816221213,,,,,
2009-01,2.83716828724014,2.60105812792292,,2.63730681636684,3.22548119475773,2.92601485770742,3.13226220972678,2.92155927087425,4.66704875845684,3.54044023773226,3.22394543621421,,3.63113813402599,,,,,
2009-02,2.83686766013686,2.59219128734321,,2.59542944683748,3.24284300646499,2.93161590016876,3.14492494382402,2.93544275143364,4.68922694301525,3.52151816686878,3.26735737591614,,3.72335123323341,,,,,
2009-03,2.90315593641092,2.64397363632872,,2.78947507990419,3.4614873604927,2.97551596270356,3.17502488553059,2.96540184106182,4.73708513074657,3.4379792369928,3.50519176504225,,3.76035520222866,,,,,
2009-04,2.95606630658885,2.70119431420312,,2.84835217369794,3.51242806077664,3.03818708646014,3.26241850938207,2.9991971555814,4.79107150105323,3.47461558696251,3.53341668953492,,3.83673772646485,,,,,
2009-05,2.98161961036797,2.70746021487945,,2.90142448359653,3.59637528221834,3.15807967103794,3.28649846274732,3.0110711850072,4.81003968521503,3.45227143945351,3.53441960563365,,3.87393957764724,,,,,
2009-06,2.99740253329036,2.70332235594225,,2.95574067575837,3.63605942326351,3.19486489585158,3.3103708303077,3.02678143932442,4.83513605195219,3.48588831003011,3.56364744622505,,3.88264639388141,,,,,
2009-07,3.02746524361874,2.72791306048331,,2.91455435193082,3.66677647474558,3.2478477299453,3.34130111523376,3.07135471901511,4.90633969711341,3.61089475690478,3.56651292079283,,3.89155109230273,,,,,
2009-08,3.08368251193279,2.79009916908235,,2.97343144572456,3.72382242749801,3.29159641295412,3.41374856113439,3.12031225572457,4.98454697950361,3.62619345249653,3.59760331985329,,4.01601898801403,,,,,
2009-09,3.13118159425162,2.821428672464,,3.08952712362772,3.80319070958835,3.35820340438623,3.48349739157168,3.14862724897071,5.02977880327406,3.65316746840829,3.63800651125905,,4.0834968138289,,,,,
2009-10,3.18319008311971,2.88314188289879,,3.13181912057816,3.83409855021007,3.41814969667513,3.49719805469329,3.22827458481146,5.15701154626707,3.64612201649104,3.65691864340643,,4.13732076873108,,,,,
2009-11,3.21971627616868,2.89165404985531,,3.20341145528511,3.92262471100313,3.4404024869945,3.58251582049604,3.26572344684668,5.21683428093121,3.7288557518622,3.67382494335636,,4.20836047391448,,,,,
2009-12,3.322831372595,3.07100067864759,,3.22787447312899,3.96650621312039,3.47855012754198,3.61946609376341,3.30993137178581,5.28745428965669,3.86473232455206,3.69001487466434,,4.25248820164679,,,,,
2010-01,3.39648501289951,3.19915608115968,,3.18281829337134,4.06113762638194,3.48248599521751,3.64043226005557,3.34098652566867,5.33706338669525,4.02355694062955,3.7011902254787,,4.26574630818519,,,,,
2010-02,3.5443935477151,3.53396798144956,,3.15351795561482,4.09070994302617,3.52290432865472,3.66762600049392,3.34993771708197,5.35136247937107,4.04590108813855,3.70878373308332,,4.29740745812765,,,,,
2010-03,3.63758794973305,3.63883314937228,,3.32779968160993,4.11799278999473,3.64007208176485,3.72782588390705,3.38154090309218,5.40184703106325,4.02818680903231,4.20651666550747,,4.44977674222574,,,,,
2010-04,3.68734173532651,3.67205424541093,,3.3869531936844,4.17351242963004,3.68805939150116,3.79010162536891,3.44986224163447,5.51098704454807,4.08978418865172,4.27600442377624,,4.54179195924602,,,,,
2010-05,3.74566339336355,3.73896933565248,,3.48259391881414,4.22464391905362,3.75905638918675,3.84718772170895,3.50466545436894,5.59853250991024,4.06160238098271,4.33918813799589,,4.57345310918848,,,,,
2010-06,3.7863983658585,3.77597361700514,,3.50249603502611,4.27959119127,3.78630470386353,3.8590201125867,3.53937415576743,5.65397797130627,4.09682964056897,4.52143232050698,,4.72127110298235,,,,,
2010-07,3.84186406641434,3.79914562705345,,3.53566622871273,4.35705158196394,3.83247545928806,3.91133173541467,3.63491442330118,5.80659889925431,4.23733608166159,4.63590802948996,,4.83544912496235,,,,,
2010-08,3.88259903890929,3.83804150106312,,3.49503274144663,4.39940677096407,3.88333898001803,4.03235425965555,3.67144989845749,5.86496254282908,4.31644644176103,4.73720255546114,,4.9053015370229,,,,,
2010-09,3.94422759508245,3.89904536425153,,3.72376886874393,4.41371595643708,3.97098772556165,4.07490934965449,3.6970247310669,5.90581709333142,4.29792696814996,4.78390979091602,,4.9464610319481,,,,,
2010-10,4.07304630883953,4.12024348058005,,3.826043632611,4.46332113274354,4.03486988552608,4.15649057096953,3.72113814467007,5.94433709809077,4.31966721978034,4.86285361525848,,5.17659801559236,,,,,
2010-11,4.15030747438344,4.23894091980711,,3.87966877907103,4.49613686476166,4.05091611528018,4.24450695223563,3.75402007231074,5.99686437730807,4.37824512000663,4.96199903530382,,5.2806840460282,,,,,
2010-12,4.22095484365512,4.31980650589407,,3.96812262890201,4.51655130270317,4.0887609967757,4.3105192381852,3.78196971080532,6.04151256464277,4.56706323138899,5.07991331376815,,5.33866352686033,,,,,
2011-01,4.26740173111245,4.33884065700519,,3.95858619821711,4.57397883373488,4.13341795694041,4.35203639915977,3.87476981770235,6.1897562193227,4.75789432903342,5.0965330662613,,5.38932136676827,,,,,
2011-02,4.31339767791486,4.39015010782645,,3.97848831442908,4.62759058197378,4.16021213303924,4.41908661413371,3.89906590868129,6.22856804229993,4.84847871082666,5.11874049416163,,5.49162645751985,,,,,
2011-03,4.4280869178176,4.53071908715013,,4.20141965783122,4.69226810031182,4.2981188812089,4.5079333386193,3.91642025938054,6.25629077299794,4.79996574191072,5.66819524253428,,5.63192492820238,,,,,
2011-04,4.54307678482363,4.65497307980714,,4.39076618012566,4.75274825757777,4.36306069785521,4.63310757895764,4.05653380660498,6.4801153461072,4.82069950041006,5.82250104800947,,5.70217310463721,,,,,
2011-05,4.62214171298725,4.72425266086995,,4.51059350481857,4.84833361653753,4.43814494274232,4.68977850368794,4.14969926825357,6.62894263722288,4.92738777229988,5.85516745808222,,5.72116979460269,,,,,
2011-06,4.69173688739743,4.79187709835788,,4.60609602080796,4.907478249826,4.52624782686388,4.72818187758942,4.20669460949741,6.71998992119953,5.02803708540348,5.92809378583233,,5.7888455026047,,,,,
2011-07,4.77335714593896,4.88704785391344,,4.63525814942411,4.94296502979908,4.61435071098545,4.76907628114938,4.29949471639444,6.86823357587945,5.13955652432227,5.93411128242468,,5.95229618918265,,,,,
2011-08,4.88939920780648,4.98966675555597,,4.73698007672974,5.00554386760108,4.77208817705876,4.9517517894375,4.41184130250009,7.04770177987188,5.35514735299018,6.00316921950828,,6.09595865704657,,,,,
2011-09,4.983194864031,5.08826602280235,,4.90628627367185,5.1018923831194,4.87154452562898,5.03873024167924,4.49258470259553,7.17668543217214,5.36923825682469,6.0812534014804,,6.16145766099004,,,,,
2011-10,5.03805931038028,5.10174362048351,,5.05472289041946,5.19747774207915,5.02731405786453,5.05533710606907,4.55104146284562,7.27006726189177,5.40104343976542,6.17180239782239,,6.24140206459475,,,,,
2011-11,5.10810542544539,5.13756565642554,,5.19541979530687,5.24441187043065,5.19867568127623,5.12404800748199,4.61406515749026,7.37074454705826,5.46223822213241,6.17681697831601,,6.49053573820449,,,,,
2011-12,5.20340421718633,5.26832199884101,,5.25305300683737,5.31099728016509,5.25604852162344,5.23053952538177,4.70302903949587,7.51286001916283,5.5401407904746,6.17724679950118,,6.52476935657978,,,,,
2012-01,5.26352963784307,5.28983886531445,,5.27295512304934,5.36956954603464,5.38366146202632,5.31232833250168,4.77847479569365,7.63338094314474,5.79196537185981,6.23484283831365,,6.57839542929482,,,,,
2012-02,5.34094111693863,5.38690121352701,,5.38034362510976,5.46133912220159,5.46283295411494,5.403250915036,4.82670162289998,7.71042095266345,5.78552381582118,6.25662044502881,,6.6312299732613,,,,,
2012-03,5.52191863311543,5.63068021719853,,5.52007306601464,5.6046217660714,5.4978016246168,5.46781010035146,4.98837110046664,7.96868007548182,5.75271213974941,7.15494672202921,,6.81249005668189,,,,,
2012-04,5.6323990935722,5.76498329584589,,5.59760839375711,5.73493074844568,5.55805067595767,5.60253328771396,5.05504834262691,8.07519372500579,5.81853679051916,7.31398056054125,,7.05845761529738,,,,,
2012-05,5.73987328299613,5.86630172753672,,5.72766319483672,5.81620692193242,5.76271579508542,5.68577519546798,5.1253791323028,8.18754373888723,6.02164710436223,7.33604471471318,,7.14255754483205,,,,,
2012-06,5.81653319433348,5.96218183033866,,5.78806058917444,5.88832521671642,5.84491487769369,5.78209500892899,5.18566266631071,8.28384375078561,6.0488224189002,7.40195062977223,,7.19519420661139,,,,,
2012-07,5.96098451746131,6.07130308173963,5.32054666562806,5.88052250407589,5.89862783025699,6.011129597222,5.83959627687878,5.27809741845617,8.43150376902978,6.17986782456109,7.52846133193991,6.73959129215129,7.28325177988886,6.11574984912034,6.09291567845734,5.27294062531085,5.7137792085114,6.84875105708993
2012-08,6.09870583970587,6.19701056129744,5.42648137867098,5.83564117658703,6.22676410913129,6.05859019028474,5.91217821743177,5.41628515418842,8.6436119602314,6.29020309949138,7.6135942794098,6.98486217037462,7.40960065272798,6.24318361414316,6.23682994338645,5.38530528286504,5.79436991686212,7.06215951765119
2012-09,6.18998625096099,6.29852329583575,5.49840035816801,5.94944739986235,6.24919631897484,6.18515177178537,6.0947163813598,5.5000644782909,8.65498941110045,6.34974045081515,7.66390011200565,7.06880196122289,7.60739286727719,6.33795578392903,6.3414948633349,5.40411310108226,5.89944387838268,7.14826091384305
2012-10,6.28126666221611,6.42265285724011,5.66216181823895,6.14981046900903,6.28467051128558,6.23588550919727,6.12992403909073,5.53425029444766,8.9085440304679,6.50049557893773,7.6832485091579,7.18369827068188,7.71323485499583,6.53231904738821,6.42326433204463,5.48223788444611,6.00451783990325,7.23374730006212
2012-11,6.41151473441639,6.62357443544548,5.72873546817876,6.36032526699249,6.49386391005917,6.63302702356133,6.15809016527547,5.67821591460077,8.8890398289781,6.52944493325113,7.6709945242948,7.15214643440558,7.77277097308756,6.8776752593198,6.51321074762533,5.70021567506624,6.14325627453234,7.3690494940779
2012-12,6.53802618159453,6.67722365266262,5.8016263257771,6.46665126901966,6.51681779920141,6.91451743758861,6.3899190500268,5.86118225459469,8.8955412294747,6.74301469809145,7.68195861601441,7.29561799181291,7.8706748117273,6.98583332879295,6.6402259890211,5.8366929200784,6.21823623736497,7.56400765545519
2013-01,6.68802498605469,6.79767140504228,5.96538778584804,6.37101129734698,6.67332158880759,6.98107137268808,6.44083473966845,6.29837550910648,9.07595509325539,6.897047111608,7.75096789919077,7.47659456215246,8.03869896723064,7.19144074798943,6.74543603876095,6.19404146620565,6.32024979223931,7.78110617585325
2013-02,6.76115607577371,6.86972966738295,6.0577162054726,6.23583301336268,6.74740004922119,7.0154393883542,6.60062334013958,6.35615435331508,9.15234654909045,7.0308695985284,7.96960478701117,7.568868800319,8.13329524375418,6.99868379249273,6.85119121829219,6.2567341935964,6.36462568860964,7.89303799090267
2013-03,6.8657815763936,6.94546973874832,6.06354747408046,6.71723868083246,6.80947988576497,7.02034910487793,6.64720577959896,6.40093295757675,9.16128597477328,7.31817828473303,8.21726427055996,7.61232698990712,8.18753926245998,7.35796134009908,6.94440841262128,6.26927273907455,6.5003037165925,7.97544932725774
2013-04,7.00350289863817,6.99596311965857,6.09464757332242,6.96194877595028,6.85799606054289,7.42458243199849,6.72087103269751,6.61182573893816,9.1604732997112,7.50826083758324,8.59713780131577,7.69864805141776,8.27618192717434,7.51805670035884,7.08450676901061,6.38260190012705,6.63088106683165,8.13535192018549
2013-05,7.10812839925806,7.05119025502916,6.25257776478549,7.22215361508211,6.95137665500791,7.49168189115616,6.80753603634287,6.68356780383052,9.17103807551818,7.51645405106816,8.66550213792038,8.03738380313881,8.39260811366484,7.58123814688275,7.2060707124924,6.42262879530729,6.73952550277281,8.24605371528931
2013-06,7.24211309648049,7.24264432431385,6.29436852314187,7.3984731159312,7.02023832243463,7.50750208884374,7.04207320245812,6.73845770582869,9.23930278073249,7.67649482114032,8.80158586455786,8.25646070407616,8.57121646794005,7.6835064204935,7.36143270304088,6.46506694923334,6.87622366630442,8.39119606886988
2013-07,7.4198696868194,7.47670218374157,6.34976557491661,7.37923826129312,7.28942484055726,7.60187775091102,7.08161411037131,6.81790361661553,9.288063284457,7.95342543693071,9.33237689310121,8.61841384475525,8.73394852405745,7.98924036935077,7.55004761086464,6.51039861365434,7.00527081322045,8.64027510785349
2013-08,7.57413891987629,7.74179243352037,6.44112211643986,7.36481212031456,7.38124039712622,7.89918836262588,7.11194686164719,7.02783341724013,9.55462070481765,7.96271107888029,9.65162544611331,8.83272820436787,8.8814657944403,8.16165075732282,7.7103157695357,6.62276327120852,7.16237168772692,8.80694281048202
2013-09,7.73588140297746,7.90379203060742,6.61314454037194,7.72706854933177,7.46157900912406,7.99247297657678,7.42881578122553,7.08320480960671,9.62451076015612,8.13258370513435,9.58971057522612,9.10836028353632,9.09447279472407,8.44114834279304,7.88257678361752,6.65796764889717,7.33834506988515,8.97053546324656
2013-10,7.90616474327209,8.12049279034724,6.87895320108055,8.08985927986671,7.51426861829148,8.0557537673271,7.63139522724655,7.18142884476134,9.61800935965951,8.31119575910567,9.68322782812865,9.46614620055628,9.25058972660906,8.87217431272316,8.0384839039574,6.75007773298665,7.52707014640266,9.1384331858207
2013-11,8.09406360152824,8.37190774946286,6.94115339956446,8.32228044007687,7.67181576649503,8.20359078709724,7.65035319679398,7.49921248790867,9.71146699179816,8.40732946399543,9.75804163045068,9.80011941095261,9.43581320511668,8.91500919172243,8.23909166719193,6.96178625086771,7.72344623953576,9.33708140703478
2013-12,8.27715822761306,8.70695237071107,7.02473491627722,8.42005761782045,7.7594578886745,8.43161984342166,7.7971420467183,7.78040286305722,9.71959374241891,8.56627780560293,9.75481689759198,9.91501572041159,9.70637178622245,9.03762403285783,8.44187994959205,7.08042018116096,7.96674856791104,9.47422863096896
2014-01,8.67430808710901,9.03463337390988,7.07916008995065,8.31480021882872,7.92170015056624,8.61109725856695,8.16276003084716,8.84642253870601,10.1373087243255,9.26925552260931,9.80254294390086,10.3257849096691,10.206475178193,9.69567486148407,8.72589257091049,7.92870100793266,8.24728584381546,10.0388077859985
2014-02,9.05384242864344,9.63161240863001,7.48589107534938,8.58355388224415,8.08029065736717,9.18553409184355,8.5056284515191,9.16228022037972,10.412805570369,9.70404205154254,9.97151894569716,10.7103601216406,10.7462693155581,10.0924329282148,9.13637530383331,8.1370337635696,8.77826639693636,10.2934219147373
2014-03,9.38426684131547,9.93509866680932,7.66228695073736,8.9597021507222,8.21279719923374,9.63559143985227,8.7450405240894,9.54843549584057,10.7110573181506,9.90887238866561,11.1891780731453,11.2640055506399,11.0532110799421,10.3515839461603,9.50597330240127,8.30967988976873,9.1159312635704,10.6513577189063
2014-04,9.6773250037661,10.0976242366142,7.74732628460209,9.96686051163289,8.71778276036302,9.83307114891792,8.78837302591208,9.84695952425171,10.8687162801932,10.2245842149513,11.2865650054783,11.5283265941621,11.2867249653464,10.8993349613635,9.74910118936485,8.71428910731362,9.44951558800947,10.9299572365843
2014-05,9.91860421948138,10.2264875524789,8.78626397490374,10.2121049082684,9.28484815803608,10.0851032638028,8.89507931165043,9.96781360672137,10.8800937310622,10.3889946988821,11.9805275166723,11.7712162017231,11.4236580369574,10.9100436811133,9.9747849230037,9.18737807323917,9.66578432434306,11.2233169936094
2014-06,10.150274970854,10.4084741128429,8.86401422300864,10.4878044914143,9.79452883285355,10.2143924655944,9.18594873013516,10.223003501976,11.1336483504297,10.6992443828445,12.0656604641422,11.7950289083467,11.5089931395555,11.3544555507307,10.1323274327178,9.68891989236513,9.82747580881887,11.5560373888937
2014-07,10.3760738829061,10.5762594098259,8.96751924079828,10.5273428037259,10.0459782548208,10.4877000187488,9.26123895205207,10.6130107003841,11.6862673926408,11.0389896353526,12.328153718841,11.9492161837347,11.8119658294001,11.5557794820272,10.3394767534491,10.0337298930142,9.979986073356,11.8838377043955
2014-08,10.6120150628755,10.8145250509962,9.34557982220833,10.5455090553285,10.7925013312423,10.6917260165128,9.33436254887784,10.7569763205372,11.937383986822,11.1629802660911,12.9131202594107,11.9873165143325,12.0620175253854,11.2296989656453,10.594052366032,10.5212864114146,10.1676910143248,12.1962627705774
2014-09,10.8506252607178,11.0543686103198,9.81888445754687,11.0247775167274,10.9244861938102,11.1696050914893,9.45948514789083,11.0651301563165,12.1828118555687,11.3055421807288,13.0008329931675,12.148052284042,12.3418372804166,11.3485657548683,10.8409961615354,10.7937586496897,10.4380269347418,12.4256614904315
2014-10,11.0598762619576,11.3105173238958,10.0181194683157,11.3923769609219,11.0825550213124,11.4036349124538,9.85489422702277,11.1744284699444,12.3014624146317,11.5720947261049,13.1356268266615,12.1796041203183,12.5925504888251,11.7153394062995,11.0628639866344,10.8434305798532,10.6900004152814,12.610779492244
2014-11,11.2616540131532,11.4935558296954,10.1187088518014,11.8721797238385,11.3282659709941,11.5471077397584,9.94643413712318,11.2822823124672,12.8045082780562,11.9347809763709,13.3452344624776,12.2135372272569,12.9133840140972,12.1056722411803,11.2781902542367,10.8583803840771,10.920040981523,12.8026626037573
2014-12,11.4255317105527,11.6318866544808,10.4301957832716,12.0239213548722,11.4242549619526,11.6376647334184,10.1609300211454,11.3872472127795,12.9491644391056,12.2483079457272,13.4581001125323,12.4588081054803,13.1726968840079,12.3471538715387,11.4542671768583,10.9138393352305,11.0623498905727,13.0074609246994
2015-01,11.6491954083065,11.887509395339,10.8262361095559,11.9272127801641,11.5254607458979,11.7205843902636,10.3304684345267,11.4185440867258,13.3652540708881,12.7906986784291,13.6103075034634,12.9570889915796,13.7958415867014,12.8509991357676,11.6843119488284,10.9345761604443,11.1964977152324,13.351251499494
2015-02,11.8184111414519,12.0168986839215,11.1678512621668,11.8492047585763,11.7059617832437,11.9295201045513,10.4994651916351,11.5451760536163,13.5456679346688,13.0648982230579,13.8489377350078,13.2374836120728,14.0439087454169,12.8092351287433,11.8952771780994,11.0127009438082,11.3301354721178,13.5757301395657
2015-03,12.0148508569015,12.1873138444936,11.3578534309731,12.0917776476232,11.8395116837077,12.0217136703858,10.8163341112135,11.6766229241909,13.7455859999392,13.193258567655,14.9679200369795,13.4446541596983,14.2245016369619,12.8017390249184,12.14113071402,11.0749114194498,11.5137598708916,13.8063588793653
2015-04,12.2993681621587,12.4124301677184,11.891414508593,13.0748924402363,11.9871469252362,12.6086975570008,10.9035407711316,11.8249219576597,14.1381080549215,13.4925839669708,15.6373745784473,13.564313010482,14.4289089757435,13.3928603551083,12.4229628161729,11.1920985944955,11.8555052797206,14.0591279781857
2015-05,12.5716079852003,12.6517477543243,11.9939476482813,13.2330456894828,12.3914483817188,12.881459586097,11.0557461837838,12.1730394940165,14.4737428555586,13.8874968569441,16.1152799881078,13.7250487801915,14.6935139450401,13.5824046946801,12.7053400481171,11.4636063292724,12.0758545582492,14.4152187524363
2015-06,12.7413575219203,12.7001372443633,12.7821407884447,13.5349260469971,12.5917732324147,12.9649247670005,11.2751169742611,12.3309683348534,14.5558230368282,14.1316546187948,16.3552001127957,13.770888240442,15.0341928430094,13.6230978297294,12.8879585282355,11.649755504448,12.2747809902541,14.5714312855273
2015-07,13.0013198627463,12.991000157315,12.8909911357915,13.6807903613359,13.004943236975,13.0205682209361,11.3969896356374,12.5486019813724,14.8329452329958,14.7051795627394,16.6099540086336,13.9768681527363,15.3537033434351,14.2179672118317,13.1507110876894,11.6926759101232,12.5191034541781,14.8758612220628
2015-08,13.239396257014,13.3339343693305,13.0280259480764,13.6487322702724,13.140058175335,13.3571565648408,11.7696491513124,12.6737894771578,15.1084420790393,14.8881613305694,17.7811769829164,14.1239116161372,15.6566760332797,14.3122039456301,13.4439909154616,11.728362539561,12.7430232071273,15.1532307197952
2015-09,13.458789526171,13.5722000105007,13.5217400235425,14.113040289175,13.3930726351984,13.4973562477962,11.9321460331474,12.8355702409419,15.2010870361159,15.0853446684398,17.8979123124017,14.3173898574541,15.980817120668,14.6773712890988,13.6729454278489,11.8093808334198,13.0235604830317,15.3291235720157
2015-10,13.6877912596707,13.6584595362224,13.7132000095008,14.5858971323612,13.7034718179173,13.8181243940134,12.4050119592874,12.9540168715695,15.3530572727239,15.3038303613711,17.9862699927303,14.4620520501927,16.2798207359732,14.8224744417088,13.948235972505,11.8484432251017,13.2168761695186,15.6212533090952
2015-11,13.955226850541,13.918290058823,13.9104912640669,14.9908976827964,13.8902330068473,14.3401909177035,12.7300057229575,13.131686817511,15.7699595795685,15.7238691060315,18.0004588173086,14.5817109009764,16.547733267386,15.1389171103159,14.2513281365223,11.9010086657601,13.5208765630441,15.8770974577796
2015-12,14.5018417109225,14.6020545919827,14.0956340423667,15.5369538339108,14.0154360385323,15.0411893324807,13.5847393214099,13.5284348810767,16.0202634986876,16.6540719436864,18.0004588173086,15.3002593233442,17.1239105880293,15.6459749904697,14.8864043435012,12.0071040505752,14.1921257541172,16.3451200470797
2016-01,15.1018369287631,15.2863450978601,14.257451746235,15.905087579623,14.3007946149142,15.6919995339042,13.8144015810701,14.1023714002155,16.3526475990764,17.5034350749567,18.0333510924674,16.826058500253,18.0890572135387,16.8105482632623,15.4980399694499,12.2101320369714,14.8751065040009,16.9189243517011
2016-02,15.7012983430292,15.8601813329964,14.7949003362601,15.9911101239767,16.0124243939072,16.4006352854962,14.2829342570278,14.3744134583644,16.8906384901701,17.9201965342231,18.1036502687872,17.3302925630082,18.7499081243569,17.0488172776957,15.9597649027642,13.7769679699909,15.3035634344731,17.7645630642998
2016-03,16.2222906318303,16.4240240864942,15.2171813712798,16.4538152383261,16.7213865608232,16.7759558375325,14.622552740063,14.987350697344,17.3018520715801,18.2064127919631,19.9185299216681,17.7607072352302,19.2989634356474,17.3679371262403,16.5212485879043,14.2158170617261,15.7881278201262,18.3795730370988
2016-04,17.2840259416925,16.7148869994459,15.4970822644574,17.8157498070058,20.3355807421286,17.2434699554034,14.9632545356438,17.0134621675925,17.4253786810156,18.5259481178751,21.1832701488535,17.9702590535181,19.9267387253035,17.8958770099062,16.9840637808014,18.8266260354409,16.4002091493722,20.0370249137922
2016-05,18.0088098145219,17.4068953746515,20.0831515954093,18.2183063033506,21.3959941562157,17.7436371290752,15.2185796921545,18.0496996799703,17.8618112216063,18.9430142590442,21.9237662820959,18.3661986403088,20.4209814238657,18.6626297798986,17.4354619179627,20.472025046488,17.1804155912,20.7073734384271
2016-06,18.5627448455908,17.9554114740626,20.5350567821345,18.28148357701,22.9077830645703,18.5778082172191,16.2795253716128,18.1885850087215,18.2950667004236,19.0430951954716,22.3834157983312,18.9087381785583,20.7027937455571,19.1709303642189,17.9607006106124,21.1716731705855,17.5508943128973,21.634491284769
2016-07,18.9426783948099,18.4016320286999,20.9990163455063,18.1552295984172,23.1007353177918,19.0237732671772,16.6248411285384,18.3497378404588,19.1182303494796,19.8663563313156,22.9236850943998,19.5266128960207,21.1083740584572,19.8317689226521,18.2968422341693,21.5732458237849,17.8098202586423,22.2615160996371
2016-08,18.9809344697392,18.4199287928058,21.6041947577124,18.3012553885373,21.806076549928,19.1658062744327,17.1387951960111,18.371291280058,19.7289443129657,19.98129173509,23.3156311537902,19.7129156405694,21.3214954905553,18.9753535388124,18.5990275462448,21.1922919249634,17.9513401752902,22.1126266323163
2016-09,19.1990527036074,18.8354742228428,22.4846269461516,19.1805679872535,20.6398171950791,19.2377120000751,17.3276047629024,18.5144234068471,19.9119300146923,20.2647921489126,23.3608144533952,20.0905057456853,21.8664386076268,19.7546534982148,18.8870693683009,20.9051085351823,18.355214642276,22.0037447978584
2016-10,19.6520224148944,19.0530432497213,22.947977702622,19.8563898258258,22.8504576940732,19.3232591998065,17.9171413905441,18.5427228663382,19.7415655172708,20.3691468566717,23.595691352608,20.5025310584045,22.3256678413393,20.1401708718802,19.2270104385437,21.7892945109622,18.6030402438695,22.8631812760239
2016-11,19.970075297746,19.2928353019251,23.8305772436299,20.1064439060975,23.1911140025304,19.823992242033,18.200419980551,18.6419776771167,20.5684937669212,20.5714248687296,23.7160371664294,21.1025351656,22.7253511496331,20.2260892450781,19.5574827306582,22.1996749581513,18.8323210725547,23.3650778652715
2016-12,20.2092313414406,19.3411882726066,24.3522760535245,20.1137451956035,23.5422466107294,20.2095912429485,18.3541913960673,18.7911417604109,21.7606970777181,20.7464627751636,23.8308542220714,21.7668821765092,23.0351742432042,19.9161736666514,19.8923910259715,22.4116895412112,18.942566811397,23.8566683737816
2017-01,20.5297295412845,19.593087908669,24.5775346070196,19.9139352508304,23.8902951846225,20.3868899869229,18.7855332480663,19.1811519076482,22.4247465097418,21.408399416468,24.0203571748453,22.4416990577453,23.480789688939,20.2541312176008,20.191552694611,22.819201292139,19.1680401841531,24.4376975320251
2017-02,20.9541233994548,19.9524665279623,25.6282135573489,19.8828997419936,25.1905334649331,20.4779341954724,19.2875387369401,19.5419794117316,23.3386522656118,21.5340192485716,24.7795128669436,22.83097797859,23.9093821409081,20.3811167408993,20.5310362398603,23.7410613180376,19.4540540004383,25.1789480750668
2017-03,21.451614047387,20.504425358886,26.1275813301025,20.5673101497644,26.095709304869,20.6498976073586,19.6650844539572,19.7716071640438,24.0876336983297,21.889883324554,27.4867217374251,23.0634700471173,24.3397252661196,20.8695210677266,20.9279292256105,24.6541359616361,19.8862286622404,25.9138050309844
2017-04,22.0213324881336,20.9564676111934,26.747030176076,21.4976915475322,27.6411400836303,20.8794785638785,20.0156128012393,19.8936932120612,25.7360717840581,22.4659503564319,28.2820526662325,23.5037705397838,24.7729938584601,21.5466510562191,21.3697989074704,25.6535180216578,20.36172497434,26.7410350068453
2017-05,22.3372836109257,21.2294878248495,27.2059244660286,21.8688706013719,28.1378579448701,21.4540372429155,20.3227885484439,20.0797443066311,25.8202203996577,22.6304075668507,28.7614579606179,23.8465118665351,25.0930445693951,21.7193043657353,21.7238635753416,25.9204412440936,20.6492541959702,27.1329284982214
2017-06,22.6035604430805,21.4200372117112,27.3858877860642,22.0629883562547,28.6358235451803,21.7233704654103,20.6219985765826,20.2178591985701,26.1356634644963,23.1570980173238,29.044020399129,24.1498116027825,25.4245898322776,21.9231065708661,22.0139742060644,26.1516402334008,20.8598387112125,27.535128070335
2017-07,22.9951143003209,21.6643551019708,28.1984745334182,21.7937256493211,29.2130794320753,22.2504366050264,21.3064263737419,20.6525546809137,26.3800796140732,23.9847781497389,29.2849741661684,24.7657055339669,25.761341044539,22.0250972962131,22.4024726028016,26.7509960468014,21.1059026540926,28.287686674186
2017-08,23.3177950971497,22.1160105305127,28.571453993454,21.6578573005248,29.843281831598,22.4632233912234,21.841946616105,20.8768457489659,26.7769729680737,24.1488204309021,29.8644690482865,24.9432797587628,26.1684416789391,22.2612831997259,22.7232771928775,27.1483777140566,21.3788082141444,28.7449474369062
2017-09,23.7603772635272,22.5140715263512,28.769364940941,22.4807709577125,30.4320263348391,22.6929256052908,22.3733371654039,21.0450076765798,27.0584258240769,24.7994917429196,30.9751298401604,25.2961862194906,26.6042671756205,23.1453820649622,23.0946283485503,27.6147649734092,21.7821144041258,29.3021676401126
2017-10,24.1202834644869,22.8544377575725,29.6355023433367,22.957426491358,30.7023619526701,22.8565020368112,22.6145846571138,21.3151303393857,28.4921946331336,25.109858826036,31.2244482370317,25.6487879438679,26.9696511094663,23.7050663773424,23.3983254823438,28.0775439507457,22.1271153734618,29.7191106332812
2017-11,24.4519573692627,23.1260267232965,29.9646720587522,23.2644426980237,31.0826869466664,23.0634886703215,22.9101605553561,21.9573739824731,28.6987254090982,25.2842328456613,31.3335697185145,26.1179948560647,27.3005513874699,24.1107986672795,23.6989591879193,28.4958357243428,22.4662630896531,30.0515771637382
2017-12,25.2202315079389,23.2790542049093,30.1281001833474,23.4589627278103,36.6300642267856,23.733335572069,23.4555186443074,22.6668711219209,29.1890809570475,25.4672581402638,31.3308053394248,26.5851992151013,27.6001929340255,24.1908218530721,24.0949172312913,31.08452033649,22.7470108723648,32.0130247240938
2018-01,25.663440160488,23.7655237723419,30.8197535278196,23.2807348316321,37.0121784315244,23.9794479742256,23.867239865704,23.1586353017909,29.7365148134317,26.3482566820111,31.530102773284,27.3617980373948,28.2685124443436,24.8354884784879,24.4560635903678,31.7470771143968,23.1207477155536,32.6958979996249
2018-02,26.2842475380657,24.2841383946836,31.3509740776511,23.1380479232145,38.4151550760442,24.3980896568233,24.4267306820303,24.1967143460612,32.4480282334978,26.6077326919401,32.1317126881201,27.9361607573863,28.7641142181861,24.6663603317107,24.9673975016904,33.2762715151727,23.5336767294753,33.8495587688443
2018-03,26.8995782139499,24.847431161935,31.5660533797559,24.1503123776736,38.633250448646,25.5008866317685,24.7453043820919,24.6277267646198,33.3388894111625,26.9311493001421,36.5650379916147,28.42643801153,29.2982308033633,25.0677508957884,25.6106577502972,33.9504375482619,24.0397842295422,34.7578059905025
2018-04,27.6363663701962,25.1350152903604,31.9710804350781,25.1271766405885,41.7277375121467,25.8189855979325,25.1861904136168,25.6173810365736,33.683992306118,27.4487320534569,36.864567998332,29.0767889171998,29.7921279743118,25.2860321591749,26.1561866817935,35.7356630903566,24.5665391274335,36.0482847528455
2018-05,28.2099245648976,25.9562421444153,32.4878357329339,25.6174290659861,41.4225358270852,26.3888758613924,25.7426527883628,26.1054621526585,35.0068903635638,28.1396515032582,37.193910403681,29.7746133928965,30.3779354904907,25.9255604117847,26.8506300525101,35.8640820714277,25.2355905872121,36.4377210073791
2018-06,29.2640380716671,27.300280658667,32.782254750421,26.1079630838165,42.5221470817792,27.4504856893845,26.8506402603692,27.6552803604901,35.1396523764349,29.0824952505382,37.6477213606319,30.5657089587195,31.3432475023265,26.7959768657121,27.9445126350283,36.9193364734757,26.3250344322359,37.3804172581691
2018-07,30.1716952789053,28.3899245235691,33.635802026097,26.0691033280986,42.9482617454334,28.6049383795467,27.6045203177712,29.0930281988627,35.3502088813589,30.5556808257398,38.3158670204561,31.4392139404628,32.5773799975804,27.807658739457,28.8368057268893,37.8731779803496,27.3050470687904,38.1594567639149
2018-08,31.34520492444,29.5290238068842,34.0911165314698,26.1581267643343,45.5937510815743,29.5007689305729,28.7293202290964,30.2693348819226,39.7351199067016,31.5655149013209,39.0497858379332,32.2024696639821,34.1712297738162,28.3451763505462,29.8034963611874,40.2203318143111,28.1672369397779,40.0789643012694
2018-09,33.3933903116637,31.601780271683,35.5995208625011,28.7176008404749,46.6390503733373,32.3669335798303,30.0314032751162,33.4187490321093,40.5758009169051,33.7099107866874,39.6866177553096,34.0487583770758,36.8797285965064,29.4708982347064,32.0808568554047,42.1119008232789,30.6076457072238,41.2747082335001
2018-10,35.1938307318726,33.4603910999274,36.4255257139606,30.1660519732459,50.7351894033847,33.7577980683525,31.6749844062513,35.9646105000933,40.8699620200017,34.6359498991196,40.5126666552093,35.1007517926665,39.1698856197657,31.3069503688613,33.5372384795891,45.2466238394081,32.3967521999935,43.1720052125985
2018-11,36.3036206709878,34.6009022899864,38.1139420695797,30.8633351779419,51.8160374875299,34.9569543743441,33.4657477981914,36.9258337745636,42.1114750703767,35.6075897367316,40.9810620949441,36.0039685685808,40.8929396883316,32.2516342343915,34.6435140217165,46.5061383799346,33.5970668885644,44.0948050019648
2018-12,37.2365596266341,35.1885649544613,38.6402921642005,31.212449453302,53.3701082707974,35.605783301199,35.2226477070057,37.8128696213638,45.3347130429225,36.5304338938964,41.3998416961886,36.9588599227821,42.2944227244624,32.7160196557769,35.5939724649374,47.7032811884679,34.2431031296671,45.725360571976
2019-01,38.3187437557369,36.3683387567138,39.9739202099957,31.0376207800618,55.0229623208435,36.5578571446543,36.2472704416912,38.7482738670553,48.6806813469866,37.811320505635,41.6371731733862,38.3385537495401,43.8328038011206,33.0753870934179,36.6627906347628,49.3353004208589,35.1451481612259,47.3425325510295
2019-02,39.7616828735158,38.4467621896763,40.91584189547,31.33667194363,58.5441055196704,37.576097189839,37.3970504075064,39.5929544803275,49.2099667820079,38.6455357738244,42.3345592913409,39.7327443198277,45.1902896544468,33.7126847345771,38.0763240486773,51.4169877922048,36.4425624472721,49.1513451471297
2019-03,41.6223468031222,40.7379580348259,42.5743536560953,33.3950120582221,60.1924159161207,39.003379361781,38.6115288979928,41.2441508979565,51.3688020176942,39.4117856299623,49.9164885472182,41.4527633494154,46.5835952037213,35.3194817936552,39.8200114764499,53.9385942175551,38.2645911211599,51.1778259854722
2019-04,43.0561109298721,41.7766765510062,43.0139852956896,35.4666272446433,61.9634755863992,40.79400977468,39.9642144496915,43.042688658129,53.1636025519673,40.6630462928579,50.6878456366782,43.144398364645,47.9672950853363,35.8867740843761,41.3200568989364,55.7112692135067,39.7048513035308,52.6389753533612
2019-05,44.3732273733191,42.7940810777101,43.9458251388777,36.6563552729632,64.4279485883502,42.1056122463473,41.9929399330817,44.5457169229772,54.2097263032815,41.6380885503651,52.3531218988624,44.1009004681274,49.3045790908513,36.1086601751962,42.6330143838236,57.7842832610001,40.9460440512808,54.2023266885635
2019-06,45.5792940905449,43.8857944497574,45.1399876997144,37.3524517666927,66.1710400696552,43.5492035584224,43.4841078588637,45.2426239974456,58.0720106669086,43.1804635789218,53.2710387417881,45.217868027015,50.3479112378487,36.9993114615689,43.797574631657,59.3945631545361,42.0613634425691,55.6863546014229
2019-07,46.5810656881402,44.8772624429878,45.5259956274388,37.4809584847474,67.6190294896947,44.6478979863453,45.2707599119311,45.7576328196732,58.1977222139266,44.8504501000086,54.3851073458157,46.5545722614744,51.7026559054401,38.3461427057762,44.7382062337111,60.4659315613642,42.9056147027862,57.1011504626617
2019-08,48.422874404905,46.9033679616729,47.5230040252081,38.6486820758234,69.0562365607866,47.3587317173094,47.6218400588104,47.566806366082,58.877374065755,46.7201835646947,55.7519259897226,48.2294685443102,53.9929281045707,39.8241020374047,46.8131019720661,61.7458407393732,45.0087510681552,58.3863569012941
2019-09,51.2728812548317,49.5861068222131,50.2187766320572,42.3390917030771,70.4308683403871,50.8687133147935,51.5933016389,49.8077627678615,62.8360583174364,50.2557750043753,56.3168840507653,50.7607828063809,58.4328657992513,43.2245297807278,49.8268191048918,63.8168153231184,48.2145721327492,60.494117408786
2019-10,52.9615444164911,50.8016231403934,53.320233805682,44.3434666393094,71.7569324652296,55.0088501768239,54.0089518311106,51.5536101665378,63.1284132826755,51.256791833277,57.2095640190698,52.0504923422212,60.678818323138,44.4496532876582,51.7225639696669,65.1088716368587,49.8946830960861,62.2529264279747
2019-11,55.2148130833677,53.5042834248543,56.3017803720192,46.3116971754252,72.8506817005175,55.3147021306947,57.4205371568546,53.9180619519668,67.7969314730321,52.974184021805,59.7296768530539,53.7649825837361,63.6430075799277,47.711125887309,53.7801533278292,67.5942159485314,52.4833363913979,63.7526520286241
2019-12,57.2818941018957,55.1798299060985,58.0477168036767,47.4207690855107,74.3994790205441,58.2989716311759,60.6282991871453,56.5988626089323,74.2873640262206,54.2412534893353,60.903036622386,55.5315392074173,65.9430466929374,48.7299775835739,55.7605005316378,70.7074461543905,54.2348987167474,66.6025696325561
2020-01,58.572394987666,57.7624781173279,60.5705638982697,47.9222449807275,74.8724898394469,57.5457197463687,59.4179136813403,57.4330389739604,74.3875285148693,56.9519655690754,61.2266119610133,57.8493638891007,67.9698425690742,50.5022182973008,57.1215777104168,71.5086416437993,55.6368949141593,67.6355872298092
2020-02,59.7518259379838,59.3036033400775,61.3599916310968,49.0662142387275,75.3306925852316,58.7414000026666,59.6817918910415,58.3652299344109,76.1134782035886,58.2096783818942,62.1069713776851,59.6239742591871,69.6282599387137,51.7722328596759,58.4820780098561,72.0110893116237,56.8370770047626,68.7979079696482
2020-03,61.749609502242,61.6360539398125,63.1195409850681,51.1134314522264,76.3649034788409,60.4427444414542,61.2692826132702,59.3131866627983,82.397532305692,59.6631548174594,72.9456490024049,60.9093957192387,71.0487930639436,54.3125806432046,60.3070656397518,74.3732365658883,58.6718540261145,71.2270893701401
2020-04,62.6737372330233,63.5896686848519,64.0043565831969,51.8774922909718,76.3687644072851,61.1874678787568,61.9917035866194,60.1069996553251,79.0232533347298,61.0400768053842,71.8739039954757,61.8250196179936,71.1675393871674,56.9384285602842,61.3417882513587,73.8804931596352,60.0290510530175,71.0949234273494
2020-05,63.6406276973232,64.0221569958157,64.0527932602674,55.7915868785459,76.4511858126692,62.9188437701315,62.6513165170112,60.7393215755629,79.2866665728556,62.5372245450911,71.5741595110705,62.7791273644365,72.5370496014486,59.6057220347642,62.3267401006187,73.817830075678,61.243875747766,71.5406614192451
2020-06,65.0684301008273,64.6892345793379,66.4773789209844,59.5000787627305,77.1549341906038,65.4774588598537,64.0517046121484,61.8481868508448,79.6120325155616,65.1449304371526,71.8386105003728,64.1909491092871,72.778988036525,62.449811382883,63.7696943608606,74.3705471631433,63.0197224437677,72.2007754331477
2020-07,66.3269801918469,65.5211377693193,67.3905892729916,61.4494828333432,77.9464480639031,68.0144698965373,65.4412637343618,62.9834536803,80.1872983035082,67.2874383944065,71.9149407264461,65.4353617633181,74.4644947710744,63.0412221599142,65.3851554360797,74.7541904647098,64.4874304054483,72.9694372881509
2020-08,68.1178818548627,67.7923348257949,68.2678556655438,62.8109822456336,79.7620261225225,70.3664823349829,67.0132268106694,64.7757715725498,80.4243375767757,69.5099654585842,72.4654334589759,66.6579422345261,76.9422732885447,65.5474734541256,67.3684666061511,75.5069318813305,66.599734973154,74.0695398368711
2020-09,70.0493791403209,69.7963913898493,71.182969222807,66.4770341274555,80.9763352027039,72.185911415403,69.3514773777628,67.1076019358827,80.5351648069926,70.8108724069009,72.6796490075781,67.8189006622924,78.3390110787814,70.708829524533,68.929323068004,76.962772822238,69.0234742818059,74.9136126206039
2020-10,72.6839151656851,73.1270213751453,72.5371992941435,70.6304420553668,82.8603741144674,75.4257514067426,71.4915760945442,69.9014125193953,80.4282109808556,72.6345279777633,72.7763546140113,70.1123899697025,79.9846439267159,77.4708285563555,71.3140030118064,78.112694200908,72.1958806585446,76.3197007978862
2020-11,74.9805124245577,75.118544849199,74.6989751916909,73.2319739727114,84.9495601631968,78.4005830281134,74.1147571288702,72.4298733901091,79.9650127828593,76.3311327150419,73.100192092035,72.3690714793521,82.0970615455147,79.0489264091799,74.1221123909877,79.0513181705835,74.6288449972336,78.2744923477655
2020-12,77.9839073403659,78.3873410555875,77.2337549015502,75.8784802243133,87.4638014744828,80.2770839942036,77.9992198417424,75.9752168971876,79.9421858116247,80.303043013347,73.1363434978899,75.6926784857654,83.5205431730477,80.1055790030641,77.7326012545925,81.1452199127293,77.5316607631125,81.4146024657961
2021-01,81.1414986913093,82.1686013864469,80.7098961945345,76.9206337041331,88.4600151820624,82.6577536330317,80.6442056554469,79.4688095998579,92.0371511792708,84.170142181712,73.5600084242499,79.7694631492504,85.2260905091888,82.5210523777029,80.7765150369956,85.3172007442048,80.7801973158662,84.508263650503
2021-02,84.0420084103583,85.3086046201281,83.605138294538,79.0861197393821,90.2672828276283,86.423629074834,83.4613721386379,83.3026159241004,93.721385611692,86.1024677245907,73.6397226316227,84.0760625547549,87.975223379244,85.0973289385262,84.0638917931656,87.1543093475874,84.0175388116344,86.6600874244813
2021-03,88.0851076509896,89.2255047043433,88.9781757784355,87.6360906608745,91.4563310771964,89.1595429085306,86.7888952677879,86.7920182021582,93.7846874794911,90.7010249310196,94.6199777333583,86.7216094144878,89.9168582162037,91.1929128832889,87.8686696399211,91.0879642724817,88.2901105262123,90.410307979503
2021-04,91.6792386081394,93.07766983141,92.1656938956335,92.9118455707005,94.6249526752743,92.9867746693465,90.0240050432587,91.6971263093035,94.2828551176913,92.047076182335,96.9636469226821,90.0825030900696,93.1935196116025,93.1605910092067,91.8745595599492,94.3034141943384,92.4366005160934,92.6738763881442
2021-05,94.7257196051676,95.9670306062665,93.6512801440027,94.8633213570684,96.5475537869862,95.1853558910756,94.3023303492992,97.1589031999593,95.2153009874716,94.9072665263701,99.1729339250477,93.4440497721166,95.9041607054973,94.5475533433523,95.0715651836882,97.858468447813,95.6853454370821,95.218571776902
2021-06,97.7328330195426,99.0770356569368,98.7951627102366,98.1475540138421,98.9451432663161,98.2635191524716,97.3279820925581,100.321715434221,101.920381056635,97.0340071719149,100.311333831236,96.3610731863549,97.7889447324248,95.0297438239956,98.5033209139247,101.007736650454,98.9239939699602,97.8270837535596
2021-07,100.661918591708,102.451956963377,101.864158299882,99.36688947509,101.797851457125,100.944725622674,101.048339980158,102.621074704592,102.295992448893,100.036207053646,102.85718398778,100.949880219278,100.908321958091,99.6659502271607,101.58992376747,102.468015105891,101.813057432334,100.828395774992
2021-08,103.146744631295,103.975655775493,103.921438580884,102.76023919955,102.967265473019,104.252591098137,105.288837297731,105.131045091814,101.689021325304,103.736027492655,107.215013145099,103.924629405048,104.242847711189,100.25208321817,104.771910635984,103.627371805858,104.366477553377,103.172790576083
2021-09,106.805140944111,107.041350163831,110.022633471058,108.958571374008,104.943613533743,107.882051799049,109.823313698895,108.329147090301,104.509120623788,107.64312584125,110.558196022205,108.156829607274,106.499903189061,106.627509319123,108.18970190772,106.692394467514,107.987159773707,107.024139548341
2021-10,110.560703241216,110.695287452292,112.441106710485,114.539270774744,107.583123139245,110.853488209091,115.021110577113,111.675041418735,105.6982339156,111.942560547387,112.097788359222,112.623089093543,110.067567940674,115.300226220177,111.652867723387,108.743893293048,111.862070183213,110.536843113034
2021-11,113.357297092707,113.043771897105,113.680734970714,119.240094391899,109.931721203378,113.849236757398,117.822419038938,114.128074646422,106.57133836445,113.582506190375,113.045517600779,118.231435120731,112.316031298553,115.890621272351,115.284641445389,109.868422227468,114.705936681175,113.241139613212
2021-12,117.710183640572,117.851875254545,119.791086316684,124.925264585182,112.250020396123,117.688129452361,118.410854415096,119.758915439497,108.54263991272,118.072310438937,114.177530838036,125.187630026054,115.88632206003,120.219381702624,120.383956422942,111.751743734684,119.136697771195,117.406633194616
2022-01,122.129374698315,123.643750936821,121.937165664157,127.964957042327,114.287277359979,121.589332918734,123.294575591476,123.032165074095,116.637760682818,123.045658983462,115.038669877532,132.347721028566,120.855722607983,130.976572463926,124.37900816886,114.828749413013,123.695481980348,122.150712339106
2022-02,127.529571798424,132.875278080108,125.182837934622,132.363263607614,117.544041222481,126.95749748908,127.779083771272,129.091719316493,118.360725761349,125.923285747316,118.106148028481,138.195829985145,126.098780914129,141.975859775582,129.931093577039,118.40724527289,130.502619698946,125.622749550323
2022-03,136.098820445655,142.543580636804,132.402843725113,146.537599761621,126.536755083991,132.529177274946,134.13728274753,136.156086003329,122.390990100978,130.113715730952,146.456210708861,145.734181143176,133.100220437949,150.795587400188,138.262608921455,128.394291119876,139.307043613858,134.013630628787
2022-04,143.878589303223,150.928661053989,136.802815974001,161.011987052418,132.331545801347,139.804166530638,142.680948940082,143.4361284845,126.863880212666,136.886804116639,151.903599870188,156.414830743399,140.106523754607,159.058614845575,147.526706548394,133.427060065675,148.276105842884,140.794532268459
2022-05,150.89736907194,157.588171346268,144.55309741304,170.332461163954,137.004347799853,147.269656006181,151.542613349714,152.148456036198,130.78801465527,144.017924678111,156.826646215834,165.227494825151,146.508063255658,164.455592980905,155.193031249939,140.969921342769,156.20191102488,146.83219972756
2022-06,158.659232666163,164.875780574023,154.254068901651,180.147934810368,146.285913352816,156.074787529372,162.791038385838,159.295538742252,131.298322250817,150.253516182062,160.011166970566,175.555439654009,153.885106671712,175.287882730193,163.084499728711,148.387035683836,164.259591369153,154.952255446314
2022-07,170.10017015412,174.821141993317,164.156825513865,195.584709839862,152.979924273574,172.177345166338,173.901080689515,168.004172151988,138.579710989454,169.927906223297,169.59671813339,192.745187569368,166.312940734301,195.09075522772,175.04136923757,155.70673481245,176.285411610793,166.567260104521
2022-08,181.482807826076,187.20931310371,175.6732176111,214.78144998994,161.400254223087,186.650375413288,183.892650484358,179.495530135849,144.246462796062,178.604585085229,178.25602116123,205.546238089184,180.658145926319,212.064355434977,186.941696051973,165.458198659367,189.373347139346,176.148120378774
2022-09,191.903594943371,199.812052076979,192.23358791035,237.490800648539,166.406600542037,197.956946757262,191.861530964867,189.96297781916,147.853578788341,187.982134814581,184.762208588071,215.561074815853,192.900788803998,236.910546973218,197.243396795357,172.986455606203,202.572775941885,183.510348032812
2022-10,204.313300835098,212.195708932354,202.669708707821,253.678576141181,178.789251677827,207.760734465872,205.506720429644,198.456412774753,165.702032787206,198.602785342003,197.339910530614,231.552051748769,204.916594600885,258.369429360572,208.213918843903,185.794818071084,214.568495740299,197.131637356038
2022-11,215.021911415379,219.644045283262,215.515134482797,265.114394160427,194.105795214422,219.006356779198,213.8791961956,210.600298836219,176.247444013845,206.929138733689,204.784050713416,244.316058904857,216.913450987389,269.018051439716,218.108803738268,197.369672747553,224.283106599358,208.629932575853
2022-12,225.864814940048,229.813871285255,230.91135538101,275.817915957724,202.237329418755,231.970558524671,226.010687001423,222.75445250293,182.325671596194,216.541012500438,212.473308065182,261.860808018959,229.386087504777,281.363313177329,229.52995970761,207.483155431364,235.788743360068,219.286621004122
2023-01,240.074077969604,245.333048306633,247.750765390317,282.290337477306,218.537994843512,244.553609779727,237.095544286265,235.97624280612,196.906298525224,235.866456195936,214.765111722286,278.299289183078,244.972558507506,303.619397678889,241.839951187163,222.217879109011,248.473721817596,236.096709653156
2023-02,255.486800313162,269.327669756492,260.685281450061,293.360106019537,229.012461078901,256.919256553086,249.71318610002,247.434847455091,212.12727569022,250.350631530278,221.280577688762,299.325648071643,260.770948905338,313.720513263017,260.4231098978,233.58616720568,265.894492582361,249.458032332484
2023-03,274.554741366688,294.460844752185,282.335036308868,320.687728195983,243.886459191678,271.80918483022,263.994466772594,260.581755317088,216.202753984767,261.494981331957,286.779680446841,322.760495451196,277.192649083581,342.652763250583,279.188944263431,252.923776324184,286.503985567505,268.014770213006
2023-04,296.343101867487,324.226488879326,292.958640224466,355.282327640703,257.544810892291,295.296614629497,281.323543951324,277.465002596407,229.717574710884,281.054821930713,300.943814023284,354.496600261507,295.421443881099,385.715959574662,302.602489701,265.304991746399,312.527061275415,285.482728444661
2023-05,319.989896825305,343.19712451581,317.673022398829,382.269536606864,287.970880299067,321.163314084587,306.779276524484,299.893678294666,245.186957900381,304.589876325403,315.820485490829,387.393673072883,316.375357855665,408.977084717534,326.282762582887,289.220090704628,335.714820434244,310.093169188957
2023-06,340.095585270672,357.500873468674,331.965593829141,398.547569466428,311.393071372644,346.784838647423,333.179675481796,319.316660462949,270.554554668043,324.336524783629,336.349468789556,411.77407756271,337.096110326256,416.931347640419,347.439485070885,310.091389380694,354.134021770248,332.634480104037
2023-07,361.987853685124,378.197316763068,362.015321689153,410.965900275532,323.907584493236,368.25630597458,363.226039403882,336.302176361104,303.42577099695,360.428855836172,356.516329634504,442.292227555541,358.529461809615,438.419199139526,370.077153949444,330.965001384177,375.644007339036,356.442691825454
2023-08,404.814483409132,437.058662265643,392.709587965128,448.637742783927,353.27310051387,420.001527755841,418.643386730453,371.452115999948,317.029217346853,402.57064905532,387.318034287232,497.397009154534,392.060585355809,485.120419420884,421.102483241631,358.366825224067,426.923704174683,388.716472653777
2023-09,454.526690923308,499.914991499633,438.136456111275,518.91803770492,383.434595102863,473.265516220129,458.647158396542,411.652287959594,347.375347474294,463.489574779132,417.947596872841,563.541530642075,437.802234614871,556.317353978295,477.750458581741,388.239788551118,484.866398865429,429.723443152222
2023-10,492.195661749382,538.497702147959,481.191272926278,575.686770064146,413.236967280847,523.858886615864,482.064430510809,440.61212905722,391.135920860459,506.639820206162,445.230424009823,612.993480729069,471.415434709375,598.674330406215,519.840491068243,413.793738120235,526.25528089069,463.001505967084
2023-11,552.89898207025,622.660946733189,537.670948411471,633.457329303039,442.765644030785,589.236455105523,558.735441710651,486.311127636003,450.382724627638,573.140285086923,481.64187693385,686.608178232798,525.790457823921,675.21264081978,589.35811053576,455.526533058067,598.621769931638,510.139478675079
2023-12,688.555555849581,807.212860789008,646.36203702514,742.337632143241,503.635036486959,769.457241056719,740.632532308572,640.226188416505,520.502136871487,689.310547359869,511.044223051419,834.885804944602,696.986908050486,784.65980651389,755.72349614126,549.682921966693,774.697871729558,581.631151399415
2024-01,833.924197004275,972.788183716584,782.303632317698,831.361066767125,574.897986314274,942.274426590081,892.185437682244,809.24696885487,651.230499223185,853.887912437695,515.332268186353,997.177501052834,1008.28128205496,911.588427186747,909.085418573723,695.996309764867,939.201816482651,690.894486826764
2024-02,952.559030879736,1088.38135598804,920.633222343963,891.954850578478,690.76085796597,1039.62728073374,1013.39884960156,985.600040106863,811.842669914109,927.205851374722,564.339465295517,1108.41247203147,1177.15153976368,990.665485796092,1020.76589554637,842.811927137998,1050.62835081097,812.417223629201
2024-03,1062.80720378712,1203.25441826183,1034.01180247847,988.733785686908,781.715369083169,1091.51503962221,1136.91568927166,1112.40319757538,940.735424691352,1005.34915977165,863.919099340961,1200.84602117936,1289.36332215884,1100.58457168986,1116.67624502906,994.638251296376,1152.86176537792,937.579691261457
2024-04,1172.09249483136,1275.55878860045,1090.95572373242,1083.36627095048,1060.10577441492,1162.62190544079,1240.81488510355,1180.77959149494,1073.84262864991,1077.83917157852,938.901458288609,1288.35992810757,1363.09995588185,1210.20468638806,1186.95079366081,1177.5127478107,1224.94732341874,1093.54331933478
2024-05,1222.05865267696,1337.31304530812,1163.7883572774,1122.35214221666,1086.88749427186,1200.03511071571,1249.54671527942,1228.62381024721,1162.29754034115,1127.28292110574,1010.67638983511,1360.14411108075,1421.52993310225,1296.68388834558,1231.27128351407,1225.38821205773,1272.75308631141,1148.2934103154
2024-06,1286.29722732584,1377.7007066459,1187.89855526549,1153.2582494563,1242.87160719425,1227.40255404441,1309.1507566646,1276.92638504006,1224.12906300573,1189.59606954411,1069.25423368382,1445.97438803579,1460.53825951389,1355.61066411316,1276.1150981028,1324.62394044132,1312.08267111335,1248.51667040358
2024-07,1339.55012409608,1421.96688851614,1260.47117820346,1172.84935233204,1317.70738297198,1269.8706997876,1385.30120018457,1309.92731390886,1268.35051405174,1257.05426697621,1115.03530376178,1540.09779376,1511.16319935275,1423.8564159281,1324.47444473289,1382.4021304655,1353.85020951773,1328.76285722199
2024-08,1399.28167766509,1473.90081318988,1298.71802191485,1197.45603340192,1410.87726262868,1324.03412554761,1442.55803782194,1376.98721574173,1330.0699736194,1302.91195535222,1189.21998345317,1615.37907131689,1545.34666377311,1448.07439631803,1379.06643049129,1464.10175867762,1397.14553758256,1415.74937358425
2024-09,1451.08254076303,1507.92176785309,1327.12015486903,1269.00560821108,1513.89420471223,1359.85734211568,1490.87376396074,1424.53526745604,1370.09543369493,1330.90553698453,1241.47119113163,1674.10330124306,1597.08138417571,1490.43560380676,1424.03357232499,1530.79210178126,1439.47488561134,1480.87184591291
2024-10,1492.20563507976,1525.84537570908,1366.72714069254,1325.33329744372,1596.24694889733,1395.32031099767,1544.67052993877,1442.15423212339,1398.40315972652,1369.324906497,1284.87444229901,1746.2126134648,1641.86897488767,1510.34522177684,1465.72707853964,1572.34844179985,1469.16977758995,1544.42547947454
2024-11,1532.21118861463,1540.09954441177,1421.56912668746,1350.38545318244,1668.43610032324,1416.12690201784,1589.82922380956,1491.81990172648,1420.15457063799,1410.9737946822,1351.52930329763,1809.45194274184,1679.17602244482,1492.98539636977,1505.63652493945,1628.17794844189,1492.69489878741,1612.72783739503
2024-12,1577.49585150286,1574.0603311772,1457.0236431525,1371.8534888925,1756.28539590008,1429.65332840776,1623.23838988658,1524.98695388124,1491.66118815891,1450.48643982322,1380.97588197746,1892.94022670718,1715.14555002512,1471.43105934351,1553.82872720621,1683.16435686619,1521.37723226479,1684.41870492355
2025-01,1614.6549692809,1603.22762528008,1492.27271930448,1363.93079106923,1827.41164962212,1452.94127170945,1662.21175091812,1543.80676792227,1526.63198508183,1486.50286661448,1388.54368664009,1994.37437369698,1757.48728836415,1476.24632061331,1591.27182997011,1726.89536765305,1544.70744521503,1748.40298458681
2025-02,1655.98191281191,1655.77376039476,1511.92171840896,1369.403184577,1897.28096179913,1467.84789840201,1696.23979837711,1570.37746065529,1561.72166304128,1529.088446606,1423.18176240728,2040.52799555059,1809.08329110557,1464.05703114643,1637.92813362519,1767.4947363382,1577.56507389329,1802.82127123243
2025-03,1716.42383698315,1752.74364686536,1523.92033672972,1431.66350949026,1952.22986593616,1489.66284673085,1727.85609488737,1597.01926533812,1600.74893978237,1532.12666477681,1739.05277008634,2120.44913951973,1865.89303757149,1586.54251181903,1690.1934237985,1824.46961266538,1634.59492766552,1874.82797174464
2025-04,1762.06103433204,1804.55969750534,1567.30080973673,1486.23154795822,1989.21540331133,1503.63132908516,1771.32798065687,1623.70353536733,1645.68913755177,1591.73794536953,1783.73504643418,2208.09386578699,1913.5347858585,1617.36423304039,1744.39830032055,1856.73214891446,1678.75698076461,1931.18844712034
2025-05,1791.03116966095,1813.79863506613,1576.50506103622,1500.56250176404,2037.94855256229,1524.30253738871,1819.61063213828,1629.61517361348,1713.07291961537,1618.75331884991,1818.55923032688,2273.83222846849,1963.09415551346,1574.64005940158,1782.42917941901,1881.19499401665,1693.88716939391,1984.35439349176
2025-06,1823.81105441042,1824.17633907143,1620.58668964359,1508.3108088764,2107.65345118637,1553.57302441257,1858.70652286307,1656.2276931627,1743.67633006191,1659.12081724168,1884.17977567243,2322.11239433561,1981.96149218738,1570.8257749201,1813.18506766554,1922.91244406968,1708.18460433035,2047.01227796965
2025-07,1860.91490748163,1858.66114326133,1630.74899160815,1495.35892767311,2139.67283267839,1577.34860902062,1880.19197446325,1702.91286492727,1783.58735707434,1737.73250075128,1920.66550037066,2386.02484473029,2024.30440192403,1633.70852479359,1840.18171336313,1967.20197570447,1731.46034357091,2109.41460234966
2025-08,1898.53530801699,1884.20586556146,1687.27814355682,1491.6166728741,2197.07339561857,1592.08721879823,1912.59671035817,1764.02021889726,1817.27248330963,1747.27858700657,1972.98155381088,2466.76508219784,2069.69371699949,1621.57656625353,1877.7496230378,2019.7722527782,1759.76513056755,2161.46822315976
2025-09,1940.81695973796,1919.32863648163,1713.96994281909,1521.92265768376,2266.21653714104,1627.24624572076,1956.14540030534,1816.85568381137,1856.68677476204,1771.03590018608,2031.925089555,2493.35081647969,2114.25375196274,1657.53124264272,1913.45290911036,2073.12114810877,1794.64958239934,2212.423418924
2025-10,1987.42986686634,1963.06717925468,1754.8992256969,1558.51881935259,2330.82408571604,1653.79386261469,1991.38395200646,1879.28753448878,1897.95668565571,1799.3268007523,2066.77595224966,2548.4148699006,2165.96948061173,1703.922689804,1955.79248525741,2126.49177147327,1835.49575308156,2268.38275393796
2025-11,2039.35961473839,2018.21375835277,1775.44792350952,1566.35646919817,2411.55906514748,1672.51469189096,2039.27427305357,1936.12027451975,1948.88843648684,1842.73860368076,2111.58776759708,2610.40508210807,2220.36067746793,1711.20319571728,2007.18802228002,2188.53019447306,1877.14048185424,2333.9750979365
2025-12,2098.95082181672,2081.119673685,1825.38053049477,1583.36704631719,2493.2572604616,1705.7656917888,2082.09034477933,2014.09686249237,2013.14871121722,1889.17682851155,2120.90328287866,2692.32274451124,2278.86378532695,1721.13115781366,2067.89570008123,2260.47668509752,1925.34195655944,2411.82045310756
2026-01,2158.24729312824,2177.90378995382,1853.11709646021,1577.00744998307,2568.84628391136,1737.10268921069,2130.78069412122,2051.49762546156,2086.2000701902,1909.68020167838,2133.78483758367,2803.06529179719,2341.05580947063,1818.24577533548,2122.34098491806,2315.76821765326,1979.06948019632,2486.89971329
2026-02,2227.46290109525,2250.04442849895,1864.74412311165,1577.4791870489,2744.30322959931,1781.48302625642,2183.56300307281,2092.1028100857,2124.38556299401,1953.04028847098,2160.16247377352,2886.46572743398,2417.36829737833,1796.85656279531,2187.20211633552,2415.08930561701,2025.32038756135,2588.4539912698
2026-03,2305.58761497072,2325.40367501131,1904.46718530034,1625.22711379371,2845.124597835,1804.17038505692,2241.63758246875,2178.91601449915,2186.24880612249,2021.9346394808,2421.16497432555,2984.59588086295,2458.01628374034,1815.54308312356,2256.56777735243,2537.63134814963,2085.81434982194,2695.09564910313
2026-04,2369.70356915804,2359.89097277293,1940.43372513056,1676.59055186528,2944.64402625527,1856.19679264679,2298.03686372112,2274.30203268208,2274.88070316665,2042.2754073285,2521.59929650515,3062.52631368321,2518.2784933985,1814.91372120351,2308.17265779796,2656.24958385863,2138.30760075307,2765.6651680087
2026-05,2423.1736063095,2417.82170336746,1955.57301666512,1682.11100279714,3019.31202155462,1882.50836706377,2357.59128470642,2319.1545314221,2353.02233920794,2098.53491275378,2594.22348011754,3117.13010828321,2577.55503727109,1878.02190972106,2352.1469138402,2719.41247163427,2180.76767512413,2834.29590335245
2026-06,2472.5399837128,2449.27581189714,1996.67650206321,1689.36270689743,3118.37060150954,1911.2678797012,2425.56105654202,2356.41069403169,2373.11791005924,2185.39386188571,2638.64968940389,3167.01928175058,2624.3631753111,1941.56697121782,2388.82650526113,2781.39899180738,2210.23414836994,2915.12655528636
