ym,Nivel general,Alimentos y bebidas no alcohólicas,Bebidas alcohólicas y tabaco,Prendas de vestir y calzado,"Vivienda, agua, electricidad y otros combustibles",Equipamiento y manteni-miento del hogar,Salud,Transporte,Comunicaciones,Recreación y cultura,Educación,Restaurantes y hoteles,Otros bienes y servicios,Estacional,Núcleo,Regulados,Bienes,Servicios
1965-10,1.078937273301e-11,,,,,,,,,,,,,,,,,
1965-11,1.11790928399927e-11,,,,,,,,,,,,,,,,,
1965-12,1.20919504628751e-11,,,,,,,,,,,,,,,,,
1966-01,1.181809951112e-11,,,,,,,,,,,,,,,,,
1966-02,1.20779181950331e-11,,,,,,,,,,,,,,,,,
1966-03,1.23412370270196e-11,,,,,,,,,,,,,,,,,
1966-04,1.25975555628594e-11,,,,,,,,,,,,,,,,,
1966-05,1.27274569859289e-11,,,,,,,,,,,,,,,,,
1966-06,1.28362941694614e-11,,,,,,,,,,,,,,,,,
1966-07,1.30399362686845e-11,,,,,,,,,,,,,,,,,
1966-08,1.3190901931291e-11,,,,,,,,,,,,,,,,,
1966-09,1.33910438824406e-11,,,,,,,,,,,,,,,,,
1966-10,1.38193923204239e-11,,,,,,,,,,,,,,,,,
1966-11,1.4142403722948e-11,,,,,,,,,,,,,,,,,
1966-12,1.5711816270647e-11,,,,,,,,,,,,,,,,,
1967-01,1.49744570224335e-11,,,,,,,,,,,,,,,,,
1967-02,1.52940633035287e-11,,,,,,,,,,,,,,,,,
1967-03,1.56310911361207e-11,,,,,,,,,,,,,,,,,
1967-04,1.58206692919537e-11,,,,,,,,,,,,,,,,,
1967-05,1.5971603279012e-11,,,,,,,,,,,,,,,,,
1967-06,1.66668815614738e-11,,,,,,,,,,,,,,,,,
1967-07,1.74989982120557e-11,,,,,,,,,,,,,,,,,
1967-08,1.75585482426265e-11,,,,,,,,,,,,,,,,,
1967-09,1.76393208904751e-11,,,,,,,,,,,,,,,,,
1967-10,1.81450210171039e-11,,,,,,,,,,,,,,,,,
1967-11,1.85628214975446e-11,,,,,,,,,,,,,,,,,
1967-12,2.00092854049988e-11,,,,,,,,,,,,,,,,,
1968-01,1.93211341208765e-11,,,,,,,,,,,,,,,,,
1968-02,1.95107122767095e-11,,,,,,,,,,,,,,,,,
1968-03,1.93843268394875e-11,,,,,,,,,,,,,,,,,
1968-04,1.93035541916389e-11,,,,,,,,,,,,,,,,,
1968-05,1.93246184311759e-11,,,,,,,,,,,,,,,,,
1968-06,1.9391612215568e-11,,,,,,,,,,,,,,,,,
1968-07,1.93808425291881e-11,,,,,,,,,,,,,,,,,
1968-08,1.94125180773641e-11,,,,,,,,,,,,,,,,,
1968-09,1.96828688810457e-11,,,,,,,,,,,,,,,,,
1968-10,2.00689938133104e-11,,,,,,,,,,,,,,,,,
1968-11,2.01356708422207e-11,,,,,,,,,,,,,,,,,
1968-12,2.19228052703071e-11,,,,,,,,,,,,,,,,,
1969-01,2.09115633947903e-11,,,,,,,,,,,,,,,,,
1969-02,2.06307596602106e-11,,,,,,,,,,,,,,,,,
1969-03,2.08624662951176e-11,,,,,,,,,,,,,,,,,
1969-04,2.08835305346546e-11,,,,,,,,,,,,,,,,,
1969-05,2.05955998017354e-11,,,,,,,,,,,,,,,,,
1969-06,2.07992735765066e-11,,,,,,,,,,,,,,,,,
1969-07,2.10765930007869e-11,,,,,,,,,,,,,,,,,
1969-08,2.09186903931299e-11,,,,,,,,,,,,,,,,,
1969-09,2.13084580134348e-11,,,,,,,,,,,,,,,,,
1969-10,2.16313902270885e-11,,,,,,,,,,,,,,,,,
1969-11,2.17858085244462e-11,,,,,,,,,,,,,,,,,
1969-12,2.33833647966996e-11,,,,,,,,,,,,,,,,,
1970-01,2.22808973424361e-11,,,,,,,,,,,,,,,,,
1970-02,2.25829236942936e-11,,,,,,,,,,,,,,,,,
1970-03,2.28743387375123e-11,,,,,,,,,,,,,,,,,
1970-04,2.3049821274407e-11,,,,,,,,,,,,,,,,,
1970-05,2.32202357235935e-11,,,,,,,,,,,,,,,,,
1970-06,2.33904917950392e-11,,,,,,,,,,,,,,,,,
1970-07,2.36782641502176e-11,,,,,,,,,,,,,,,,,
1970-08,2.39451306435998e-11,,,,,,,,,,,,,,,,,
1970-09,2.4433250840991e-11,,,,,,,,,,,,,,,,,
1970-10,2.5402205859693e-11,,,,,,,,,,,,,,,,,
1970-11,2.60588399733802e-11,,,,,,,,,,,,,,,,,
1970-12,2.84674486566784e-11,,,,,,,,,,,,,,,,,
1971-01,2.83866760088298e-11,,,,,,,,,,,,,,,,,
1971-02,2.93345667879947e-11,,,,,,,,,,,,,,,,,
1971-03,2.96435617604509e-11,,,,,,,,,,,,,,,,,
1971-04,2.99104282538332e-11,,,,,,,,,,,,,,,,,
1971-05,3.06372237067301e-11,,,,,,,,,,,,,,,,,
1971-06,3.15922414842347e-11,,,,,,,,,,,,,,,,,
1971-07,3.29509641232415e-11,,,,,,,,,,,,,,,,,
1971-08,3.38145979442584e-11,,,,,,,,,,,,,,,,,
1971-09,3.41201086064153e-11,,,,,,,,,,,,,,,,,
1971-10,3.44710736802047e-11,,,,,,,,,,,,,,,,,
1971-11,3.54017012856137e-11,,,,,,,,,,,,,,,,,
1971-12,3.96044130175971e-11,,,,,,,,,,,,,,,,,
1972-01,4.16688668699638e-11,,,,,,,,,,,,,,,,,
1972-02,4.31742472970253e-11,,,,,,,,,,,,,,,,,
1972-03,4.50008177825907e-11,,,,,,,,,,,,,,,,,
1972-04,4.71951413824788e-11,,,,,,,,,,,,,,,,,
1972-05,4.79536123835516e-11,,,,,,,,,,,,,,,,,
1972-06,5.05902850137166e-11,,,,,,,,,,,,,,,,,
1972-07,5.31007305844006e-11,,,,,,,,,,,,,,,,,
1972-08,5.30340535554901e-11,,,,,,,,,,,,,,,,,
1972-09,5.43330677861856e-11,,,,,,,,,,,,,,,,,
1972-10,5.69627717957517e-11,,,,,,,,,,,,,,,,,
1972-11,5.97400838598178e-11,,,,,,,,,,,,,,,,,
1972-12,6.50101031875895e-11,,,,,,,,,,,,,,,,,
1973-01,6.80154791985224e-11,,,,,,,,,,,,,,,,,
1973-02,7.31627557771121e-11,,,,,,,,,,,,,,,,,
1973-03,7.94475012906998e-11,,,,,,,,,,,,,,,,,
1973-04,8.29970632192954e-11,,,,,,,,,,,,,,,,,
1973-05,8.58690851724077e-11,,,,,,,,,,,,,,,,,
1973-06,8.33481866708256e-11,,,,,,,,,,,,,,,,,
1973-07,8.33412180502271e-11,,,,,,,,,,,,,,,,,
1973-08,8.40083050948125e-11,,,,,,,,,,,,,,,,,
1973-09,8.444716981479e-11,,,,,,,,,,,,,,,,,
1973-10,8.5756795354124e-11,,,,,,,,,,,,,,,,,
1973-11,8.64378196399065e-11,,,,,,,,,,,,,,,,,
1973-12,9.34632978475887e-11,,,,,,,,,,,,,,,,,
1974-01,8.81166236932315e-11,,,,,,,,,,,,,,,,,
1974-02,8.94959354385523e-11,,,,,,,,,,,,,,,,,
1974-03,9.05597587240413e-11,,,,,,,,,,,,,,,,,
1974-04,9.3129754325296e-11,,,,,,,,,,,,,,,,,
1974-05,9.6230156980757e-11,,,,,,,,,,,,,,,,,
1974-06,9.99167156552135e-11,,,,,,,,,,,,,,,,,
1974-07,1.02210025343151e-10,,,,,,,,,,,,,,,,,
1974-08,1.04108816078558e-10,,,,,,,,,,,,,,,,,
1974-09,1.0754973087691e-10,,,,,,,,,,,,,,,,,
1974-10,1.11615445863032e-10,,,,,,,,,,,,,,,,,
1974-11,1.16232315387416e-10,,,,,,,,,,,,,,,,,
1974-12,1.30943548604507e-10,,,,,,,,,,,,,,,,,
1975-01,1.34728776611532e-10,,,,,,,,,,,,,,,,,
1975-02,1.40949854273286e-10,,,,,,,,,,,,,,,,,
1975-03,1.52381559609982e-10,,,,,,,,,,,,,,,,,
1975-04,1.67159786611466e-10,,,,,,,,,,,,,,,,,
1975-05,1.73661192874577e-10,,,,,,,,,,,,,,,,,
1975-06,2.10373153210488e-10,,,,,,,,,,,,,,,,,
1975-07,2.83443891520149e-10,,,,,,,,,,,,,,,,,
1975-08,3.47138667569733e-10,,,,,,,,,,,,,,,,,
1975-09,3.84653603051905e-10,,,,,,,,,,,,,,,,,
1975-10,4.37711730024008e-10,,,,,,,,,,,,,,,,,
1975-11,4.76902302004687e-10,,,,,,,,,,,,,,,,,
1975-12,5.69551696641897e-10,,,,,,,,,,,,,,,,,
1976-01,6.20238908833029e-10,,,,,,,,,,,,,,,,,
1976-02,7.37992759177077e-10,,,,,,,,,,,,,,,,,
1976-03,1.01526467013515e-09,,,,,,,,,,,,,,,,,
1976-04,1.35967290545211e-09,,,,,,,,,,,,,,,,,
1976-05,1.52408483825931e-09,,,,,,,,,,,,,,,,,
1976-06,1.56572234633658e-09,,,,,,,,,,,,,,,,,
1976-07,1.63211429531335e-09,,,,,,,,,,,,,,,,,
1976-08,1.72212036545527e-09,,,,,,,,,,,,,,,,,
1976-09,1.90390633643698e-09,,,,,,,,,,,,,,,,,
1976-10,2.06497649891162e-09,,,,,,,,,,,,,,,,,
1976-11,2.22921421620386e-09,,,,,,,,,,,,,,,,,
1976-12,2.54902638836221e-09,,,,,,,,,,,,,,,,,
1977-01,2.75377713177147e-09,,,,,,,,,,,,,,,,,
1977-02,2.98109670325608e-09,,,,,,,,,,,,,,,,,
1977-03,3.20605644640159e-09,,,,,,,,,,,,,,,,,
1977-04,3.39877048150399e-09,3.17762763748991e-09,,8.73593969734959e-09,3.19706263449333e-09,3.3180024471261e-09,2.71559262940804e-09,4.69305843665767e-09,,,,,3.45940246476181e-09,,,,,
1977-05,3.61954905229028e-09,3.38470571207622e-09,,9.13170350242684e-09,3.70600313487529e-09,3.49668781568071e-09,2.7230571501046e-09,4.8297494590846e-09,,,,,3.53851561884161e-09,,,,,
1977-06,3.8963458300257e-09,3.71865556475414e-09,,9.49104732544179e-09,3.85440261541719e-09,3.78320056181138e-09,3.02462378624557e-09,4.93859601398011e-09,,,,,3.70932811060479e-09,,,,,
1977-07,4.1827878121807e-09,3.9461497875391e-09,,9.97907508507693e-09,4.39421817550922e-09,4.09203357510029e-09,3.28737491476444e-09,5.04491125364549e-09,,,,,4.13546032689822e-09,,,,,
1977-08,4.65701828169675e-09,4.33697319591326e-09,,1.07390387107774e-08,5.15912288058426e-09,4.54492396483081e-09,3.57699831779092e-09,6.32575676009036e-09,,,,,4.41954847109384e-09,,,,,
1977-09,5.04341245612092e-09,4.70446386348899e-09,,1.15645583041901e-08,5.47285332602519e-09,4.97929885344041e-09,3.97112501056922e-09,6.50294882619933e-09,,,,,5.14415304141556e-09,,,,,
1977-10,5.67350246043666e-09,5.26736623525177e-09,,1.38517331777041e-08,6.13816106429359e-09,5.50073664748715e-09,4.30328125252468e-09,7.75341854988269e-09,,,,,5.63141814949792e-09,,,,,
1977-11,6.18629790985694e-09,5.74422912532024e-09,,1.52308364984641e-08,6.6201904642444e-09,6.10302957080481e-09,4.77206808130996e-09,8.11792794302114e-09,,,,,6.48727863454297e-09,,,,,
1977-12,6.63856138671293e-09,6.03297179270115e-09,,1.61146280631765e-08,7.19090100343983e-09,6.61597980984521e-09,5.23783924373383e-09,9.45446238452879e-09,,,,,6.84238881478744e-09,,,,,
1978-01,7.52531835789834e-09,6.63524816456133e-09,,1.6670639789328e-08,9.06531591874092e-09,7.46319491937141e-09,5.94474428273933e-09,1.17858037114768e-08,,,,,7.70184535229064e-09,,,,,
1978-02,7.99221593801162e-09,7.03336305443498e-09,,1.73868994365537e-08,9.35414712248021e-09,7.99694043837286e-09,6.44337426526945e-09,1.22996607031929e-08,,,,,8.54601866684665e-09,,,,,
1978-03,8.75084531682534e-09,7.70417935239065e-09,,1.8581474848198e-08,9.8640835925302e-09,8.70012897927958e-09,7.28537219984126e-09,1.30868997397627e-08,,,,,9.5637015125094e-09,,,,,
1978-04,9.71995871326814e-09,8.66811320662691e-09,,2.1793717266095e-08,1.07246013857396e-08,9.56274799988804e-09,7.9527003501136e-09,1.42095380443246e-08,,,,,1.05957685680049e-08,,,,,
1978-05,1.05647455831204e-08,9.49788380127208e-09,,2.33646324923833e-08,1.13221831865795e-08,1.07010970288696e-08,8.69019499493361e-09,1.53663491044932e-08,,,,,1.1600865230064e-08,,,,,
1978-06,1.12505212011295e-08,1.0057869580435e-08,,2.44038159805616e-08,1.19098052907387e-08,1.13881114631399e-08,9.57100843712749e-09,1.62206679946615e-08,,,,,1.26976612298066e-08,,,,,
1978-07,1.19928376726325e-08,1.0466192544408e-08,,2.56493793670931e-08,1.32702998573175e-08,1.21998975771767e-08,1.02114643128923e-08,1.75091074467967e-08,,,,,1.40569690589958e-08,,,,,
1978-08,1.29291668767132e-08,1.14257515097446e-08,,2.70017747010074e-08,1.41826080732664e-08,1.30193856467548e-08,1.09340299163191e-08,1.84532880276345e-08,,,,,1.51627551898837e-08,,,,,
1978-09,1.37555819286234e-08,1.22073983264929e-08,,2.88057778124946e-08,1.49634482930305e-08,1.39436203116924e-08,1.17491555763834e-08,1.94911272719871e-08,,,,,1.61318913273612e-08,,,,,
1978-10,1.50976749048379e-08,1.35300730705055e-08,,3.37977433538372e-08,1.60311277771977e-08,1.49448745320415e-08,1.25642812364476e-08,2.13187368681396e-08,,,,,1.74732188942595e-08,,,,,
1978-11,1.64253555066323e-08,1.48862886294158e-08,,3.82385531666366e-08,1.73975981617849e-08,1.58952958458191e-08,1.34868959945422e-08,2.23996084714044e-08,,,,,1.85700148940021e-08,,,,,
1978-12,1.79137895154196e-08,1.62789615958237e-08,,4.06374159851415e-08,1.90608675074559e-08,1.70921797369133e-08,1.4515506946528e-08,2.49714247452147e-08,,,,,2.03123023099866e-08,,,,,
1979-01,2.02015559824267e-08,1.87974393057572e-08,,4.2397715118154e-08,2.17260823392017e-08,1.86664594495237e-08,1.60069181817004e-08,2.75989299540877e-08,6.37666525418499e-08,,,,2.2887075870038e-08,,,,,
1979-02,2.17051942543384e-08,2.02790683464593e-08,,4.53550176616148e-08,2.28953507295118e-08,2.00327863625232e-08,1.79462006586663e-08,2.91227817226249e-08,6.71692767875053e-08,,,,2.4305718564787e-08,,,,,
1979-03,2.33873242402216e-08,2.16396587942693e-08,,5.02037312735125e-08,2.46502492846449e-08,2.17364589282249e-08,1.95839164994913e-08,3.12997128205351e-08,7.1179106619512e-08,,,,2.59005678299865e-08,,,,,
1979-04,2.50247917031767e-08,2.27202563524979e-08,,5.85050591849183e-08,2.70047215799539e-08,2.36742709423775e-08,2.13530079045757e-08,3.29805061333402e-08,7.45382198766267e-08,,,,2.81921522589568e-08,,,,,
1979-05,2.6756652299696e-08,2.42981329489936e-08,,6.18022815609606e-08,2.92914679378346e-08,2.54857708856553e-08,2.31026915558491e-08,3.46967378593672e-08,7.86509824203303e-08,,,,2.99497228978885e-08,,,,,
1979-06,2.93507213175645e-08,2.71082699189078e-08,,6.45095002275932e-08,3.111210049106e-08,2.75560565351155e-08,2.53375690523988e-08,3.83747388887434e-08,8.20867269706958e-08,,,,3.19131675400507e-08,,,,,
1979-07,3.14498598951838e-08,2.87794774785973e-08,,6.69059350472943e-08,3.43131470042257e-08,2.95585649758137e-08,2.7575432357227e-08,4.05415447257332e-08,8.6258586528686e-08,,,,3.52305259327146e-08,,,,,
1979-08,3.50508945895653e-08,3.35962301571788e-08,,6.85812542221614e-08,3.6356876763098e-08,3.19661962779763e-08,2.99581073635685e-08,4.25362211270742e-08,8.97242042950645e-08,,,,3.79976882992783e-08,,,,,
1979-09,3.74503173638925e-08,3.56174288288452e-08,,7.14511488086725e-08,3.86057762735921e-08,3.49021817302615e-08,3.29513801628886e-08,4.70394309214722e-08,9.46032797712757e-08,,,,4.04843585741045e-08,,,,,
1979-10,3.90759064962816e-08,3.59411706074238e-08,,8.28943071726547e-08,4.11733860778675e-08,3.73683478945367e-08,3.53952642389419e-08,5.06187106568735e-08,9.8049090296602e-08,,,,4.40048939306552e-08,,,,,
1979-11,4.10841362506361e-08,3.74461323889243e-08,,8.85466883887277e-08,4.28725103315888e-08,3.96850961213138e-08,3.79608200023491e-08,5.39334679507264e-08,1.01811491969892e-07,,,,4.69698391824184e-08,,,,,
1979-12,4.29457082169359e-08,3.87163084661404e-08,,8.98116757656924e-08,4.4418255256428e-08,4.16044234421676e-08,4.09115450336987e-08,6.02630216836619e-08,1.05170605227007e-07,,,,4.95661890572188e-08,,,,,
1980-01,4.60419930511338e-08,4.18210212886352e-08,,8.99743516855705e-08,4.70755023308293e-08,4.39196312778364e-08,4.44213626652207e-08,6.41890916055908e-08,1.12237244358432e-07,,,,5.46599973642199e-08,,,,,
1980-02,4.85031831444041e-08,4.43015832947711e-08,,9.05036554248765e-08,4.95474990469702e-08,4.5999159273946e-08,4.64666413360777e-08,6.78594986892767e-08,1.18457692175401e-07,,,,5.77508044520191e-08,,,,,
1980-03,5.13143880450186e-08,4.65021524113256e-08,,9.22882345459306e-08,5.25931742919175e-08,4.82635342030433e-08,4.9624133590722e-08,7.30309757044286e-08,1.25545112674486e-07,,,,6.08685819332543e-08,,,,,
1980-04,5.44835266400212e-08,4.95135342706265e-08,,1.03304065120382e-07,5.54575830572766e-08,5.0880658695925e-08,5.25039456754543e-08,7.66127867550596e-08,1.33080956122637e-07,,,,6.46947817487499e-08,,,,,
1980-05,5.7635243683527e-08,5.27203278341145e-08,,1.05948155818106e-07,5.85849278150052e-08,5.35178082732137e-08,5.52777615662956e-08,8.06173274491226e-08,1.42302688022304e-07,,,,6.75644316103716e-08,,,,,
1980-06,6.09421709130947e-08,5.59300379902021e-08,,1.08111502752608e-07,6.29233716891028e-08,5.60733171217662e-08,5.79082586597628e-08,8.49382825469516e-08,1.51257833939942e-07,,,,7.07181696161885e-08,,,,,
1980-07,6.37296191525773e-08,5.78360312541763e-08,,1.10478801586659e-07,6.74968644048638e-08,5.96762919239146e-08,6.05044189580259e-08,8.91807668726464e-08,1.60074329170216e-07,,,,7.50208463823921e-08,,,,,
1980-08,6.59104806444905e-08,5.90580835534955e-08,,1.12525604578562e-07,7.15604206505753e-08,6.24921268697583e-08,6.48024899751044e-08,9.12412574699712e-08,1.68030670604636e-07,,,,7.97226849714523e-08,,,,,
1980-09,6.89054037245256e-08,6.12017791143536e-08,,1.15186691267916e-07,7.51100565475643e-08,6.55005107041304e-08,6.88273595346888e-08,9.93161530540801e-08,1.78801263812804e-07,,,,8.35578749180928e-08,,,,,
1980-10,7.41524582798696e-08,6.53579235690791e-08,,1.33151454419859e-07,8.44701794880522e-08,6.95440373632322e-08,7.524535442959e-08,1.04429409818939e-07,2.18610571238832e-07,,,,8.76340003794314e-08,,,,,
1980-11,7.76209308051348e-08,6.83284731319824e-08,,1.36914852566299e-07,8.93145759535279e-08,7.3374990049399e-08,7.83774673138662e-08,1.0859848600296e-07,2.33526073168804e-07,,,,9.21002975324817e-08,,,,,
1980-12,8.05810107821762e-08,7.0361338174048e-08,,1.38988363545047e-07,9.28423005178193e-08,7.61430728708871e-08,8.37429647905526e-08,1.16587316869245e-07,2.45560758006739e-07,,,,9.5363715138273e-08,,,,,
1981-01,8.45262003074889e-08,7.38481246271178e-08,,1.40508290796448e-07,9.81428510912687e-08,7.883721691918e-08,8.8902441496014e-08,1.19503392014352e-07,2.58814399941553e-07,,,,1.02972962139765e-07,,,,,
1981-02,8.8058023929106e-08,7.67209683379276e-08,,1.43883209134223e-07,1.0144947038925e-07,8.24263282013544e-08,9.41425350249982e-08,1.26515135201807e-07,2.71396868642684e-07,,,,1.07539948761645e-07,,,,,
1981-03,9.33320027003994e-08,8.10666913116402e-08,,1.49613286312029e-07,1.06787867810086e-07,8.67394233043967e-08,1.004276614515e-07,1.35146920136545e-07,2.84731363086054e-07,,,,1.13329593219302e-07,,,,,
1981-04,1.00696567651305e-07,8.64769705842827e-08,,1.77535272559811e-07,1.14695866974533e-07,9.49497079112597e-08,1.08071330644776e-07,1.48714769770031e-07,3.31960917602617e-07,,,,1.22068000692661e-07,,,,,
1981-05,1.08282861439442e-07,9.44684343077543e-08,,1.8566906855373e-07,1.21109911636882e-07,1.01588793587728e-07,1.15087980099542e-07,1.57068110029455e-07,3.4894513974149e-07,,,,1.31273894985582e-07,,,,,
1981-06,1.1843487462983e-07,1.04530678777089e-07,,1.93171584858569e-07,1.31248882857798e-07,1.1060008157087e-07,1.24343985763274e-07,1.72534446085538e-07,3.66584624379431e-07,,,,1.41684466851991e-07,,,,,
1981-07,1.30566609581214e-07,1.15599147693357e-07,,2.00261341366702e-07,1.41427692865437e-07,1.21506050617134e-07,1.33346197723324e-07,1.90506784219448e-07,4.03695601098197e-07,,,,1.64033932879533e-07,,,,,
1981-08,1.40908676060658e-07,1.2433434252978e-07,,2.05918578580383e-07,1.55709897905511e-07,1.29608507846421e-07,1.44169752733334e-07,2.06909706910679e-07,4.56063024060128e-07,,,,1.79173313728438e-07,,,,,
1981-09,1.50981500380606e-07,1.31859151437282e-07,,2.16019053605668e-07,1.70191296879197e-07,1.380652550306e-07,1.55351604736779e-07,2.27109602447101e-07,5.15126268624278e-07,,,,1.9736933916679e-07,,,,,
1981-10,1.59771464999428e-07,1.36656946263965e-07,,2.57149353348053e-07,1.7923470146524e-07,1.47584872079458e-07,1.67533702513563e-07,2.45208506342518e-07,5.78349358518239e-07,,,,2.14432608080818e-07,,,,,
1981-11,1.71285526761382e-07,1.48702473701169e-07,,2.71037506507819e-07,1.86923587302713e-07,1.55564098020086e-07,1.8226866636857e-07,2.60826721312409e-07,6.22975722026364e-07,,,,2.28744896864344e-07,,,,,
1981-12,1.86363087693127e-07,1.6592495300303e-07,,2.84707139775212e-07,1.9662433186968e-07,1.65299369824096e-07,1.91868039984344e-07,2.80950677391928e-07,6.69396426748488e-07,,,,2.3825645561621e-07,,,,,
1982-01,2.08583484738548e-07,1.88470213799539e-07,,3.02771450878124e-07,2.1640428947748e-07,1.80472222240155e-07,2.0708073316393e-07,3.16439716918326e-07,7.03581451842328e-07,,,,2.69416250166274e-07,,,,,
1982-02,2.19606575503774e-07,1.96622090116001e-07,,3.21102841849494e-07,2.33734161701837e-07,1.93457719282529e-07,2.2504036995985e-07,3.23805844237999e-07,7.06613583267648e-07,,,,2.91585913570906e-07,,,,,
1982-03,2.29964479757306e-07,2.04584387913474e-07,,3.41036712031607e-07,2.43693858382501e-07,2.05241711260484e-07,2.41029373291879e-07,3.31070718948467e-07,7.06613583267648e-07,,,,3.10069623205912e-07,,,,,
1982-04,2.3959384640279e-07,2.10752981262066e-07,,4.14483675857295e-07,2.5281694054199e-07,2.16471162439476e-07,2.42791000176267e-07,3.37120562348473e-07,7.06613583267648e-07,,,,3.35224010150828e-07,,,,,
1982-05,2.4692673580552e-07,2.16644498313677e-07,,4.29658668383263e-07,2.59171227024254e-07,2.27962480106868e-07,2.52315728585076e-07,3.46106731415428e-07,7.06613583267648e-07,,,,3.47594430606941e-07,,,,,
1982-06,2.66423035707809e-07,2.39073095406194e-07,,4.43692501471279e-07,2.70007377012817e-07,2.44752743186568e-07,2.62571980022147e-07,3.55346032005396e-07,7.06613583267648e-07,,,,3.84346086729463e-07,,,,,
1982-07,3.09739347838404e-07,2.89705142938847e-07,,4.88974679168771e-07,2.96659525330276e-07,2.9070260994505e-07,2.85950858843769e-07,4.00935019300005e-07,7.73735452560176e-07,,,,4.16908341738213e-07,,,,,
1982-08,3.55241272793138e-07,3.28393743775289e-07,,5.72594957983866e-07,3.40402513151755e-07,3.42613790292381e-07,3.19735279516394e-07,4.63331939722665e-07,8.72096912789436e-07,,,,4.96812627358803e-07,,,,,
1982-09,4.15868272001882e-07,3.96000360238817e-07,,6.68452350771905e-07,3.81814931949958e-07,3.96789345568809e-07,3.56087495308635e-07,5.60711636625697e-07,9.12259503465705e-07,,,,5.34804921579394e-07,,,,,
1982-10,4.68639735262994e-07,4.43686649245664e-07,,8.96902758254845e-07,4.38386009096133e-07,4.46744229208688e-07,3.75196668291825e-07,6.34752607106946e-07,1.01100119778139e-06,,,,5.82200892978106e-07,,,,,
1982-11,5.21807142876305e-07,4.88485511578704e-07,,1.00407462547024e-06,4.96132330450626e-07,5.00719533641046e-07,4.24059420771498e-07,7.38182147409986e-07,1.13219975752599e-06,,,,6.33462620769352e-07,,,,,
1982-12,5.77223514410108e-07,5.28384498344066e-07,,1.10872137392933e-06,5.52882682137053e-07,5.62088715392905e-07,4.77639750331396e-07,8.80264871277082e-07,1.28397095618893e-06,,,,7.14805327373215e-07,,,,,
1983-01,6.69462710698437e-07,6.15255208929321e-07,,1.2064726057846e-06,6.5853514452554e-07,6.37413840585322e-07,5.49239432852786e-07,1.03176408780025e-06,1.48433840900104e-06,,,,8.18641342102938e-07,,,,,
1983-02,7.56728845923147e-07,7.03919623963462e-07,,1.32495894742737e-06,7.35025615033045e-07,7.35998871512001e-07,6.11642825876017e-07,1.16035490149076e-06,1.64336100614228e-06,,,,9.12498311261239e-07,,,,,
1983-03,8.41936070516414e-07,7.73480357468861e-07,,1.48787766718616e-06,8.43187920985064e-07,8.22568851794497e-07,6.75091251796766e-07,1.30084289676288e-06,1.83646277328583e-06,,,,1.01534541156497e-06,,,,,
1983-04,9.28410317036724e-07,8.2977059464514e-07,,1.95623863650766e-06,9.31430833575755e-07,9.24234664937632e-07,7.49587168348422e-07,1.4828444618091e-06,2.07057916717976e-06,,,,1.11495606465634e-06,,,,,
1983-05,1.01250889744384e-06,8.87810787381304e-07,,2.11575815794064e-06,1.05552865421684e-06,1.01542581854482e-06,8.32294057666292e-07,1.65117692461262e-06,2.38119177543465e-06,,,,1.23020954594077e-06,,,,,
1983-06,1.17278717121408e-06,1.06397298040966e-06,,2.35613003955198e-06,1.21667654650999e-06,1.13110919077284e-06,9.2903424589369e-07,1.85191022236179e-06,2.58449005050472e-06,,,,1.34438421148774e-06,,,,,
1983-07,1.31881144830515e-06,1.17028278067263e-06,,2.5678515352743e-06,1.40391884410648e-06,1.28745888825813e-06,1.04443573586249e-06,2.12706418787673e-06,2.96289764953904e-06,,,,1.54846018848902e-06,,,,,
1983-08,1.54624188420838e-06,1.40302687013724e-06,,2.81623581293935e-06,1.63538219496513e-06,1.48832588877123e-06,1.20522151166636e-06,2.44525051230384e-06,3.34923074266516e-06,,,,1.77824794056623e-06,,,,,
1983-09,1.87661785168341e-06,1.77124668586289e-06,,3.14814324946733e-06,1.85947537028008e-06,1.75173276827846e-06,1.3754125835479e-06,2.87253652314948e-06,3.82385802222415e-06,,,,2.18280384211063e-06,,,,,
1983-10,2.19511548859246e-06,2.03898988652519e-06,,4.69477848771405e-06,2.15288803449246e-06,2.11002774005262e-06,1.5823290972565e-06,3.15604382892384e-06,4.06616779502739e-06,,,,2.5870001384092e-06,,,,,
1983-11,2.61735054577771e-06,2.39948073186136e-06,,5.57250005541607e-06,2.68593100084163e-06,2.58955149204443e-06,1.8547841026809e-06,3.75647180151024e-06,5.30710508471411e-06,,,,3.17099905761639e-06,,,,,
1983-12,3.08060543785079e-06,2.72234753266002e-06,,6.50509439609199e-06,3.38310976848815e-06,3.14455440833948e-06,2.15933654710049e-06,4.74317847821421e-06,6.56766745377702e-06,,,,3.78718264632423e-06,,,,,
1984-01,3.46688874785635e-06,3.09742134099522e-06,,7.13103248780313e-06,3.71297492255176e-06,3.54443994003583e-06,2.43641955535675e-06,5.27019830912691e-06,6.60372117841602e-06,,,,4.18400703508355e-06,,,,,
1984-02,4.05447016651999e-06,3.80615334274836e-06,,7.93227209317429e-06,4.03168521633303e-06,3.96342632147422e-06,2.7603797535874e-06,5.87771396435767e-06,7.60401185413014e-06,,,,4.67307016939499e-06,,,,,
1984-03,4.87645064168556e-06,4.73508808578695e-06,,9.12927550362267e-06,4.46393605227388e-06,4.66430427571859e-06,3.27244587337132e-06,6.78392481674356e-06,8.70564644104178e-06,,,,5.36531026759317e-06,,,,,
1984-04,5.77920376469977e-06,5.50215193953622e-06,,1.27397097254011e-05,5.22087300000438e-06,5.85348621127166e-06,3.92185917397193e-06,8.07489558410891e-06,1.05777512081198e-05,,,,6.23555496247086e-06,,,,,
1984-05,6.76589709038024e-06,6.29400683038389e-06,,1.58208402078738e-05,6.099318247239e-06,7.29067111524972e-06,4.70264803883196e-06,9.74050100553332e-06,1.3064152229137e-05,,,,7.24784372944637e-06,,,,,
1984-06,7.97748680810981e-06,7.28127342541861e-06,,1.86421748183018e-05,7.28452215223807e-06,8.79871401020628e-06,5.67303572938459e-06,1.19047755272929e-05,1.7506331921158e-05,,,,8.68626471271536e-06,,,,,
1984-07,9.43614580161175e-06,8.39103690964525e-06,,2.13688174753679e-05,8.72867817093445e-06,1.03391051184357e-05,7.05098624996932e-06,1.51499216523173e-05,2.12349749121003e-05,,,,1.0180424509086e-05,,,,,
1984-08,1.15916668549843e-05,1.0511399729705e-05,,2.42727040451372e-05,1.06110608435801e-05,1.2557268314286e-05,8.74543244808817e-06,1.88532358339948e-05,2.60212349555769e-05,,,,1.21366770463317e-05,,,,,
1984-09,1.47845621111188e-05,1.41469324053647e-05,,2.86892338698951e-05,1.26089759977214e-05,1.52945433136096e-05,1.06668000753823e-05,2.24375781998563e-05,3.07495305693044e-05,,,,1.5000932829266e-05,,,,,
1984-10,1.76416965565883e-05,1.65677042632047e-05,,4.46800339940598e-05,1.46885606646442e-05,1.78485117710539e-05,1.3298790072989e-05,2.62041752622871e-05,3.58647301143509e-05,,,,1.73905096877216e-05,,,,,
1984-11,2.02834372744615e-05,1.85495289347736e-05,,4.98856634301679e-05,1.75390258546503e-05,2.0762931747824e-05,1.57008728331415e-05,3.08238255572711e-05,4.20055911379373e-05,,,,2.09164391229596e-05,,,,,
1984-12,2.42745563446296e-05,2.21383961288363e-05,,5.52539687861546e-05,2.11882587184458e-05,2.40578283283266e-05,1.94092467151918e-05,3.71850207305832e-05,4.99559524091045e-05,,,,2.59688928266918e-05,,,,,
1985-01,3.0376850700724e-05,2.83055311811286e-05,,6.02143703430431e-05,2.66919871041811e-05,2.96987405666626e-05,2.47224925470023e-05,4.66268265389613e-05,5.8420966198655e-05,,,,3.22026497629335e-05,,,,,
1985-02,3.66644470136475e-05,3.38616400837613e-05,,6.83724463250038e-05,3.29466766196385e-05,3.65534809982834e-05,3.22168713263472e-05,5.64989559364613e-05,6.78420680454866e-05,,,,3.88733270728433e-05,,,,,
1985-03,4.63730025295723e-05,4.23489245492002e-05,,8.09252001424851e-05,4.40019399351762e-05,4.66738505793505e-05,4.07562830032104e-05,7.10540185096985e-05,8.32134264846778e-05,,,,4.88883331688533e-05,,,,,
1985-04,6.00410015674891e-05,5.41319586524212e-05,,0.000110571065541217,5.82044674018039e-05,6.06143901088265e-05,5.23113610414831e-05,9.33802188394293e-05,0.000104911389486903,,,,6.52863323781194e-05,,,,,
1985-05,7.51027247251478e-05,6.48650194197116e-05,,0.000137011972518465,7.59526468867484e-05,8.02235689165863e-05,6.7942067380077e-05,0.000123781314753269,0.000137197882083468,,,,8.52084629963943e-05,,,,,
1985-06,9.80358216045264e-05,8.32249698354975e-05,,0.000159616641385148,0.000107624482331262,0.000101126676255259,8.96936806898491e-05,0.000166990865731557,0.00021610335248276,,,,0.00011661998121853,,,,,
1985-07,0.000104101689080218,8.66082172512741e-05,,0.000162554519938175,0.000111150214956217,0.000107442279799,9.91437638916922e-05,0.000177976773830313,0.00022818046410632,,,,0.000134186697476702,,,,,
1985-08,0.000107300919445988,9.15372587449481e-05,,0.000161656160380638,0.000110771746482352,0.000109259941306711,0.00010459286400018,0.000178356471114833,0.00022818046410632,,,,0.000135876842132043,,,,,
1985-09,0.000109439018947864,9.41476091217754e-05,,0.000163040119699006,0.000110572552548738,0.000110985179347927,0.000109370157245978,0.000179900573405211,0.00022818046410632,,,,0.000138376098590473,,,,,
1985-10,0.000111561280675651,9.5212165420705e-05,,0.000207084018006377,0.000110094487108066,0.000111971029657194,0.000113923514870878,0.000180103078623621,0.00022818046410632,,,,0.000138825605147744,,,,,
1985-11,0.000114206188948342,9.87412424664719e-05,,0.000209851936643114,0.000110273761648318,0.00011267960956698,0.000119671195807229,0.000180457462755839,0.00022818046410632,,,,0.000141001216884939,,,,,
1985-12,0.000117833039214487,0.000103378624700165,,0.000211794335686438,0.000110353439221763,0.000113465209032177,0.000126195186896021,0.000180710594278852,0.00022818046410632,,,,0.000144327565408748,,,,,
1986-01,0.00012139653838428,0.0001073889395249,,0.00021213425551902,0.000110711988302268,0.00011495938840716,0.000132301164825806,0.000181039665258769,0.000227985638784496,,,,0.000147528052096522,,,,,
1986-02,0.000123455449015716,0.000109693047678748,,0.00021135729590169,0.000111110376169495,0.000115760391783438,0.000140900292668242,0.000181216857324877,0.00022818046410632,,,,0.000149236177014153,,,,,
1986-03,0.000129188723235561,0.000116561623251294,,0.000213615334789554,0.00011314215429235,0.000116761646003788,0.000148066232536938,0.000190278965848736,0.00022818046410632,,,,0.000152616466324835,,,,,
1986-04,0.000135302104033517,0.000122321893635913,,0.000245009359327278,0.000118420793533102,0.00012033535337488,0.000153052532362239,0.000194253130760038,0.000236134852092181,,,,0.000158999459438091,,,,,
1986-05,0.000140750298319778,0.000126871778091612,,0.000250909396421374,0.000124356772754778,0.000125464855765284,0.000162099531446468,0.000199594205895608,0.000242077778706516,,,,0.000162397729011064,,,,,
1986-06,0.000147148759051317,0.000132544550698237,,0.000258946072463127,0.000130691139843681,0.000129793354779408,0.000170325433254076,0.000210782619212775,0.000251165247060357,,,,0.000171351899631913,,,,,
1986-07,0.00015711071895265,0.000140565180347707,,0.000265841589066928,0.000141188660145102,0.000135569821435269,0.000179327645214125,0.000224401095150865,0.000265545644034369,,,,0.000186365418644783,,,,,
1986-08,0.00017090542018327,0.000156314780386665,,0.000270794706627404,0.000152004890740303,0.00014558236363876,0.000195525655125658,0.000241791230781845,0.000282017853862678,,,,0.000196380424740793,,,,,
1986-09,0.000183258883971886,0.000168637384120851,,0.000280385301903816,0.000160590149279036,0.000157150700861562,0.000210469625560168,0.000262775834039608,0.000290754011247953,,,,0.000217633094768592,,,,,
1986-10,0.000194361163607552,0.000176789260437312,,0.000340235472426236,0.000171565735021129,0.000165807698889811,0.000224517853511091,0.000277837159658871,0.0003020433203813,,,,0.000230435041519685,,,,,
1986-11,0.000204655716764731,0.000186253603423686,,0.000351331426961224,0.00018058922021381,0.000171953859411647,0.00023710303540549,0.000291177190921647,0.000314018632851827,,,,0.000242499797516854,,,,,
1986-12,0.000214348434506569,0.000192290950105287,,0.000360873462261553,0.000190608675074559,0.000179347736731148,0.000251509560349848,0.000309706418406185,0.000329436071051427,,,,0.000257585237578887,,,,,
1987-01,0.000230597990720824,0.00020751556347628,,0.00036881301835114,0.000205169751621691,0.00019131657564209,0.000272156424596529,0.000328817848393653,0.00035001690955482,,,,0.000284627552064343,,,,,
1987-02,0.000245485498363515,0.000221223548695374,,0.000375611415002774,0.000217519775505715,0.000203485665397102,0.000292310630477237,0.000351852816987819,0.000371150982809203,,,,0.000310159524517367,,,,,
1987-03,0.000265757849196115,0.000242223015413986,,0.000392850206512274,0.000225487532850247,0.000218427459146927,0.000317540710431605,0.000366534445322563,0.000375761027570305,,,,0.000343243207132552,,,,,
1987-04,0.000274627002685377,0.000249368667283513,,0.000441167382714957,0.000227479472186379,0.000227361727574658,0.000333813365550104,0.000368812629029678,0.000375761027570305,,,,0.000356188995981973,,,,,
1987-05,0.000286030200028714,0.000260451719162781,,0.000462290972311104,0.000234849647730071,0.00023691215244568,0.0003524746672915,0.000387291230209614,0.00038315142936979,,,,0.000362302285160866,,,,,
1987-06,0.000308994972456269,0.00028480526737117,,0.000484871361189746,0.000258553725830053,0.000254934728411964,0.000374569648553314,0.000420451459724293,0.00043592668147673,,,,0.000377585508108098,,,,,
1987-07,0.000340195387409567,0.000313533704479271,,0.000502595752460079,0.00029102233700902,0.000274959812818946,0.000410847219138589,0.000462977555590447,0.000468410353534425,,,,0.000401319454332036,,,,,
1987-08,0.000386916820969075,0.000365594882385829,,0.000527118540382044,0.000326279663258572,0.000303765126542835,0.000452648535039318,0.000526513567866665,0.000504408369820904,,,,0.000444112478584287,,,,,
1987-09,0.000432054477119786,0.000412843682502706,,0.00057106531873725,0.000367712001450137,0.000342428943359393,0.000486537459001694,0.000581189976837434,0.000537549940039562,,,,0.000495176423490335,,,,,
1987-10,0.000516628190749537,0.000465488178929224,,0.000809252001424851,0.000473683174132408,0.000420218694324977,0.000557748986446864,0.000774076197373199,0.000702482837047905,,,,0.000668865757220059,,,,,
1987-11,0.000569684733944233,0.000499174823456997,,0.000903943954786894,0.00053244538454833,0.000496776132403978,0.000615076505396434,0.000845459286862816,0.00111179456573974,,,,0.000793468974895732,,,,,
1987-12,0.000589006818331558,0.000518715993875706,,0.000942549135772958,0.000540811529760088,0.000517263334143429,0.000645382459424463,0.000852800101030186,0.000787085696033146,,,,0.000818461539480029,,,,,
1988-01,0.000642538494748891,0.000575589549571945,,0.000994022710421045,0.000571487395536535,0.000557775620289862,0.000693155391882438,0.00092139874376666,0.000899320307002644,,,,0.000871323510615163,,,,,
1988-02,0.000709532279140995,0.000635525527497984,,0.00107827426892522,0.000634831066425562,0.000627709376603474,0.000767800598848023,0.00103632045521448,0.000940065434158306,,,,0.000952234690924044,,,,,
1988-03,0.000814219965862469,0.000727106535131929,,0.00124896258485732,0.000713711864136427,0.000731993854630606,0.000878275505157092,0.00126616387811012,0.00109571370283421,,,,0.00106011626466922,,,,,
1988-04,0.000954542644281874,0.000843332750234242,,0.00160490720954643,0.00087744927756655,0.000872785601922771,0.000981584471597468,0.00152182671635307,0.00139855350809619,,,,0.00122499526987642,,,,,
1988-05,0.00110452636489494,0.000944684343077543,,0.00180715950993254,0.00106289882976053,0.00104392305404706,0.0011240075264878,0.00190380218457941,0.00193278769585168,,,,0.00147510071834231,,,,,
1988-06,0.00130297367421718,0.00111792994350609,,0.00199095901940708,0.00124575886081753,0.00121151760662241,0.00127001355131249,0.00235159184878909,0.00257145311894484,,,,0.00173905096877216,,,,,
1988-07,0.00163715070747332,0.00144808822580426,,0.00221870530723681,0.00154215943403411,0.00148062393323009,0.00151932854257755,0.00285405792196954,0.0030652411091278,,,,0.00210782614835773,,,,,
1988-08,0.00208931915768483,0.00187434823426608,,0.00256081033874224,0.00199572402087157,0.00193488527104694,0.00192345769308924,0.00382684236490781,0.00391558107035348,,,,0.00254960119284421,,,,,
1988-09,0.00233369601186219,0.00211015474596049,,0.0028295898063622,0.00216464047657564,0.00214160575777132,0.00217366842683789,0.00403111950397915,0.00391605065717726,,,,0.00300324321044265,,,,,
1988-10,0.00254354651852777,0.00233516986503561,,0.00389353888234291,0.00226085114651087,0.00227870056640374,0.00235027898651846,0.00420375520267389,0.00407771848408546,,,,0.00311436123140018,,,,,
1988-11,0.00268877890691444,0.00246189581349724,,0.00414410835893169,0.00238355460961665,0.00240609091105431,0.00259526455577952,0.00446220248766999,0.00424827126589377,,,,0.00327438556578885,,,,,
1988-12,0.00287281384181664,0.00262609997686638,,0.00437452544544601,0.00247080155253928,0.00254041301569191,0.00284681890325354,0.00475254434456569,0.00442322115358177,,,,0.00350866838343878,,,,,
1989-01,0.00312906902655997,0.00288305178490939,,0.00456269535276803,0.00263095347516436,0.00272402763579285,0.00316659896989411,0.00517046448905986,0.00460240787150078,,,,0.00370231580831136,,,,,
1989-02,0.00342919484552698,0.00316669041524064,,0.00489533118893725,0.00290006447947592,0.00297033617399873,0.00347548083631771,0.00565774267085953,0.00489736993240909,,,,0.00406749493543876,,,,,
1989-03,0.00401234168744599,0.0037495714463121,,0.00591703308572564,0.00339785011957553,0.00353165469383752,0.00399874373714648,0.00628981208382254,0.00532671197909477,,,,0.0045855062920385,,,,,
1989-04,0.00535126710884287,0.00496943630118147,,0.009685772829535,0.0048599335922971,0.00550289319503867,0.00502392100961184,0.00805641698292903,0.0063440728978474,,,,0.00561973097900887,,,,,
1989-05,0.009550336152786,0.00887694123677311,,0.0174463854072555,0.00829423620172383,0.0116957275674533,0.0082587456986725,0.0152853470171291,0.0120365363350776,,,,0.00954374342136655,,,,,
1989-06,0.0204828308493653,0.0203543166666359,,0.0344717562064356,0.0152275831345019,0.0235715298075722,0.0157250591448225,0.034656999855574,0.0178044547843544,0.0136754663601375,0.00789537069459306,,0.0211719363696324,,,,,
1989-07,0.0607590897577501,0.0588262098580817,,0.0968606396958669,0.047899566379316,0.068335595007519,0.0456139014533241,0.120904538473362,0.0452624395911174,0.0440274553880256,0.0186602968482559,,0.0601642968955016,,,,,
1989-08,0.0837632940755622,0.0733477842853527,,0.137222233906712,0.069954523666706,0.0974688609955413,0.0719617161851095,0.151532272113205,0.0764344109850627,0.0704281088337112,0.0373332407106898,,0.108805041896875,,,,,
1989-09,0.0915996704291675,0.0802013348701272,,0.152605068496597,0.0747385552734225,0.103399213684968,0.0805309791285307,0.154506096272427,0.0764344109850627,0.0812017834589143,0.0440322896065092,,0.125767803550783,,,,,
1989-10,0.0967249268934535,0.08383410070655,,0.168715808447745,0.0767512150328011,0.108263157391404,0.0855805828932862,0.159312008529741,0.0764344109850627,0.0900973361329387,0.0479222621062169,,0.131476705889904,,,,,
1989-11,0.103030426489271,0.089287397952996,,0.180039027899577,0.085220147019079,0.117698200486315,0.0911274591696655,0.162219452685409,0.0764344109850627,0.09879335448216,0.0522850532852958,,0.13560013028918,,,,,
1989-12,0.144317756381559,0.128124600535632,,0.241837418424987,0.109560851214693,0.170374499972676,0.142544122350761,0.228931356257237,0.102758354085816,0.141751795324764,0.0618077752118313,,0.16589040051767,,,,,
1990-01,0.258624520353536,0.236680034203954,,0.377944720661649,0.165554063115372,0.31452784108847,0.283441286946151,0.406225707749773,0.120761266168722,0.255116069728175,0.0897677921151556,,0.322375313825055,,,,,
1990-02,0.417860664207376,0.373593636010363,,0.571655322502962,0.322395375876128,0.53202490031212,0.43044905500657,0.676936638243935,0.221520871747696,0.37258575759032,0.202330015466199,,0.525953243984873,,,,,
1990-03,0.81702483733081,0.717069081787527,,1.19337597784723,0.598057878510168,1.04463317954383,0.805145595146634,1.27746989239715,1.24095348784391,0.692843412025408,0.46229456706627,,1.11623985955687,,,,,
1990-04,0.909941887929121,0.729883135122681,,1.36174070076048,0.81022531409254,1.08279328243858,0.980209504781722,1.49265394991834,1.51147913681255,0.829652231220629,0.586799634361225,,1.32022953198407,,,,,
1990-05,1.03376160315709,0.833620498295244,,1.48450032347498,0.995043419471662,1.19463338053963,1.11425886361442,1.68296542010783,1.54138948680856,0.966926622233975,0.707062205119626,,1.43656900990024,,,,,
1990-06,1.17743262420087,0.96578193056336,,1.66586448423328,1.17361831922951,1.35397620664839,1.27788819697836,1.78652486365251,1.8334052261061,1.14477901542755,0.827246403178382,,1.54807736438244,,,,,
1990-07,1.30489433630981,1.07444634245766,,1.82021702458047,1.26381237705706,1.47719521141847,1.46168616050134,1.92346017298418,1.95089194684871,1.3354268093524,0.966509525482868,,1.64670483426716,,,,,
1990-08,1.50503517318482,1.26221238969232,,2.0186188221566,1.48884515457446,1.72841702166335,1.70725916648831,2.1685152321047,2.0730991161926,1.52187270500134,1.09181908170069,,1.82556820337807,,,,,
1990-09,1.74098501748752,1.44055656483915,,2.3716252689093,1.72306092575626,1.99827844674036,2.02288393752441,2.58032349815337,2.63691630137804,1.75605469662765,1.2391573072467,,2.08835481499138,,,,,
1990-10,1.87487393286952,1.52623525913943,,2.57794973910952,1.84927650630284,2.16102977100302,2.24622459004921,2.66970417293891,3.66089925981962,1.88852741988614,1.37371582193645,,2.36867655635102,,,,,
1990-11,1.99075265841545,1.59741890887365,,2.70124316955714,1.98108143527159,2.26924576723208,2.42998240418127,2.72804555806257,3.72912604395743,2.04491969106788,1.52495941279684,,2.71242272656595,,,,,
1990-12,2.083845668441,1.67410687625081,,2.73523249938012,2.06743353455803,2.41143936760307,2.5961711422545,2.76766778218399,3.98557540025023,2.15042134015962,1.60383840130549,,2.8898069093572,,,,,
1991-01,2.24427401548402,1.77418842641022,,2.83815832793088,2.34698832516014,2.63508836011713,2.81870583293216,3.05361956149416,3.95716765551468,2.44595154299911,1.65167759529114,,3.05059207223638,,,,,
1991-02,2.85001269738353,2.21242653437265,,3.68759846427808,3.08136456022992,3.5292552794627,3.52103169302893,4.17027725728124,4.35843413766494,3.12166791341108,1.86892451389814,,3.69030164884288,,,,,
1991-03,3.16471941511012,2.38285644870957,,4.2524653072905,3.3484841427114,3.9464485886892,3.93104619507736,4.34271923051398,5.47362240031236,3.24793458431345,2.86775078424596,,4.19762404983997,,,,,
1991-04,3.33911320069789,2.52062176242411,,4.50675151949384,3.52180682533427,4.05155224647417,4.11236976650876,4.35501944517255,5.72165149693803,3.45569772998707,3.19776742297899,,4.6463977600121,,,,,
1991-05,3.4327585402065,2.6299920232058,,4.60980296628485,3.67478391182892,4.12393562519451,4.22881489626036,4.42179772874793,5.605454748636,3.51846063819804,3.18340249718984,,4.75655199510413,,,,,
1991-06,3.53998906065421,2.78583470426974,,4.65474289173105,3.71610853291725,4.20860316169566,4.33516617173457,4.46864873525638,5.605454748636,3.62059679758976,3.18588800804727,,4.88491057888783,,,,,
1991-07,3.63171080652086,2.88758961913974,,4.64004381292508,3.79792316650597,4.28184464183737,4.39577985589116,4.4902155984111,5.605454748636,3.93363821914495,3.19770209538356,,4.96589536598143,,,,,
1991-08,3.67895515859204,2.94818087956786,,4.59898147829742,3.84497853664499,4.37066387492133,4.50048351932363,4.50842363338597,5.605454748636,3.92236283588006,3.22454357115642,,5.00853151743944,,,,,
1991-09,3.74394203313443,3.04024108102548,,4.6200399805156,3.88645720394651,4.41293225309033,4.61580149210082,4.51775002388532,5.605454748636,3.90486899063627,3.24439499421812,,5.15684716620021,,,,,
1991-10,3.79451523251312,3.09702187490058,,4.67443180619104,3.90558537515102,4.48859775502797,4.71494372138516,4.5246004402521,5.605454748636,3.93684610663556,3.25812603818285,,5.21513693302847,,,,,
1991-11,3.80927305143164,3.09161719555705,,4.69812916380317,3.96297103836317,4.52727082590476,4.78246756182152,4.53984128906811,5.605454748636,3.94448671138594,3.2540236693385,,5.25002129836963,,,,,
1991-12,3.83400360403564,3.08969985669276,,4.69542924398688,4.04127824660512,4.52900538385812,4.84209684239361,4.54426883530517,5.63048871929617,4.10999385050523,3.26107496667037,,5.27982278648311,,,,,
1992-01,3.9506587773741,3.23876806459609,,4.67249955339845,4.19079389169724,4.58979865741789,4.95170765360383,4.53597133486091,6.32775426223631,4.40088781827124,3.26447914683855,,5.35509796749544,,,,,
1992-02,4.03575788030444,3.34281186675528,,4.64008568567183,4.41017179367194,4.63331747749771,5.05686188242316,4.53231379666508,6.32775426223631,4.51967396855719,3.3002378393878,,5.41990332433318,,,,,
1992-03,4.12049265821038,3.4258645797067,,4.75883854014407,4.47636223260711,4.78742928063156,5.15845471156742,4.62496700562584,6.42260267542271,4.34048273838993,3.56075408253128,,5.52653884870071,,,,,
1992-04,4.17351310206787,3.46539304859945,,4.86961114696544,4.56756448841208,4.85384954279002,5.19298467476355,4.74255918192185,7.12033601056658,4.31892970553228,3.61279363675444,,5.56490872938218,,,,,
1992-05,4.20160330496978,3.44884005411106,,4.90704363785947,4.66502400942926,4.90879327203486,5.30908779118518,4.76911118334347,7.12033601056658,4.38923766439817,3.66008979510306,,5.60377654082656,,,,,
1992-06,4.23454763429013,3.4748819670196,,4.91988286883076,4.72745526092295,4.97536496385592,5.38599320596391,4.80679511136111,7.12033601056658,4.3771370412179,3.69035382443032,,5.62674509105766,,,,,
1992-07,4.30775465858136,3.53184341351232,,4.90247950846405,4.86982155228462,5.0660506822508,5.45763161546119,4.83986562913175,7.12033601056658,4.58588178805403,3.76379837359403,,5.67180317774642,,,,,
1992-08,4.37222637966359,3.6154865066677,,4.84598183256678,4.99237336207403,5.1397212131032,5.56954283806904,4.85342042585748,7.12033601056658,4.45495778571944,3.98792510459489,,5.72284174485147,,,,,
1992-09,4.4174239261312,3.65665481710489,,4.86081699779968,5.08878904755701,5.17906883429518,5.64020130502525,4.85819314811302,7.12033601056658,4.45330110107729,4.13501018570861,,5.73875162858768,,,,,
1992-10,4.47334409977475,3.70870884455205,,4.88922503942084,5.14658396787287,5.24526080476534,5.74731839295568,4.94906737297853,7.21518442375298,4.48752311783887,4.17594813168314,,5.76673400964736,,,,,
1992-11,4.49396404641828,3.67977462736354,,4.90299855605393,5.23848977802468,5.27493987143952,5.84215274129695,5.02061837880945,7.21518442375298,4.54701981333213,4.2556335076979,,5.78949542068109,,,,,
1992-12,4.50671329792822,3.66541274426304,,4.89941756385817,5.26573296578864,5.30900695674571,5.92646794922009,5.02392410298644,7.21518442375298,4.59960931278176,4.29268752397531,,5.80895189926453,,,,,
1993-01,4.54422602937672,3.69972649842047,,4.8468585432018,5.39476736211703,5.33814225326784,6.02901395464482,5.02422945100279,7.21518442375298,4.6525078118388,4.2941818927208,,5.85275387261542,,,,,
1993-02,4.57741890696444,3.75599699521076,,4.77982376505543,5.40129478300166,5.37838353890801,6.09391321452732,5.02934071127645,7.21518442375298,4.65941873076926,4.326405749911,,5.86793744134548,,,,,
1993-03,4.61183434461947,3.77401290342221,,4.81575581585769,5.46027034108584,5.40171747328058,6.13993779963921,5.05722031276915,7.21518442375298,4.63747479479381,4.52505778092466,,5.89119545532675,,,,,
1993-04,4.66004314894184,3.82547468826729,,4.85685217209208,5.52531118141505,5.45252441946999,6.21975181473712,5.07463178770138,7.39872907387067,4.6793820909478,4.54644644396636,,5.92355298802311,,,,,
1993-05,4.71999745215589,3.90728518167284,,4.85904438485406,5.69908565629006,5.47599372278337,6.29004745016067,5.09306551468835,7.39872907387067,4.69332554311204,4.57040227735978,,5.94214240317142,,,,,
1993-06,4.75394872061074,3.95353877017602,,4.85605833460167,5.71584795356352,5.52137788097969,6.35962188356234,5.10107094311697,7.39872907387067,4.73103466387696,4.58188462300052,,5.92634140029536,,,,,
1993-07,4.76924187425899,3.90052560769719,,4.82175583152698,5.76902263708204,5.53010688327276,6.43503879684849,5.09829625896841,7.39872907387067,5.08405492620494,4.61669096169762,,5.92402834592476,,,,,
1993-08,4.77000663815861,3.90671715024631,,4.744785871866,5.72859815170218,5.54563301246639,6.51722162601003,5.19125481594551,7.44910887666016,4.96131382913655,4.62578272564304,,5.93405999102801,,,,,
1993-09,4.80931550259914,3.9580904711807,,4.73558346341946,5.76830528755193,5.55397311585324,6.58218482751508,5.29653350158225,7.50006987582397,4.94735300350041,4.65568234947703,,5.94851326130582,,,,,
1993-10,4.83650179705859,3.99156149018894,,4.74198388722951,5.83618678603645,5.55220414206747,6.63875978034914,5.30640420811073,7.58186263386993,4.95751524360124,4.66616947003112,,5.96692740482558,,,,,
1993-11,4.83926663099014,3.9748567102538,,4.73820836123116,5.9054225116788,5.58795186718958,6.65724931836992,5.30688214413632,7.58186263386993,4.95701265387834,4.67148448236567,,5.98037153542391,,,,,
1993-12,4.83863145208462,3.95824970621994,,4.73818829720668,5.93202307382203,5.59706173802796,6.68800969986404,5.28240119882559,7.58186263386993,4.99431597997811,4.67169169333243,,5.98696679435546,,,,,
1994-01,4.84350363542845,3.91927902556406,,4.69415910400222,5.95731539275168,5.59245116367971,6.79689484800894,5.27727002455086,7.58186263386993,5.17374175201606,4.67445995018883,,6.00126338241988,,,,,
1994-02,4.84333262572312,3.90335459044109,,4.63675680230544,5.99825144951119,5.586519021367,6.82928351035659,5.27884986863544,7.58186263386993,5.21942405542207,4.69133896765841,,6.01352442952555,,,,,
1994-03,4.85008379148145,3.86591107624341,,4.66234541231231,6.03050918639434,5.59507938608126,6.88568002145328,5.29438278946709,7.58186263386993,5.16367258408614,4.94202953215155,,6.02782765666681,,,,,
1994-04,4.86188983418185,3.87961925760387,,4.68983748759837,6.02847439686179,5.5906110638403,6.94273527996376,5.30287942992201,7.63093828869751,5.14104735981964,4.96202181784091,,6.02888858114563,,,,,
1994-05,4.87874119427558,3.88138574222046,,4.71496985913547,6.12442219571215,5.62491217680687,6.99521945596855,5.30717421615196,7.66364121639457,5.12554649999555,4.97932852691182,,6.04199544664055,,,,,
1994-06,4.89762130304748,3.89241020789035,,4.71551333249429,6.16288086747582,5.66006909680597,7.05910605899146,5.32080203088161,7.66364121639457,5.14594916082077,4.98904192375752,,6.04668794615013,,,,,
1994-07,4.94283796861258,3.92958367436067,,4.68377030106452,6.21014431496252,5.68229598856943,7.11623566822584,5.3261920871702,7.66364121639457,5.40236547359577,4.99538278348908,,6.04839153326694,,,,,
1994-08,4.95303588277961,3.95309738182164,,4.63787340888536,6.23767260318076,5.68535096729283,7.17426343420501,5.42862970865482,7.66364121639457,5.26097767732662,4.99667912796092,,6.05486064973855,,,,,
1994-09,4.9869351048024,3.98221597642401,,4.66616193870852,6.25335887615904,5.69052481409816,7.21307005104017,5.6755367698745,7.66364121639457,5.22724708162742,4.99947086192193,,6.06177591217372,,,,,
1994-10,5.00291548378823,4.00223582501232,,4.66836636435497,6.26613666466424,5.6962148983896,7.22734539003,5.68281865626438,7.77387007021872,5.27105677295477,5.0010570975985,,6.06471038413642,,,,,
1994-11,5.01422655429804,4.02281532423561,,4.66671588025403,6.30055334772937,5.69321613219246,7.22893054746366,5.68325012628748,7.77387007021872,5.27008634045278,5.00553714160394,,6.06494540745651,,,,,
1994-12,5.02513081290014,4.02345412679069,,4.65381296781372,6.31316444443672,5.70354317630366,7.24234341805618,5.69201892475697,7.77387007021872,5.36530537610265,5.00758883639796,,6.06915856561833,,,,,
1995-01,5.08774267066538,4.10256228052447,,4.60625163395137,6.35779416151717,5.70916442893029,7.25866191493893,5.71281577987046,7.77387007021872,5.66588009060533,5.01116041852943,,6.07858605472926,,,,,
1995-02,5.08760352612253,4.08870976330973,,4.5705987347941,6.37546119289351,5.72606948580906,7.26914239298063,5.72095396830619,7.77387007021872,5.69922226511126,5.02038487915308,,6.09263699695065,,,,,
1995-03,5.06474558290052,4.01727375863028,,4.62195827572595,6.38974725476973,5.74317300732138,7.3132457553868,5.73851811724659,7.77387007021872,5.55428903961167,5.15054194710064,,6.10981228873231,,,,,
1995-04,5.08790836951029,4.03663152468702,,4.65191909837231,6.42745064024929,5.77813146268694,7.38710725152885,5.80831005298333,7.86470681087011,5.49679277531179,5.15715228316335,,6.12255267718574,,,,,
1995-05,5.08897797679768,4.03194573101772,,4.65808922207526,6.47250800801116,5.7919310642881,7.39283523129852,5.82076294165007,7.86470681087011,5.44230336261336,5.16875201432713,,6.13689175534193,,,,,
1995-06,5.07849752485662,4.00507970694119,,4.63487950749296,6.49958450397726,5.79805249367906,7.39366647239178,5.83362074833849,7.86470681087011,5.42372119345109,5.17437018753423,,6.14501532976174,,,,,
1995-07,5.09910153891892,4.01407136506336,,4.58468106293444,6.50816970636654,5.79137926377516,7.39575126669009,5.8391568406349,7.86470681087011,5.65464690005792,5.17597581734069,,6.15606009799057,,,,,
1995-08,5.08674422890754,4.02613411768502,,4.52604002581307,6.47955504746567,5.79091694442648,7.406624316554,5.83919666863703,8.04160314148632,5.48503465772046,5.17616567566491,,6.1588777222009,,,,,
1995-09,5.09510883405964,4.05489792544558,,4.5284773686133,6.50924113226729,5.78491711764337,7.40894852018328,5.82253528774496,8.04160314148632,5.42559752841659,5.17272781095534,,6.16228489643451,,,,,
1995-10,5.11243073638606,4.08653727590304,,4.54115695973762,6.518834532634,5.78008972355095,7.40742135631427,5.81150956915463,8.16165563158878,5.46684711456284,5.17256449196676,,6.15679570770429,,,,,
1995-11,5.10075321650768,4.06675395187594,,4.53305458324208,6.52302366995411,5.77288190105032,7.41983644019198,5.81479537933056,8.16165563158878,5.43173160496054,5.17100275413848,,6.14793917920149,,,,,
1995-12,5.1059228080347,4.06435611429676,,4.50830778991461,6.50868817533783,5.7655742726357,7.42398074954247,5.81848610752817,8.16165563158878,5.54348522201271,5.17114872048452,,6.14389199796063,,,,,
1996-01,5.12122976992004,4.06410096575435,,4.46797386661057,6.49001869397709,5.76057250499242,7.42482686078051,5.8272482679973,8.16165563158878,5.7760440349784,5.17310140314171,,6.14636439017536,,,,,
1996-02,5.10458765772661,4.03488459525069,,4.41322263319221,6.49904074383664,5.75437765515899,7.43114964634142,5.83379333634773,8.16165563158878,5.75490051967275,5.17218477531831,,6.15025090575672,,,,,
1996-03,5.07704872213567,4.00090700395388,,4.43383187573175,6.48987959254577,5.74772736914337,7.43324931078451,5.8317289182372,8.16165563158878,5.55654759095903,5.2193492577324,,6.14887794466648,,,,,
1996-04,5.07712626069772,4.00262785981653,,4.45015788521862,6.46564950272802,5.74654461170295,7.43636311910167,5.85676745557779,8.26206084913463,5.51424939168722,5.20912548904739,,6.18418189966385,,,,,
1996-05,5.07259822110871,3.99054648321368,,4.4595879767256,6.48198185012285,5.74500851838314,7.42381271690644,5.88885554929582,8.26206084913463,5.44205765208217,5.22912083696778,,6.22875533374339,,,,,
1996-06,5.07272993044698,3.9929433895938,,4.45237714079621,6.48165881291458,5.73992988871415,7.42269299500443,5.88031908083877,8.25681590624433,5.45611403181377,5.22854513753304,,6.22195293561448,,,,,
1996-07,5.10023381435919,4.03952289776794,,4.41890424151645,6.47648217039195,5.73944347828278,7.41891449121556,5.87178261238172,8.25681590624433,5.58679480554172,5.23037328946144,,6.22042063668011,,,,,
1996-08,5.09628359638323,4.05509627084533,,4.35969966701177,6.48255779902443,5.73367767916004,7.40939165049776,5.86612039807856,8.25681590624433,5.52290510358163,5.22978227887153,,6.20666048602426,,,,,
1996-09,5.10553723956864,4.08484435601219,,4.35757549746325,6.49604029147509,5.73236184716764,7.41992714807515,5.86872249421788,8.25681590624433,5.46385019065961,5.22618824037912,,6.19943053134694,,,,,
1996-10,5.13127366913506,4.06003814425611,,4.36099684981203,6.50249528764754,5.7247479178446,7.42292199523406,6.36320705469312,8.39094468902265,5.48685390842114,5.22574829985364,,6.19248472915831,,,,,
1996-11,5.12330419199776,4.04193190973584,,4.35701719417329,6.47427494106852,5.72209675155477,7.41774272380681,6.37824212549812,8.39094468902265,5.51192879222592,5.22458465206002,,6.18681362972271,,,,,
1996-12,5.10869613934291,4.00877749840796,,4.34463420167176,6.45044376196703,5.7183442786279,7.42040299270814,6.37710038943699,8.39094468902265,5.54678990456107,5.22453361487609,,6.17954251276898,,,,,
1997-01,5.13255677301109,4.00852421226367,,4.30736920176472,6.44063078826659,5.7099754953807,7.42859495546804,6.39227485824945,8.39094468902265,5.87686477435463,5.22418758276904,,6.17016946408813,,,,,
1997-02,5.15229193030965,4.01534617657634,,4.27619843120715,6.48499379847046,5.70528805900674,7.43048197684075,6.39622446846091,13.2890267480137,5.8614011433989,5.22341283831697,,6.1720722235101,,,,,
1997-03,5.12689327146556,3.9844443357743,,4.30564805740364,6.47956539385313,5.69775558048706,7.43510213082423,6.39648335047477,13.2890267480137,5.69438127126179,5.23032327302119,,6.16936480797529,,,,,
1997-04,5.10994844022854,3.96510146890252,,4.32631225792328,6.47528658784176,5.69493807100727,7.44067694810265,6.38561694389298,13.4779722717563,5.5630663658094,5.24089919827532,,6.17436934409628,,,,,
1997-05,5.10570824927398,3.96442262478787,,4.32481443487818,6.45894504365809,5.69176952003691,7.4386293291663,6.37703400943344,13.4779722717563,5.54589641172036,5.23858108938119,,6.17087851749451,,,,,
1997-06,5.1173337227203,3.98958827938106,,4.3164110980154,6.4546443952732,5.68625380929633,7.47150870629172,6.38464779584109,13.4779722717563,5.53673314625394,5.23867193556858,,6.16442533480731,,,,,
1997-07,5.12870533703883,3.9930895878462,,4.27912167233942,6.45868638397174,5.68455137278656,7.47645600346039,6.37763142946542,13.4779722717563,5.68381695938264,5.24371032636623,,6.16382117881499,,,,,
1997-08,5.13714535640882,4.03250445045364,,4.22347017486601,6.45298667408341,5.68850231034699,7.49063766053809,6.36774080893587,13.4779722717563,5.62142882177986,5.24238029735299,,6.1529928444911,,,,,
1997-09,5.13468536586504,4.04464728619445,,4.24662056972375,6.43548633450493,5.68175107122297,7.48509704459267,6.36410318474111,13.4779722717563,5.53822974676213,5.24386241717434,,6.15047265092313,,,,,
1997-10,5.12664153668194,4.03173993602549,,4.24873078169002,6.41537295729511,5.67102480345583,7.47940475317047,6.36484664078091,13.568823187929,5.54433155828684,5.24315402106138,,6.13843334898387,,,,,
1997-11,5.11673359549351,4.01229929325242,,4.24582673223333,6.39148429826334,5.67834046223134,7.47992966928124,6.37489657331899,13.301728015121,5.54991961142813,5.2472676180862,,6.12232562075786,,,,,
1997-12,5.12545190394919,4.01580805131004,,4.23227130282289,6.3891609594807,5.67825901142797,7.4869900140233,6.36364516271658,13.301728015121,5.65962812264489,5.2443370629849,,6.1188547113866,,,,,
1998-01,5.1576697075649,4.01205718149685,,4.19175767564739,6.37189973641226,5.67871444761017,7.47357863044525,6.57810567819903,13.301728015121,5.93957804407445,5.24628872489841,,6.13635930137947,,,,,
1998-02,5.17565334309891,4.04160226526865,,4.16402483206753,6.38236683171949,5.67184275307272,7.47437269617656,6.68576076796301,13.301728015121,5.93528183266536,5.24307950677284,,6.13105335116999,,,,,
1998-03,5.16915178778005,4.04870917649363,,4.21812093146908,6.47185273680577,5.66970094110254,7.48303604252601,6.67453590936201,13.301728015121,5.71293986214077,5.23892303851352,,6.12035248712141,,,,,
1998-04,5.16973492025351,4.05675008037568,,4.22847658514894,6.4666680470929,5.66757518985414,7.48673573454754,6.65268361219202,13.3778222135943,5.67593808987474,5.24502708571164,,6.12990346306153,,,,,
1998-05,5.16600138538244,4.07460116635353,,4.22664814187432,6.38087695192617,5.66419211352844,7.47934675960583,6.63107692103517,13.3778222135943,5.63227483209629,5.25396471736159,,6.12405576418202,,,,,
1998-06,5.1758636531713,4.09493110422878,,4.21740996712327,6.40291015880794,5.65938307454664,7.48682049437279,6.62301838860371,13.3778222135943,5.63875265519146,5.25784354334033,,6.11861437680504,,,,,
1998-07,5.19204053399246,4.10998673062888,,4.17723830071288,6.38010557126158,5.65768293242569,7.48306726983005,6.62011094444804,13.3778222135943,5.80660273109306,5.27325064842535,,6.11354079428492,,,,,
1998-08,5.19308889783819,4.12588229858099,,4.12207182922261,6.37635558060895,5.65481724078053,7.48229550931591,6.61885636238087,13.3778222135943,5.78855293474838,5.27391311107277,,6.10469223267433,,,,,
1998-09,5.19148289364898,4.12502838904309,,4.13637747867894,6.3668518489335,5.64844113422975,7.47486638498329,6.61796687033325,13.3778222135943,5.77859917631038,5.27663441371995,,6.11098740533276,,,,,
1998-10,5.17249019463631,4.08331532715587,,4.12759815944432,6.35985769101486,5.64599072696231,7.48136166422366,6.6167388402675,13.4884621575368,5.7778148881502,5.27578515497935,,6.10592444533559,,,,,
1998-11,5.16020829884281,4.05943286486719,,4.12394650698843,6.36964192475016,5.64467718935874,7.47926348679505,6.60671545973083,13.4884621575368,5.75863581613184,5.27698044582701,,6.1079360856177,,,,,
1998-12,5.15950938961232,4.02921545537416,,4.11218026515253,6.37243544936263,5.63713782767258,7.47560691819339,6.58992131883166,13.4884621575368,5.94512142257371,5.27962825492933,,6.1068167372627,,,,,
1999-01,5.18383206813652,3.99444448247833,,4.06769657817608,6.43512536054266,5.61737510950953,7.68739644225225,6.58772414071402,13.4884621575368,6.23931138615213,5.28115120449783,,6.10759085362209,,,,,
1999-02,5.17550463900732,3.96296716065728,,4.02317712489513,6.51295893415896,5.59324158063068,7.73387605379443,6.57361838995878,13.4884621575368,6.26804462675472,5.27973441227191,,6.11153048181817,,,,,
1999-03,5.1366461355299,3.95921349724692,,4.05661513021927,6.50471746175285,5.60394031573189,7.50013670902424,6.5841396205221,13.4884621575368,5.97866463296881,5.29063901699055,,6.10796662537116,,,,,
1999-04,5.13161568854573,3.9756202934829,,4.09046401187087,6.48740335714854,5.59680935525697,7.49905862352761,6.58147114437922,13.5798659190412,5.81617923699831,5.29668590254267,,6.11045229573956,,,,,
1999-05,5.10634980121199,3.93902417042971,,4.08294959852757,6.45379369230479,5.59315554104966,7.5100625306656,6.58558006659922,13.5798659190412,5.72487916022479,5.29512314397071,,6.11085462379599,,,,,
1999-06,5.10603964696381,3.93902323923065,,4.07318888679106,6.45878409985325,5.59178464372541,7.50939486116493,6.57131500383545,13.5798659190412,5.74170288583805,5.29379005272644,,6.10781658223461,,,,,
1999-07,5.11553015452369,3.92794290161716,,4.02095525227087,6.48132657891746,5.5863836524262,7.51543362696053,6.55992419522558,13.5798659190412,5.94944741707749,5.29622963011833,,6.10686984987741,,,,,
1999-08,5.09627403683448,3.90832905581896,,3.96386088973246,6.49738187304825,5.57692388729167,7.53536556902507,6.55720261507986,13.5798659190412,5.83928223174214,5.29549265318237,,6.10851766874877,,,,,
1999-09,5.08612073389493,3.89725896139514,,3.96130926922756,6.49515854934433,5.56789202567342,7.5453003127533,6.56153059131158,13.5798659190412,5.7773706236544,5.29609897492747,,6.10107924705871,,,,,
1999-10,5.08532516700491,3.89188408042152,,3.96743054139264,6.4682889811273,5.55527288712385,7.54651817761087,6.6042195715972,13.5798659190412,5.79891993362521,5.29635722307816,,6.087453205755,,,,,
1999-11,5.06925131687579,3.85099885449854,,3.96373439914333,6.45469267841465,5.54653356008106,7.54228910843514,6.65062583208184,13.782859384417,5.80078634089248,5.29663996907713,,6.084918406218,,,,,
1999-12,5.06609879013402,3.82352010144061,,3.95098502010776,6.43752917122772,5.54590833912565,7.53897009212,6.70300629288635,13.782859384417,5.89267463378613,5.29987980951306,,6.08102392374443,,,,,
2000-01,5.1089191954803,3.82728866403593,,3.89682174984164,6.44406119050676,5.53943127946648,7.65374381759821,6.78045848103322,13.782859384417,6.27118177939545,5.29870901651369,,6.08473782332798,,,,,
2000-02,5.10912844338062,3.82087177131432,,3.85854133582599,6.44330590422265,5.53637171196542,7.67788252362132,6.80537089636706,13.782859384417,6.30245278785812,5.29908362944374,,6.07653059654001,,,,,
2000-03,5.08213440206816,3.84556717038227,,3.89508054145608,6.44195397626204,5.53012064960573,7.67473302695669,6.80471373433188,13.782859384417,5.85463417609278,5.24926827569629,,6.08137845044761,,,,,
2000-04,5.07641991626265,3.83135148553418,,3.90901457028503,6.45632970682953,5.52483896652552,7.67792564704118,6.77847371892696,13.782859384417,5.86205513051981,5.2474584971541,,6.08558762516334,,,,,
2000-05,5.05668794548035,3.81827651953444,,3.90579298583218,6.49846479493505,5.51752789652767,7.68795109865258,6.76215751405337,13.782859384417,5.66951611008212,5.24592840237986,,6.08315905085575,,,,,
2000-06,5.04733870680748,3.80845609424897,,3.88883801279521,6.49704044226227,5.50688422675831,7.67779478976711,6.76310674810419,13.782859384417,5.64095908612311,5.24390324692149,,6.08522247593721,,,,,
2000-07,5.06925981425245,3.8106462744378,,3.82669100548267,6.5031436612613,5.4923974557034,7.67497243628766,6.76940621044147,13.782859384417,5.85577958427608,5.24504443835418,,6.24082251980538,,,,,
2000-08,5.05835343130619,3.82215961961413,,3.78105669031958,6.50048693888293,5.48546954863969,7.66842065049712,6.75518761368019,13.782859384417,5.7167545801857,5.2439216203077,,6.24829015343353,,,,,
2000-09,5.05058576686462,3.8234064951553,,3.80002940634041,6.49769571346767,5.46722571588025,7.65444271440292,6.74789908928996,13.782859384417,5.6414095554303,5.24355925630179,,6.24762359011893,,,,,
2000-10,5.05963653518222,3.85410067856699,,3.80280173111462,6.4479479833935,5.45452397933289,7.65262855673963,6.74420836109235,13.782859384417,5.6661096686269,5.24401144575142,,6.22223443247244,,,,,
2000-11,5.03476471369121,3.80451339742945,,3.77906511780242,6.43940991454706,5.435887806084,7.65841601708842,6.779389762976,13.785694488682,5.61945569175661,5.24530779022326,,6.18650690437276,,,,,
2000-12,5.02913626382441,3.76701121769099,,3.76796709521669,6.43300894950909,5.42622613473269,7.65837884172647,6.83714036606804,13.7488381332367,5.70749824254837,5.24897021854213,,6.17982533744231,,,,,
2001-01,5.03318101511574,3.76364865788578,,3.61780793598643,6.43035107753212,5.43240721823315,7.71248237649791,6.79532096382898,13.7587609981643,5.92311171559748,5.24044088436362,,6.16848313857111,,,,,
2001-02,5.02171592965392,3.76153669841797,,3.47395847628161,6.42871864751166,5.44054197381997,7.73585824409375,6.78536396329587,13.7204870905865,5.89275529633425,5.25968802716759,,6.17142026616454,,,,,
2001-03,5.03128397577585,3.78449913603549,,3.61640170957484,6.43610136975912,5.44505618383748,7.75110014249435,6.86833896773844,13.6793780787436,5.67649528193791,5.185769852937,,6.18419517781753,,,,,
2001-04,5.06491553043377,3.80776980054184,,3.81334232275929,6.44645235560715,5.43849882056935,7.76210702366129,6.96923657314061,13.6765429744786,5.66891052049008,5.19387557848888,,6.18165905046515,,,,,
2001-05,5.06819339348131,3.79651253510698,,3.84127755128176,6.5171756618456,5.44692037475957,7.7623375109054,6.98649537406467,13.6652025574185,5.63570609279708,5.17773864167366,,6.18621876843796,,,,,
2001-06,5.03163767907942,3.75087633158049,,3.80719488012749,6.51579614351846,5.43832674140731,7.76983206387506,6.87829596827155,13.6765429744786,5.57626648156865,5.17505510654258,,6.18171747434133,,,,,
2001-07,5.01518038482841,3.74831646536489,,3.68897154143183,6.51913687706737,5.42271113104942,7.76326540793974,6.73889796080803,13.6680376616835,5.67867068881259,5.17814693914511,,6.1678125918104,,,,,
2001-08,4.99724348486605,3.7366327107606,,3.56846613803845,6.42890488248583,5.42845972225596,7.76060960008184,6.83913176617466,13.6283462019732,5.60287519474999,5.17523475743002,,6.17213197520165,,,,,
2001-09,4.99346002790709,3.73107345237314,,3.61906150134217,6.41935056847172,5.40323406429537,7.76902461501345,6.81257976475303,13.9175268370057,5.55131321206718,5.15332755659958,,6.18097256992003,,,,,
2001-10,4.97143057890967,3.6909806768501,,3.64828955092046,6.40307110261277,5.39198123429239,7.77083877267674,6.76213096205195,13.9217794934032,5.54313278872555,5.15049907586614,,6.19002827072799,,,,,
2001-11,4.95512623743858,3.70011015243314,,3.65583798587049,6.33612997578791,5.37963856959649,7.75134847391219,6.71433735949303,13.8905933464879,5.46148243463173,5.14671211681848,,6.18015994691498,,,,,
2001-12,4.95135871306086,3.68753617152762,,3.64684406880879,6.33191324810126,5.36709285148939,7.75276411169535,6.70039755874668,13.9217794934032,5.51264358649849,5.1477420471902,,6.18273723654375,,,,,
2002-01,5.06487410572254,3.76515626916372,,3.59728505598706,6.36271559314927,5.56138972773715,7.78311556420799,6.96658137299845,14.0564469459919,6.00369360116928,5.1513268989895,,6.24819189509631,,,,,
2002-02,5.22393543729499,3.91517336890906,,3.60204022978952,6.4244421406975,5.97401146722547,8.01814712455966,7.07411697875602,14.3172765383741,6.24370191069441,5.2138270344311,,6.65857315172572,,,,,
2002-03,5.43056720776804,4.11985744066358,,3.90824515856355,6.47704547370887,6.38818650794979,8.20546485135231,7.28719679016455,14.5795236828889,6.52332918193148,5.24012037084854,,6.99102758005341,,,,,
2002-04,5.99472928783023,4.66448783481421,,4.75458932869814,6.60582350954813,7.245048959354,9.39364889993887,7.94900542559852,14.6475661852495,7.07244258066354,5.31818684738902,,7.76031069150509,,,,,
2002-05,6.23516256049445,4.89597460910919,,5.02165021805487,6.70532126889368,7.55175138582928,9.77709045326353,8.25568104201827,14.7085209269475,7.43199899131379,5.37673670479438,,8.0961683106203,,,,,
2002-06,6.4610015887409,5.1287371261162,,5.2179723358759,6.9234461083879,7.78780958031522,9.82134400413199,8.68914246522627,14.7694756686456,7.74527991858878,5.42013872600909,,8.3374190847843,,,,,
2002-07,6.66702048592217,5.33975614507507,,5.34517825109769,6.94628863268826,8.02147013847675,9.90287700796659,8.9513434792648,15.0827546899308,8.29467873864495,5.45457861772556,,8.74710323834564,,,,,
2002-08,6.82315978209482,5.58857253387437,,5.35232278851139,7.17876046278481,8.10559390482585,9.98542118164631,9.14052648939387,15.0827546899308,8.26246335788814,5.47279889238884,,8.81709238637902,,,,,
2002-09,6.91532445372,5.74951166739302,,5.58137543670632,7.17822015144001,8.11347513044727,10.0192358908785,9.25735529564901,15.0643265122081,8.27375611462492,5.48902871687882,,8.68853330247479,,,,,
2002-10,6.93043916245834,5.73150227757499,,5.78278334855934,7.17993305336289,8.15387931769417,10.0238456357606,9.29784709781699,15.0161297397027,8.35043517383,5.49806229843456,,8.60335394663451,,,,,
2002-11,6.96572451904919,5.78980465071392,,5.82047754412053,7.17312742961562,8.24711180768723,9.97606786057901,9.34630450041145,15.0033717705101,8.35845179015084,5.50331912837943,,8.64883162297948,,,,,
2002-12,6.97876799222607,5.82426832791999,,5.78844489285908,7.15935523831626,8.27730596465312,9.91462442234364,9.29386429760374,14.9013080169692,8.49192969285513,5.49535732768623,,8.68849346801376,,,,,
2003-01,7.07083706836379,5.91454807677513,,5.65974726103444,7.25270264511994,8.32391647367758,10.0579726180331,9.38945150272159,15.0118770833052,8.90002013822799,5.50383970765552,,8.66995716548016,,,,,
2003-02,7.11085971244396,5.98535645328822,,5.61603385812836,7.29937634852178,8.37880972636822,10.1305835349991,9.40936550378781,15.2783768842175,8.8037214653956,5.47866816854087,,8.76411255320634,,,,,
2003-03,7.15236939744006,6.0570494689082,,5.92479302445396,7.33935938803695,8.38462600204516,10.1908968422311,9.37551170197524,15.2812119884825,8.60096063866769,5.52580611161932,,8.76355487075189,,,,,
2003-04,7.15632067758811,6.04167537242962,,6.18197020088062,7.34087685819682,8.38748251613502,10.1884432683422,9.36953750165537,15.2982226140726,8.54923733088864,5.52105965351376,,8.69788112266365,,,,,
2003-05,7.12887415096837,5.9832333194317,,6.23467752084839,7.34038253079626,8.37308522624437,10.1605022662986,9.33369229973618,15.3138156875303,8.54505528800919,5.52998095326485,,8.67564021525407,,,,,
2003-06,7.12276666149223,5.93640331871046,,6.22711425596722,7.49017522915241,8.35235542319067,10.1729783177699,9.33501989980726,15.3648475643007,8.54331794081892,5.53703429208408,,8.6287550546193,,,,,
2003-07,7.15439814611823,5.9383774607174,,6.09483127020236,7.48795650384291,8.33708626554568,10.1857815124264,9.33170089962956,15.3804406377583,8.86524837517692,5.55398884458588,,9.02132366809053,,,,,
2003-08,7.15614010833403,5.96759848721636,,5.96899494273875,7.48021970522483,8.34850084996098,10.1753872812245,9.31908869895429,15.459823557179,8.70049822304768,5.57557757338859,,9.30444046079925,,,,,
2003-09,7.15897610779512,5.98948166512348,,6.11928320960482,7.47118386018201,8.31379821894966,10.1676250656488,9.29519189767483,15.4754166306367,8.58055921880475,5.58036486124129,,9.26237526994937,,,,,
2003-10,7.20117620464505,6.07791763984006,,6.21577372038991,7.47951845007519,8.31002394932892,10.1676548059383,9.2898814973905,15.4300549623963,8.57601729686446,5.61140567650797,,9.23678826781309,,,,,
2003-11,7.21893572186959,6.11301453240685,,6.21522414058885,7.47947246613095,8.28549693276621,10.1939006114769,9.29917469788807,15.4428129315889,8.59506606784355,5.62059236961551,,9.23985552131256,,,,,
2003-12,7.23426286502449,6.09625294932905,,6.21604414854598,7.48576077050553,8.29140498399624,10.2181835579044,9.31045929849226,15.3946161590835,8.85860922698551,5.61335529693413,,9.2230586569107,,,,,
2004-01,7.26467285175526,6.11965398170378,,6.01994011794759,7.49193411501952,8.31567961778796,10.2643107470153,9.3177610988832,15.4130443368061,9.20339818651841,5.61409023238273,,9.2593611290646,,,,,
2004-02,7.27198059568498,6.14117399197755,,5.89269930877018,7.5533801605079,8.31322462174286,10.3077910503551,9.34364930026929,15.4045390240111,9.16113101130358,5.59324664646541,,9.24885810950581,,,,,
2004-03,7.3151260256886,6.16483576008904,,6.29573321969884,7.57988990436127,8.37846556804415,10.5244341896705,9.3781669021174,15.3861108462884,8.79421569434024,5.70437501075623,,9.40639012473404,,,,,
2004-04,7.37788977406168,6.22232799004588,,6.45310495955627,7.61100953862451,8.43694953924935,10.5261888667547,9.43658130524497,15.393198606951,8.90937699380991,5.75288075036402,,9.54862570692595,,,,,
2004-05,7.43179500726414,6.28068623512841,,6.5288597372127,7.77641378604956,8.47703251206044,10.5800782714413,9.48304730773281,15.396033711216,8.82254686316451,5.80309113191509,,9.61185627473755,,,,,
2004-06,7.4738570217433,6.32376350363835,,6.55224741096867,7.79148502377365,8.52282851305125,10.6148595400842,9.51358210936768,15.3974512633485,8.93371226409655,5.80827650980246,,9.73157210829265,,,,,
2004-07,7.50830326238873,6.3044131871741,,6.43673969436932,7.80348683321983,8.5362047999138,10.6273950721346,9.5222115098297,15.3974512633485,9.41735249300081,5.8316821623531,,9.96302360504275,,,,,
2004-08,7.53409280055929,6.38288533194998,,6.34124366131947,7.82268512993931,8.59057034317418,10.6687489447708,9.5613757119266,15.4640762135766,9.24745234741468,5.8684595570936,,9.92317586585699,,,,,
2004-09,7.5815081623358,6.42543181699579,,6.63209350492183,7.85147107903247,8.63763972996408,10.6758717441209,9.57797071281512,15.4116267846736,9.22631875980726,5.95957113784678,,9.96273148566185,,,,,
2004-10,7.6115145236751,6.43802162828534,,6.76595544217861,7.86945080122963,8.66330246899626,10.719604839922,9.6071779143789,15.398868815481,9.31491105688851,5.99863499842738,,9.92751782210949,,,,,
2004-11,7.61168447120835,6.42346698697945,,6.79640041845923,7.86838167452609,8.71958382692735,10.750787533528,9.60452271423674,15.3946161590835,9.28294386858745,6.01721253337817,,9.950090683361,,,,,
2004-12,7.67531920068933,6.4657061763355,,6.82164619535211,7.8813721387734,8.76819045423148,10.778906977309,9.6284195155162,15.4158794410712,9.57746144620746,6.02101990729941,,10.3031833459494,,,,,
2005-01,7.78936461722033,6.51146529813789,,6.68909278143117,8.05808843648106,8.86289135307394,11.0052305808768,9.73661892130932,15.4385602751914,10.1300743585656,6.01715128875746,,10.6413513638045,,,,,
2005-02,7.86304749460466,6.62819110029355,,6.58436729711917,8.22098655894511,8.95092705237341,11.133931683957,9.76914512305081,15.4300549623963,10.1183100361629,6.02567449847389,,10.6402492770493,,,,,
2005-03,7.98459184604028,6.80446708232838,,6.9589539107266,8.25172682566839,9.05486286624534,11.2078660438085,9.8687151283819,15.4584060050465,9.89205779349794,6.38480274692102,,10.7035329574756,,,,,
2005-04,8.02374350901255,6.82927422528352,,7.20144073183619,8.27010890737764,9.1690431262307,11.2236432674212,9.93841413211366,15.4499006922514,9.7760650493015,6.48813262950722,,10.7325590014143,,,,,
2005-05,8.07194487813034,6.84330739511588,,7.27358398508569,8.45895347037814,9.20113015397902,11.2971612632188,10.0114321360231,15.4910097040943,9.73377305484108,6.64081546895446,,10.7664979622136,,,,,
2005-06,8.14587205509372,6.8963764295383,,7.28478494484051,8.80927065357131,9.24081160874535,11.3024401646161,10.0691827391152,15.4995150168894,9.77881998556036,6.69549670781787,,10.8321451539945,,,,,
2005-07,8.2276699271907,6.97677615636814,,7.07712229144217,8.97008800255859,9.27355253730942,11.3640174341545,10.156140543771,15.4966799126244,10.1604779343955,6.72600673637167,,10.8739315036172,,,,,
2005-08,8.26361383047289,7.07552981666816,,6.98509820697676,9.03338490180256,9.32611698534046,11.3992150668513,10.24708114864,15.4980974647569,9.86983215908521,6.76207981797393,,10.908096193029,,,,,
2005-09,8.35971916052528,7.25408723639969,,7.29890827337871,8.92265556407682,9.37854377004186,11.481075213871,10.2908919509857,15.4739990785042,9.82459908402412,6.7977752244151,,10.9646080150799,,,,,
2005-10,8.42504274361792,7.26834389400642,,7.57652458431124,8.97350231041828,9.43580024322451,11.592467468426,10.3406769536512,15.4640762135766,9.99538031282817,6.91088383144243,,11.0372793501561,,,,,
2005-11,8.52668199022173,7.42466428018808,,7.68185198935773,9.01746296111006,9.47608971103005,11.7064025177386,10.3831601559258,15.456988452914,10.0942601872004,6.98171323530153,,11.0734224844659,,,,,
2005-12,8.62160830926221,7.48061071970552,,7.72717051422244,9.05760694443007,9.56986138239751,11.9927717659324,10.5126011628563,15.4711639742391,10.4756327147114,6.96752489816878,,11.0374121316929,,,,,
2006-01,8.73160685015772,7.54633474935169,,7.54784175278956,9.12601955747055,9.62461697175852,12.2083888652579,10.6281023690403,15.4924272562268,11.2249381482543,6.9736289453669,,11.0716299337194,,,,,
2006-02,8.76621241661557,7.61956424342046,,7.38987681568655,9.16311710448477,9.70364719491124,12.3281530113247,10.6732407714571,15.4768341827692,11.118116115298,6.99723874665326,,11.1102428046132,,,,,
2006-03,8.87187729541323,7.73546127841283,,7.8385084031249,9.22001073949357,9.78757593821003,12.4043625033276,10.7734745768237,15.4768341827692,10.7696787266655,7.66474386784678,,11.1646832346904,,,,,
2006-04,8.95815753369965,7.77343557607464,,8.2707660018874,9.31668048626846,9.86162733760775,12.4694788673239,10.8259147796314,15.5051852254194,10.9266604549296,7.71601582282362,,11.2712404179512,,,,,
2006-05,9.00008146580805,7.7486284331195,,8.44646579193554,9.52136651805904,9.93661943642461,12.5667742246265,10.8962775833987,15.5037676732869,10.8847655683984,7.81366016311993,,11.3095611694641,,,,,
2006-06,9.04366238636562,7.79059757474819,,8.46538703937184,9.59794128120182,10.0052675501343,12.59574126666,10.9440711859576,15.4825043912992,10.9322571948069,7.82921629678203,,11.3839453863647,,,,,
2006-07,9.09946890759631,7.79186400546962,,8.22659897755823,9.83654047186812,10.0556523287795,12.6150427145858,10.9905371884455,15.4810868391667,11.2662497825145,8.14114535753,,11.398870031098,,,,,
2006-08,9.15065498026679,7.85130244146161,,8.15770958567053,9.89380197843082,10.1069204471232,12.7937372444199,11.0436411912887,15.4825043912992,11.1724330342396,8.37701880678436,,11.4769588528746,,,,,
2006-09,9.23295207324268,7.91396282620078,,8.62449475352148,9.93827994849528,10.1474508257556,12.8061538153121,11.1146677950916,15.5278660595396,11.2505267904425,8.4335169693957,,11.5280664663788,,,,,
2006-10,9.31197767620353,8.0142157169872,,8.78549546476365,9.96674400997877,10.2478532808336,12.8498720409685,11.1730821982191,15.5136905382145,11.370081096379,8.4050688430727,,11.5776338140564,,,,,
2006-11,9.37787483222089,8.12337087078606,,8.82752523431094,9.99541499921133,10.2943834862491,12.921903022288,11.2374708016666,15.5080203296844,11.3754916919145,8.39464705011404,,11.6154898301905,,,,,
2006-12,9.46989079975447,8.26787434089787,,8.85239590118087,10.0353290628101,10.3705686672561,12.9555987703619,11.2739798036213,15.5519644457923,11.5977480360418,8.35382751040622,,11.6314501709107,,,,,
2007-01,9.57550849481928,8.39684975757164,,8.66412015198243,10.1025932404903,10.3960362970638,13.0811397099961,11.4635483180394,15.8134659605746,11.9363754989866,8.35202387726256,,11.7972455832435,,,,,
2007-02,9.63873035454117,8.52460265844756,,8.67305294300279,10.1131285936209,10.4679448988736,13.148999677366,11.4577154406727,15.8054197601197,12.0169086778531,8.3297790684907,,11.7577295782315,,,,,
2007-03,9.73914154351123,8.61384631169102,,9.02418034388018,10.171478241729,10.4836749055194,13.2406106333153,11.691030535341,16.1272677783132,11.6190941798377,8.6297833813869,,11.8779956804418,,,,,
2007-04,9.96004615924537,9.01483149338768,,9.17809920453876,10.345716774274,10.6185035339128,13.4396665376002,11.7153341910357,16.1607936135417,11.7161221061829,8.65683787854187,,11.9424239494831,,,,,
2007-05,10.1675626164502,9.25872339505989,,9.367062091508,10.5369739541838,10.8177502847608,13.5154435011632,11.9107355828204,16.4303413287788,11.6724595393276,9.54121932998538,,12.1640571949849,,,,,
2007-06,10.4375571467919,9.74711845630323,,9.42821735310896,10.662587779972,10.9510808172831,13.6511634359029,12.1012762434663,16.6931838769702,11.7161221061829,9.72579112168705,,12.3126717355733,,,,,
2007-07,10.7038327442088,10.1701089223613,,9.51891953885419,10.7703725466161,10.9982708372208,13.8174203559591,12.3501456777792,17.0364884297099,12.0033247681647,9.85925997431822,,12.5085336734587,,,,,
2007-08,11.0593627318213,10.6371099571422,,9.68451974161633,10.8846406074944,11.626722055121,14.0639782374029,12.685536126365,17.4991449558631,12.411812338078,10.0330099671579,,12.6107598603375,,,,,
2007-09,11.2810111341404,10.9512965171911,,10.0590098267008,10.9170570786656,11.828964997711,14.1160042123864,12.8702439096441,17.7539413035996,12.5078699851598,10.0817080620368,,12.7602334445131,,,,,
2007-10,11.4424128230775,11.1707381029061,,10.2301071316293,11.0921060229898,11.9113602706181,14.161244190633,13.0588402778344,18.0141017849727,12.5573542275958,10.0847141172763,,12.8186484084438,,,,,
2007-11,11.3962980548098,10.8064283951452,,10.4870966579075,11.2412217903771,11.9607974343623,14.2324971563714,13.3154868819696,18.3681346049856,12.665055225839,10.3071622049949,,12.9217336389098,,,,,
2007-12,11.5078660425543,10.8449376427776,,10.6575068250652,11.4170811464806,12.109108925595,14.5910239839754,13.4486709151761,18.5518561820377,12.7203611438558,10.3167815817611,,13.3022899480467,,,,,
2008-01,11.7406712436478,11.1811294871879,,10.5647432260076,11.5743010316607,12.2222151638583,14.6894209366617,13.6022700191661,18.7637394606818,13.5004656716712,10.3131743154738,,13.4440321399374,,,,,
2008-02,12.0032279081399,11.7324841120208,,10.8196713389734,11.7833872707147,12.4027357163183,14.7663288996809,13.4826960331486,18.5987923513576,13.4461300329179,10.3414312347245,,13.5840562446537,,,,,
2008-03,12.4911519078759,12.6126954864769,,11.3501416980288,11.8506514483948,12.6851267880088,14.973301800159,13.6081028965328,18.7717856611366,13.4306055647026,11.4494631959825,,13.7300936544805,,,,,
2008-04,12.8645327735276,13.094366710832,,11.7431845029249,12.0573064521109,12.9263202232459,15.1282487256535,14.0961203028808,19.4449844325247,13.5383065629458,11.9099908586648,,13.9328279410636,,,,,
2008-05,12.896515596681,12.8333595879899,,12.051022224242,12.2704447500612,13.0379283656381,15.3612346136233,14.4081792419998,19.8754561568585,13.716837947421,11.9953628274649,,14.1759372762458,,,,,
2008-06,13.2089059623657,13.0711389106728,,12.2990789594998,12.9495698210969,13.1360536451911,15.6202334890849,14.7348203745355,20.3260433823294,14.6230787794851,12.0344415455776,,14.3348603398809,,,,,
2008-07,13.3941088220216,13.2117282274262,,12.2798391019175,13.1367749421104,13.4985928459821,15.8520883775986,14.9525811295593,20.6264348659767,15.1033670148939,12.1168074591383,,14.6260761159472,,,,,
2008-08,13.5034454500112,13.2257871591015,,12.4062724517442,13.4917353014345,13.6004633652127,15.8939353574767,15.1013195024104,20.8316129775751,15.34399627223,12.2923610851217,,14.8648902331934,,,,,
2008-09,13.649227620664,13.2172295485165,,13.1037172891034,13.5606203026732,13.9420292238092,16.2513311856246,15.1489546675719,20.8973236146229,15.6214961415773,12.6861543214884,,14.8520045793852,,,,,
2008-10,13.7288127852551,13.2881354647922,,13.2115979191186,13.0346630579212,14.073112612525,16.3960991160136,15.284082993234,21.0837272584933,15.9484802533606,13.0925629628156,,15.2179571475394,,,,,
2008-11,13.8165796022808,13.3364248388075,,13.3895666017551,13.3037197686418,14.1547588374965,16.453780088278,15.320052403662,21.1333454946315,15.9669155593662,13.4737407942219,,15.5160452723035,,,,,
2008-12,13.8783138888328,13.3095294912546,,13.3187914113629,13.563051538011,14.3450170131182,16.6765869811424,15.3822697622403,21.2191716328164,16.2890482748322,13.4112148452416,,15.617412415595,,,,,
2009-01,14.0389717911849,13.4482850343113,,13.111962942353,13.7008215404884,14.4783475456406,17.0656507940629,15.5475346209637,21.4471473123702,17.0652716855938,13.5284509995798,,15.7634498254218,,,,,
2009-02,14.0374842180149,13.4024406918917,,12.9037601978014,13.7745690124028,14.5060623192548,17.1346417608889,15.6214177342753,21.5490658514648,16.9740654348293,13.7106179470899,,16.1637641370647,,,,,
2009-03,14.3654941019838,13.6701716516221,,13.8685016280007,14.7033009114564,14.7232862205552,17.2986366820327,15.7808497156321,21.7689953305637,16.5713995404968,14.7086282865843,,16.3244052878742,,,,,
2009-04,14.6273069798909,13.9660204747031,,14.1612223183604,14.9196808565239,15.0333920658599,17.7747874530779,15.9606967677723,22.0170865112545,16.747990366445,14.8270668630182,,16.6559961125397,,,,,
2009-05,14.7537506993347,13.9984171433463,,14.4250832223465,15.2762620394066,15.6266380307907,17.9059833899929,16.0238862725783,22.1042536828486,16.6402893682019,14.8312753403534,,16.8174963069364,,,,,
2009-06,14.8318482907559,13.9770231168838,,14.6951283662698,15.4448276894966,15.8086566791217,18.0360483274518,16.1074908481678,22.2195825560346,16.8023260051983,14.9539223941226,,16.8552942247739,,,,,
2009-07,14.9806056077486,14.1041647598608,,14.4903613105722,15.5753039859605,16.0708234565533,18.2045672464203,16.3446945277473,22.5467947078647,17.404869427802,14.9659466150804,,16.8939511861987,,,,,
2009-08,15.2587817905249,14.4256864146969,,14.7830820009319,15.8176171079648,16.2872983099182,18.5992860566216,16.6052297167936,22.9061916615141,17.4786106518244,15.0964094124721,,17.4342896025578,,,,,
2009-09,15.4938183513733,14.5876697579127,,15.3602777284015,16.1547484081448,16.6168794015464,18.9793018738928,16.7559123821003,23.1140518399307,17.608628073127,15.2659509279766,,17.7272234657986,,,,,
2009-10,15.7511685097707,14.9067463811531,,15.5705418862655,16.286035116388,16.9135023840118,19.0539478379997,17.1797681374145,23.6987424063156,17.5746682989061,15.3453107862978,,17.9608833215215,,,,,
2009-11,15.9319086499168,14.9507569498759,,15.9264792515385,16.6620661819734,17.023612430533,19.5187886144832,17.3790581141104,23.9736542551892,17.9734530761849,15.4162536899486,,18.2692799693322,,,,,
2009-12,16.4421462472017,15.8780351825494,,16.0481026369696,16.8484608912075,17.2123725102837,19.7201065176805,17.6143175012344,24.298184340201,18.628391579015,15.48419053836,,18.4608466892815,,,,,
2010-01,16.8066016738338,16.5406387449872,,15.8240957236897,17.2504251337299,17.2318477566072,19.834337462753,17.7795823599578,24.5261600197548,19.3939419178786,15.5310850000953,,18.518402609625,,,,,
2010-02,17.5384876734378,18.2717211147508,,15.6784225162807,17.3760389595181,17.4318435553907,19.9824983915106,17.8272175251192,24.5918706568026,19.5016429161218,15.5629491856334,,18.6558495835796,,,,,
2010-03,17.9996353561152,18.8139068710998,,16.544903245256,17.491927843955,18.0116066574822,20.3104882337982,17.995398822526,24.8238694365838,19.416258340938,17.6515563659969,,19.3173131457363,,,,,
2010-04,18.2458287157381,18.9856703406985,,16.8389982111572,17.7277576717251,18.2490548530416,20.6497880706475,18.3589815117176,25.325415931602,19.7131637955544,17.9431437242227,,19.7167684137919,,,,,
2010-05,18.5344179107039,19.3316423114917,,17.3144975485489,17.9449480285718,18.6003583347999,20.9608129210927,18.650625380053,25.7277259543439,19.5773246986711,18.2082777963413,,19.8542153877465,,,,,
2010-06,18.735984075229,19.5229660338561,,17.4134453875437,18.1783466210042,18.7351869631932,21.025279890094,18.8353331633322,25.9825223020804,19.7471235697752,18.9730182492551,,20.4959209473972,,,,,
2010-07,19.0104413250805,19.6427725820459,,17.578358452535,18.5073738033914,18.9636465835264,21.3102917530474,19.3437656404637,26.6838827750604,20.4243784956647,19.4533858765178,,20.9915890972211,,,,,
2010-08,19.2120074896056,19.8438764307932,,17.3763399479206,18.6872852183913,19.2153266898607,21.9696644359912,19.5381948860206,26.9520894568884,20.8056982462013,19.8784420873747,,21.2948314835085,,,,,
2010-09,19.5169599894406,20.1592855066399,,18.5135529585901,18.7480661018372,19.649025444526,22.2015193245049,19.6742953579105,27.1398341341679,20.7164325539637,20.0744368889862,,21.4735125496495,,,,,
2010-10,20.1543850927542,21.3029490355339,,19.02203490898,18.9587731644497,19.9651236733149,22.6460021107774,19.8026186599781,27.3168505441743,20.8212227144165,20.4057041763726,,22.4725802415823,,,,,
2010-11,20.5366913974254,21.9166519660575,,19.2886443640494,19.0981639904857,20.0445227544799,23.1255458801911,19.9776049809794,27.5582365578195,21.1035739800811,20.8217422215112,,22.9244371684581,,,,,
2010-12,20.8862710923582,22.3347523689241,,19.7284125373596,19.1848780508685,20.2317847383595,23.4852037072513,20.1263433538305,27.7634146694178,22.0136959291991,21.3165389139232,,23.1761369395125,,,,,
2011-01,21.1161011471119,22.4331648906515,,19.6810000311746,19.4288119964314,20.4527538793376,23.7114035984842,20.6201936375452,28.4446596412608,22.9335206709516,21.3862793954782,,23.39605209784,,,,,
2011-02,21.3436998421108,22.6984508187862,,19.7799478701694,19.6565377064088,20.5853353639244,24.0767164228253,20.7494890858406,28.6230170846763,23.370146339505,21.4794671079009,,23.8401776324309,,,,,
2011-03,21.9112090064379,23.4252364606114,,20.8883010944653,19.9312672995843,21.2677180331819,24.5607841900636,20.8418429774802,28.7504152585446,23.136309037013,23.7851114765521,,24.4492395357673,,,,,
2011-04,22.4802057439349,24.0676685123845,,21.8296798404576,20.1881678336157,21.5890595975194,25.2427768621306,21.5874791341912,29.7789878833547,23.2362478011486,24.4326157751276,,24.7542000092292,,,,,
2011-05,22.8714374876257,24.4258656411562,,22.4254282877388,20.5941841350344,21.9605873735367,25.5515397136635,22.0832737103615,30.4629149220159,23.7504958107781,24.5696918940461,,24.8366681936019,,,,,
2011-06,23.2158106764637,24.7755051593429,,22.9002404873597,20.8454117866109,22.3965332720085,25.7607746130539,22.3865833334304,30.8813173456675,24.2356354425041,24.8757083174212,,25.13046110043,,,,,
2011-07,23.6196867920989,25.2675677679798,,23.0452265569979,20.9961483775568,22.8324791704804,25.9835815059182,22.8804336171451,31.5625623175104,24.7731701544565,24.9009591814325,,25.8400311034707,,,,,
2011-08,24.1938900356906,25.7981396242492,,23.5509599563047,21.2619634411602,23.6129871192909,26.9788610273428,23.4783035472328,32.3872978641313,25.8123392456136,25.1907429065146,,26.4636967477899,,,,,
2011-09,24.6580128647078,26.307928711955,,24.3927037255313,21.671221389696,24.1051116129266,27.4527497994756,23.9079921799137,32.980034630971,25.8802587940553,25.5184029276137,,26.7480401751585,,,,,
2011-10,24.9294949682195,26.3776121124328,,25.1306896913675,22.0772376911148,24.8758819385754,27.5432297559688,24.2190789728049,33.4091653218957,26.0335629176807,25.898368309879,,27.095093784394,,,,,
2011-11,25.2760995168124,26.5628232558079,,25.8301959420391,22.2765989888174,25.7238042015825,27.9175905759592,24.5544694213906,33.8718218480488,26.3285278137701,25.9194106965551,,28.1766296606995,,,,,
2011-12,25.7476602116793,27.2388744920221,,26.1167323924616,22.5594326997857,26.0076933691441,28.4977932969714,25.0279046343219,34.5249051182998,26.704025888726,25.9212143296988,,28.3252442012879,,,,,
2012-01,26.0451748456646,27.350123429627,,26.2156802314564,22.8082291160243,26.6391407787863,28.9434070827002,25.429401026397,35.0787519162745,27.9178452473045,26.1629011709498,,28.5580450134236,,,,,
2012-02,26.4282249369208,27.8519661646467,,26.7495862793658,23.1980371818574,27.0308928490626,29.4387848445001,25.6860476305323,35.4327847362874,27.886796310874,26.2542852502288,,28.7874096512104,,,,,
2012-03,27.3237439852168,29.1123799522359,,27.4442825656418,23.8066564280958,27.2039229221674,29.7905256753672,26.5463970421219,36.619599303376,27.7286407909314,30.0238785204877,,29.5742935771007,,,,,
2012-04,27.8704271251649,29.806768925418,,27.8297668550591,24.3601676733433,27.5020440005038,30.5245443224178,26.9012304152634,37.1090764977119,28.0459221100802,30.6912227836436,,30.6420847560107,,,,,
2012-05,28.4022345334138,30.3306169447991,,28.4763634973793,24.7054030913161,28.5147568093251,30.9780751043397,27.2755067129605,37.6253743602307,29.0249338869032,30.7838092850184,,31.0071782805777,,,,,
2012-06,28.7815656917451,30.8263471008296,,28.7766427032177,25.0117387438835,28.9214898383117,31.5028588519999,27.5963149681296,38.0679153852468,29.1559215874693,31.0603663670469,,31.2356838747773,,,,,
2012-07,29.496344599895,31.39053814154,21.8482521056097,29.236337871881,25.0555009799646,29.7439444715112,31.8161457013574,28.0882209593887,38.7464782902714,29.7875733879765,31.5912357223322,30.962593712317,31.6179582710886,30.7074539089848,30.6293781903967,23.5276355029586,30.1637009672503,28.707910718232
2012-08,30.1778218907316,32.0404851757449,22.2832616004515,29.0132002759117,26.4493198635232,29.9787863962795,32.2115972850679,28.8236086090279,39.7212089730436,30.3194003125276,31.9484740599787,32.0894012919897,32.1664623609867,31.3473045507584,31.3528420753627,24.0290017982018,30.589148633098,29.6024549907919
2012-09,30.6294986997745,32.5653378016929,22.5785891474084,29.579013465691,26.5446047792514,30.6050315289949,33.2061285067873,29.269453386161,39.7734933774834,30.6063762272606,32.1595694413153,32.4750320413437,33.0251153603559,31.8231598599766,31.8789976280652,24.1129214785215,31.1438462227475,29.9633662246777
2012-10,31.0811755088174,33.2071265049246,23.2510579536546,30.5751634476968,26.6952879017983,30.8560694485747,33.3979520361991,29.4513785538418,40.9386886764294,31.3330308370433,32.2407599725986,33.0028812230836,33.4845952262391,32.7990665110852,32.2900566536141,24.4615109198494,31.698543812397,30.3216995211786
2012-11,31.7256734117792,34.2459539821895,23.5244354802295,31.6217850287908,27.5838751391703,32.8211834857161,33.5514108597285,30.2175141191453,40.8490582688182,31.4725695845741,32.1893393027858,32.8579278208441,33.7430526507984,34.5331155192532,32.7422215817178,25.4341184968877,32.430960047274,30.8888457458564
2012-12,32.3516816208036,34.5233372352811,23.8237539399831,32.1504086192419,27.6813759831713,34.214039039514,34.8144950226244,31.1911981151832,40.8789350713553,32.5019969484329,32.235347270513,33.5170555555556,34.1680715267404,35.0761820303384,33.3807332680704,26.0430741258741,32.826787938917,31.7060518968692
2013-01,33.093910763149,35.1460898329085,24.4962227462293,31.6749130278311,28.3461544649957,34.5433576006833,35.091901357466,33.5177904004528,41.7080163417592,33.2444483975587,32.5249268320901,34.3484863910422,34.89749581383,36.1085460910151,33.9096292142765,27.637548051948,33.3653292880913,32.6160637937385
2013-02,33.4557804873529,35.5186536140218,24.8753594619171,31.0028438399712,28.660816279726,34.7134155462052,35.9624850678733,33.8252695570964,42.0590687715698,33.8894860040687,33.4423798355914,34.7724067183463,35.3081559439631,35.1407047841307,34.4412655539864,27.9172803196803,33.5995947749821,33.0852483977901
2013-03,33.9734919176009,35.9102535007394,24.8993049386974,33.3962601967371,28.924511744183,34.7377095384226,36.2162823529412,34.0635659034951,42.1001493750583,35.2743422531474,34.4816186360177,34.9720595176572,35.5436393752283,36.9446534422403,34.9098728431121,27.9732267732268,34.3158547693839,33.4306920073665
2013-04,34.6549692084376,36.1713200918845,25.0270141481923,34.6128913747601,29.1305930735486,36.7379148976557,36.617636199095,35.1858648252441,42.0964147747412,36.1905589350473,36.0756594002131,35.3686301464255,35.9284537629055,37.7484994165694,35.6141539735524,28.4788966418197,35.0051876963269,34.1009557274402
2013-05,35.1726806386856,36.4568616759495,25.6755374776583,35.9065581513916,29.5272442343706,37.0699327912936,37.0898171945701,35.5676514447432,42.1449645788639,36.2300510334051,36.3625326107475,36.9248279931094,36.433881615377,38.0657362893815,36.2252617248684,28.6574949358334,35.5787342331975,34.5649844567219
2013-06,35.8356682355848,37.4467391673746,25.847146727917,36.7831701355567,29.8197467663733,37.148213432883,38.3676570135746,35.8597566435545,42.4586710055032,37.0014633546599,36.9335726807734,37.9312968992248,37.2092538890549,38.5792298716452,37.0062738734112,28.8468521632214,36.300379641091,35.173377679558
2013-07,36.7152493900367,38.6568915950785,26.0746287573296,36.6875397372841,30.9631657551114,37.6151979499509,38.5830895927602,36.2825404839394,42.6827470245313,38.336296279152,39.1608995889786,39.5941585701981,37.9157041828504,40.114333722287,37.9544500256772,29.0491201106586,36.9816344477965,36.217442320442
2013-08,37.4786096111677,40.0274911985902,26.4497745602208,36.6158169385797,31.3531691311151,39.0863341453383,38.7483529411765,37.3997147530777,43.9076959285514,38.3810539906241,40.500543355153,40.578747717485,38.5561042459251,40.9800140023337,38.760125715753,29.5504864059018,37.8109881255248,36.9160633517495
2013-09,38.2789492201736,40.8650798451807,27.1561661252391,38.4168561060461,31.6944220851184,39.547919997469,40.4747647058823,37.6943822781944,44.228871555825,39.1998568299083,40.2407336550464,41.8450387596899,39.480807476015,42.3833838973162,39.6260900629092,29.7075668331668,38.7399719528504,37.6017946961326
2013-10,39.1215509867507,41.9854906321784,28.2476807751403,40.2205516734645,31.9182308406659,39.8610425638267,41.5784877828054,38.2170968444885,44.1989947532879,40.0607845741074,40.6331545562491,43.4887556416882,40.1585402781928,44.5475845974329,40.4098426049557,30.1185580880658,39.7362734488228,38.3055716022099
2013-11,40.0513184533185,43.2853847005884,28.50309919413,41.3760856525912,32.5874411790359,40.5925616628175,41.6817773755656,39.908232206028,44.6284737897584,40.5241585281717,40.9470912772112,45.0230737295435,40.9626300434884,44.7626604434072,41.4183074143022,31.0631924383309,40.7729655459833,39.1382453775322
2013-12,40.9573134562525,45.0176703105824,28.8463176946474,41.86220684381,32.9597171288576,41.7208826346926,42.4815339366516,41.40463076836,44.6658197929298,41.2903052363122,40.9335595219973,45.5509229112834,42.1371754506524,45.3783150525087,42.4377337976634,31.5925319603473,42.0573866637639,39.7131254143646
2014-01,42.9225037833163,46.7118837093678,29.0698088112634,41.338896053263,33.6488708216823,42.6089630168623,44.4735475113122,47.0776212084336,46.5854043559369,44.6787272754076,41.1338294991628,47.4380521102498,44.3082178169505,48.6824177362894,43.8654788130697,35.3775247214324,43.5383753739931,42.0796719337017
2014-02,44.8005284103894,49.798452260927,30.7400058166881,42.6750652291267,34.3225130165978,45.4513601062988,46.3416135746606,48.7585072647517,47.8514338634456,46.7744412949258,41.8428934723702,49.2048426356589,46.6515651329549,50.6745577596266,45.9289951213249,36.3070965649735,46.3414830964451,43.1469380110497
2014-03,46.4355456314278,51.3675712514553,31.4643564892917,44.5451707953455,34.8853587978759,47.6783093928944,47.6460135746606,50.8134929616527,49.222032179834,47.7617437538697,46.9524842411326,51.7483645994832,47.9840567440162,51.9757666277713,47.7869819168057,37.0774361945747,48.1240549622119,44.6472975690608
2014-04,47.8856659130918,52.2078793417036,31.8135613590041,49.5524847048945,37.0303773658962,48.6554677465279,47.8821040723982,52.4021352709778,49.9465446413581,49.2835059439219,47.3611432485919,52.9626912144703,48.9977841981211,54.726049008168,49.0091974194377,38.8827852147852,49.8850851740117,45.8151032044199
2014-05,49.0795718644801,52.8741430378551,36.0798471386912,50.7717722828695,39.4390913983735,49.9025593470214,48.4634769230769,53.0452791736239,49.998829045798,50.0759807176342,50.2731769706196,54.0785589147287,49.5922362746075,54.7798179696616,50.1437203299525,40.9936879428264,51.0267928342612,47.0447793370166
2014-06,50.2259328886006,53.8150705434406,36.3991201624283,52.1424746581094,41.6040533208486,50.5423011420798,50.0482343891403,54.4033121154662,51.164024344744,51.5714148421145,50.6304153082661,54.1879577088717,49.9626919164758,57.0112298716452,50.9356940525099,43.2315460846846,51.8803808727024,48.4394434622468
2014-07,51.3432386793909,54.6825730702665,36.8241523752783,52.3390482545586,42.6721307483133,51.8946667088487,50.4584416289593,56.4787964228102,53.7035525603955,53.2090205206828,51.7319001826762,54.8963149009475,51.2779530325665,58.0220863477246,51.9770435839004,44.770073557212,52.6855001897179,49.8134840883978
2014-08,52.5107307822972,55.9144810472324,38.3766174532,52.4293658529271,45.843124106616,52.9042170521054,50.8568443438914,57.2449319881138,54.8575440583901,53.8066676091635,54.1865605784747,55.0713529715762,52.3634742157156,56.384821470245,53.2568073501091,46.9455298854991,53.6764162721986,51.1230762799263
2014-09,53.6914298094444,57.1545473551716,40.3201919851996,54.8121566098849,46.4037539596213,55.2688322945996,51.5385556561086,58.8848208235461,55.9853933541647,54.4938301205885,54.5546243202923,55.8097948320413,53.5782241111443,56.9816569428238,54.4982056072667,48.161289356797,55.1035508475103,52.0846469244935
2014-10,54.7268526699404,58.4789164165014,41.1383291085259,56.6397597768714,47.0751802262641,56.4268459236293,53.6928814479638,59.4664688948634,56.5306450004664,55.7786397204941,55.1202516882326,55.9547482342808,54.6666170434552,58.823243873979,55.6135457632559,48.382923384308,56.4337479799708,52.860606077348
2014-11,55.7252961425615,59.4252828094024,41.5513885829858,59.0252069337812,48.1188824427285,57.1367703628713,54.1916226244344,60.0404299872647,58.8423625967727,57.5268232744641,55.999815777135,56.1106415159345,56.0594153869137,60.7831225204201,56.6960011972012,48.4496287712288,57.6481587223587,53.6649225414364
2014-12,56.5362012909602,60.1404964913936,42.8304761343326,59.7796245201536,48.5266132449142,57.584859552659,55.3602705882353,60.5990171218339,59.5071214532226,59.0380542382876,56.473427209621,57.2374490956072,57.1851410583276,61.9956126021003,57.581148298883,48.6970842388381,58.3994239044568,54.5233756906077
2015-01,57.6429415423577,61.4621461090657,44.4567730989935,59.2988161288388,48.9565033298273,57.9951580878863,56.2839746606335,60.7655683316825,61.4192368155956,61.652431149571,57.1121260557163,59.5266188630491,59.890328768715,64.5254422403734,58.7375943574271,48.7896110658572,59.1076057786209,55.9644426887661
2015-02,58.4802605392384,62.131129248875,45.8595789470384,58.9109817358446,49.7232145121982,59.0290024233604,57.20472760181,61.4394601499929,62.2483180859994,62.9741000412772,58.1134759415436,60.8147896640827,60.9672347043788,64.3157432905484,59.7981266433432,49.1382005071851,59.8130949460392,56.9053898342541
2015-03,59.4522901633775,63.0122289939897,46.6398023987959,60.1169873140595,50.2904921500218,59.4851896105539,58.9311393665159,62.138975231357,63.1670297640145,63.5928095822154,62.8089950007612,61.7665591731266,61.751222225542,64.2781050175029,61.0340441134934,49.4157809882425,60.7824693745529,57.8721163535912
2015-04,60.8601482874703,64.1761508795116,48.8308135241918,65.0047632257678,50.9175998512096,62.3896713467683,59.4062714932127,62.9281717334088,64.9708417171905,65.0355875755521,65.6181873831634,62.3162881136951,62.6385927165289,67.2461516919486,62.4508275548851,49.9386651502344,62.5865828942867,58.9316486187845
2015-05,62.2072545600543,65.413497743793,49.2518548242451,65.7910576115643,52.6349442625894,63.7393375810687,60.2355393665158,64.7807336521862,66.5132316481671,66.9391067163959,67.6235935058609,63.0547299741602,63.787292381237,68.197862310385,63.8703513897804,51.1501210481826,63.7498322085031,60.4242743646409
2015-06,63.0472149417832,65.6636865603071,52.48848510238,67.291923584453,53.4858607193248,64.1523354487646,61.4307475113122,65.6211766803453,66.8904262801977,68.115971247457,68.6303560937738,63.2653226528854,65.2662431995486,68.4021843640607,64.7883832135062,51.9807107046799,64.7999878393929,61.0790704604052
2015-07,64.3335693628586,67.1675389030491,52.9354673356119,68.0171207713532,55.2408759113414,64.4276673605619,62.0947520361991,66.7793481703693,68.1639249883406,70.8804181324999,69.6993647556706,64.2116222222222,66.6532980446835,71.3890501750292,66.1092528822699,52.1722197187428,66.0897943706652,62.35514946593
2015-08,65.5116270051576,68.9406161679096,53.4981860399486,67.8577367742323,55.8148013339832,66.0931554936885,64.1251303167421,67.4455530097637,69.4299544958493,71.7624083291564,74.614098249353,64.8871597760551,67.9685591607742,71.8622170361727,67.5835845872384,52.3314519326827,67.2718926321027,63.5177992265193
2015-09,66.5972361777695,70.1725241448755,55.5255697406792,70.1661483325336,56.8895265462661,66.7868839381189,65.0104696832579,68.3064946483656,69.8556989320026,72.7128514962998,75.1039477880956,65.7760249784669,69.3757162500415,73.6957386231038,68.7345498587752,52.6929520940598,68.752881342332,64.2550893186004
2015-10,67.7303902776491,70.6185129047484,56.3117795616318,72.5170622900672,58.2080038685513,68.3740914296561,67.586807239819,68.9368269194849,70.5540691913068,73.7659741191733,75.474717880956,66.4406226528855,70.6737468711616,74.4243080513419,70.118448578123,52.8672468147237,69.7734171990172,65.4796095764273
2015-11,69.0537240865993,71.9619180716825,57.1219348593647,74.5306134536948,59.0013061901952,70.957352602107,69.3574859728507,69.8823253261639,72.4699191539968,75.7906023616475,75.5342576038971,66.9903515934539,71.8368052816785,76.0131808634772,71.6421073661574,53.1017915622839,71.3782704195565,66.5520315285451
2015-12,71.7585021711603,75.4971948267724,57.8822037471387,77.2454542046545,59.5331289756548,74.4259948242589,74.014371040724,71.9936822017829,73.6201760516743,80.2742719285314,75.5342576038971,70.2914602067184,74.3380988015802,78.5591411901983,74.8346657979201,53.5751846307539,74.9218724971231,68.513841878453
2016-01,74.7274187405417,79.03519102552,58.5466907277915,79.0757137715931,60.7452417408481,77.6462984592996,75.265650678733,75.0479751577756,75.1476275813823,84.3682861249521,75.6722815070787,77.3011879414298,78.5279808286027,84.4065157526254,77.9093873090255,54.4810868208714,78.5274068298448,70.9190574585635
2016-02,77.6936939250749,82.0021040561377,60.7536655043743,79.5033941638676,68.0157024037351,81.1527313360119,77.8183791855204,76.4956895203056,77.6199329913254,86.3771175280832,75.9672737707414,79.6177074074074,81.396858241211,85.6028751458576,80.2305006066247,61.4722417275033,80.7892804963767,74.4637213627993
2016-03,80.2716855369221,84.9173476572579,62.4877171145464,81.8038365223129,71.0271489264,83.0098720744092,79.6687384615385,79.7575309070327,79.5096407517955,87.7567081640475,83.5829456051149,81.5950906115418,83.7804100454802,87.2051901983664,83.0531059153935,63.4303676016291,83.3473519049544,77.041658747698
2016-04,85.5254,86.4212,63.6371,88.575,86.3791,85.3232,81.525,90.5398,80.0773,89.2969,88.8901,82.5578,86.5057,89.856,85.3797,84.0036,86.5786,83.9892
2016-05,89.1118,89.9991,82.4693,90.5764,90.8834,87.7981,82.9161,96.0543,82.0829,91.3072,91.9974,84.3768,88.6513,93.7059,87.6489,91.3453,90.6974,86.7991
2016-06,91.8528,92.8351,84.325,90.8905,97.305,91.9257,88.6965,96.7934,84.0739,91.7896,93.9262,86.8693,89.8747,96.2581,90.2893,94.4671,92.6532,90.6853
2016-07,93.7328,95.1422,86.2302,90.2628,98.1246,94.1324,90.5779,97.651,87.8567,95.7578,96.1933,89.7079,91.6354,99.5762,91.9791,96.2589,94.0201,93.3136
2016-08,93.9221,95.2368,88.7153,90.9888,92.6253,94.8352,93.3781,97.7657,90.6632,96.3118,97.838,90.5638,92.5606,95.2761,93.4982,94.5591,94.7672,92.6895
2016-09,95.0014,97.3853,92.3307,95.3605,87.6714,95.191,94.4068,98.5274,91.5041,97.6783,98.0276,92.2985,94.9263,99.189,94.9462,93.2777,96.8993,92.2331
2016-10,97.2428,98.5102,94.2334,98.7205,97.0615,95.6143,97.6188,98.678,90.7212,98.1813,99.0132,94.1914,96.9199,101.1247,96.6551,97.2229,98.2076,95.8356
2016-11,98.8166,99.75,97.8577,99.9637,98.5085,98.092,99.1622,99.2062,94.5213,99.1563,99.5182,96.9479,98.655,101.5561,98.3164,99.054,99.418,97.9394
2016-12,100.0,100.0,100.0,100.0,100.0,100.0,100.0,100.0,100.0,100.0,100.0,100.0,100.0,100.0,100.0,100.0,100.0,100.0
2017-01,101.5859,101.3024,100.925,99.0066,101.4784,100.8773,102.3501,102.0755,103.0516,103.1906,100.7952,103.1002,101.9345,101.6969,101.5039,101.8183,101.1903,102.4355
2017-02,103.6859,103.1605,105.2395,98.8523,107.0014,101.3278,105.0852,103.9957,107.2514,103.7961,103.9808,104.8886,103.7951,102.3345,103.2105,105.9316,102.7002,105.5426
2017-03,106.1476,106.0143,107.2901,102.255,110.8463,102.1787,107.1422,105.2177,110.6933,105.5114,115.3409,105.9567,105.6633,104.7868,105.2057,110.0057,104.9817,108.6229
2017-04,108.9667,108.3515,109.8338,106.8806,117.4108,103.3147,109.052,105.8674,118.2686,108.2881,118.6783,107.9795,107.5442,108.1867,107.427,114.4649,107.4919,112.0904
2017-05,110.5301,109.7631,111.7182,108.726,119.5207,106.1577,110.7256,106.8575,118.6553,109.0808,120.69,109.5541,108.9336,109.0536,109.2069,115.6559,109.0098,113.7331
2017-06,111.8477,110.7483,112.4572,109.6911,121.6359,107.4904,112.3558,107.5925,120.1049,111.6195,121.8757,110.9475,110.3729,110.0769,110.6653,116.6875,110.1215,115.419
2017-07,113.7852,112.0115,115.794,108.3524,124.0879,110.0984,116.0848,109.9058,121.2281,115.609,122.8868,113.777,111.8348,110.589,112.6183,119.3618,111.4205,118.5735
2017-08,115.3819,114.3467,117.3256,107.6769,126.7648,111.1513,119.0025,111.0994,123.052,116.3997,125.3185,114.5928,113.6021,111.7749,114.231,121.1349,112.8612,120.4902
2017-09,117.5719,116.4048,118.1383,111.7682,129.2656,112.2879,121.8977,111.9943,124.3454,119.536,129.9791,116.2141,115.4941,116.214,116.0978,123.2159,114.9903,122.8259
2017-10,119.3528,118.1646,121.695,114.138,130.4139,113.0973,123.2121,113.4318,130.9342,121.032,131.0253,117.834,117.0803,119.0242,117.6245,125.2808,116.8116,124.5736
2017-11,120.994,119.5688,123.0467,115.6644,132.0294,114.1215,124.8225,116.8496,131.8833,121.8725,131.4832,119.9896,118.5168,121.0614,119.1358,127.1472,118.602,125.9672
2017-12,124.7956,120.36,123.7178,116.6315,155.5929,117.436,127.7938,120.6253,134.1367,122.7547,131.4716,122.136,119.8176,121.4632,121.1263,138.6978,120.0841,134.189
2018-01,126.9887,122.8752,126.558,115.7454,157.216,118.6538,130.037,123.2423,136.6524,127.0012,132.3079,125.7038,122.7189,124.7001,122.9418,141.6541,122.0571,137.0514
2018-02,130.0606,125.5566,128.7394,115.036,163.1754,120.7253,133.0853,128.7666,149.113,128.2519,134.8324,128.3425,124.8704,123.8509,125.5123,148.4773,124.237,141.8872
2018-03,133.1054,128.469,129.6226,120.0687,164.1018,126.1821,134.821,131.0603,153.2069,129.8108,153.4357,130.5949,127.1891,125.8663,128.746,151.4854,126.9088,145.6943
2018-04,136.7512,129.9559,131.2858,124.9254,177.2462,127.7561,137.2231,136.3269,154.7928,132.3056,154.6926,133.5827,129.3332,126.9623,131.4884,159.451,129.6896,151.1036
2018-05,139.5893,134.2019,133.4078,127.3628,175.9498,130.576,140.2549,138.9243,160.8721,135.6359,156.0746,136.7886,131.8763,130.1734,134.9794,160.024,133.2216,152.736
2018-06,144.8053,141.151,134.6168,129.8016,180.6206,135.829,146.2916,147.1719,161.4822,140.1805,157.9789,140.423,136.0669,134.5438,140.4784,164.7325,138.9729,156.6875
2018-07,149.2966,146.7848,138.1218,129.6084,182.4306,141.5414,150.399,154.8231,162.4498,147.2814,160.7826,144.436,141.4245,139.6235,144.964,168.9885,144.1465,159.953
2018-08,155.1034,152.6743,139.9915,130.051,193.6678,145.9741,156.5273,161.083,182.6004,152.1489,163.8623,147.9425,148.3437,142.3224,149.8236,179.4614,148.6981,167.999
2018-09,165.2383,163.3911,146.1856,142.776,198.1079,160.1563,163.6215,177.8431,186.4637,162.4851,166.5346,156.4246,160.1018,147.9747,161.272,187.9015,161.5813,173.0112
2018-10,174.1473,173.0007,149.5775,149.9773,215.507,167.0385,172.5763,191.3913,187.8155,166.9487,170.0009,161.2576,170.0438,157.1936,168.5933,201.8885,171.0262,180.9641
2018-11,179.6388,178.8975,156.5108,153.444,220.0981,172.9721,182.333,196.5066,193.5208,171.6321,171.9664,165.4071,177.5239,161.9369,174.1546,207.5084,177.3628,184.8322
2018-12,184.2552,181.9359,158.6722,155.1797,226.6993,176.1826,191.9052,201.2271,208.333,176.0803,173.7237,169.794,183.608,164.2686,178.9326,212.85,180.7733,191.667
2019-01,189.6101,188.0357,164.1486,154.3105,233.7201,180.8936,197.4877,206.205,223.7092,182.2543,174.7196,176.1325,190.2864,166.073,184.3056,220.132,185.5353,198.4457
2019-02,196.7501,198.7818,168.0165,155.7973,248.6768,185.932,203.7521,210.7001,226.1415,186.2753,177.646,182.5376,196.1795,169.2729,191.4115,229.4204,192.3845,206.0277
2019-03,205.9571,210.628,174.827,166.0308,255.6783,192.9944,210.369,219.4872,236.0623,189.9687,209.4616,190.4396,202.2281,177.3407,200.1771,240.6717,202.0032,214.5221
2019-04,213.0517,215.9985,176.6323,176.3303,263.2012,201.8547,217.7389,229.0584,244.3102,195.9999,212.6984,198.2112,208.235,180.1891,207.7179,248.5813,209.6065,220.6468
2019-05,219.5691,221.2588,180.4588,182.2453,273.6695,208.3447,228.7921,237.057,249.1176,200.6997,219.6863,202.6055,214.0404,181.3032,214.3182,257.831,216.1589,227.1999
2019-06,225.537,226.9033,185.3625,185.7061,281.0736,215.4878,236.9165,240.7657,266.8665,208.1341,223.5381,207.737,218.5697,185.7752,220.1725,265.016,222.0468,233.4205
2019-07,230.494,232.0295,186.9476,186.345,287.2242,220.9243,246.6508,243.5064,267.4442,216.1836,228.213,213.878,224.4509,192.5377,224.9011,269.7964,226.5037,239.3509
2019-08,239.6077,242.5051,195.1481,192.1506,293.329,234.3379,259.4603,253.1342,270.5675,225.1959,233.9485,221.5727,234.3934,199.9586,235.3317,275.5073,237.6064,244.7381
2019-09,253.7102,256.3757,206.218,210.4983,299.168,251.7058,281.0982,265.0598,288.7594,242.2378,236.3192,233.2019,253.668,217.0323,250.4818,284.7479,254.5303,253.5732
2019-10,262.0661,262.6603,218.9538,220.4635,304.8007,272.1918,294.2595,274.3506,290.1029,247.0628,240.0651,239.127,263.4181,223.1837,260.0118,290.513,263.3998,260.9456
2019-11,273.2158,276.6339,231.1972,230.249,309.4466,273.7052,312.847,286.9334,311.5568,255.3408,250.6401,247.0036,276.2862,239.5597,270.3554,301.6025,277.0656,267.232
2019-12,283.4442,285.297,238.3667,235.763,316.0254,288.4718,330.324,301.1997,341.3832,261.4482,255.5638,255.1194,286.2711,244.6754,280.3107,315.4936,286.3123,279.178
2020-01,289.8299,298.6501,248.7265,238.2562,318.0346,284.7446,323.7294,305.6389,341.8435,274.5141,256.9216,265.7678,295.0698,253.5739,287.1529,319.0685,293.7136,283.5081
2020-02,295.666,306.6182,251.9682,243.9437,319.9809,290.661,325.1671,310.5997,349.775,280.5764,260.6158,273.9206,302.2693,259.9507,293.9922,321.3104,300.0495,288.3802
2020-03,305.5515,318.6777,259.1936,254.1219,324.3739,299.0795,333.8163,315.6444,378.653,287.5823,306.0975,279.826,308.4361,272.7059,303.1665,331.8502,309.7355,298.5626
2020-04,310.1243,328.7785,262.827,257.9206,324.3903,302.7645,337.7523,319.8688,363.1467,294.2192,301.6002,284.0325,308.9516,285.8904,308.3681,329.6516,316.9003,298.0086
2020-05,314.9087,331.0146,263.0259,277.3804,324.7404,311.3316,341.3461,323.2338,364.3572,301.4356,300.3424,288.4158,314.8969,299.283,313.3195,329.372,323.3135,299.877
2020-06,321.9738,334.4636,272.9822,295.818,327.7297,323.992,348.9759,329.1348,365.8524,314.005,301.4521,294.9019,315.9472,313.5633,320.5733,331.8382,332.6884,302.644
2020-07,328.2014,338.7648,276.7322,305.5099,331.0918,336.5455,356.5467,335.1763,368.496,324.3321,301.7724,300.6189,323.2643,316.5328,328.6943,333.55,340.4366,305.866
2020-08,337.0632,350.5076,280.3346,312.2789,338.8038,348.1836,365.1113,344.7144,369.5853,335.0449,304.0824,306.2356,334.0208,329.1168,338.6645,336.9087,351.5877,310.4773
2020-09,346.6207,360.8692,292.3052,330.5055,343.9618,357.1864,377.8509,357.1236,370.0946,341.3154,304.9813,311.5692,340.0843,355.0322,346.511,343.4046,364.3829,314.0154
2020-10,359.657,378.0896,297.8662,351.1551,351.9646,373.2176,389.5109,371.9913,369.6031,350.1056,305.3871,322.1058,347.2283,388.9845,358.4989,348.5355,381.1304,319.9093
2020-11,371.0211,388.3864,306.7433,364.0892,360.8388,387.9375,403.8029,385.4469,367.4745,367.9236,306.746,332.4733,356.3987,396.9082,372.6154,352.7236,393.9743,328.1032
2020-12,385.8826,405.2871,317.1521,377.2469,371.5185,397.2227,424.9668,404.314,367.3696,387.0686,306.8977,347.7424,362.5783,402.2137,390.7655,362.0665,409.2986,341.2656
2021-01,401.5071,424.8374,331.4265,382.4282,375.7501,409.0026,439.3776,422.9057,422.9513,405.7084,308.6755,366.4717,369.9824,414.3419,406.0674,380.6817,426.448,354.2333
2021-02,415.8595,441.0722,343.3155,393.1944,383.4268,427.6367,454.7265,443.3079,430.6911,415.0224,309.01,386.2568,381.9169,427.2775,422.5932,388.8788,443.5383,363.2531
2021-03,435.8657,461.3238,365.3793,435.7025,388.4775,441.1744,472.856,461.8773,430.982,437.1879,397.0482,398.4108,390.3459,457.8837,441.72,406.4306,466.0937,378.9729
2021-04,453.6503,481.2407,378.4685,461.9321,401.9368,460.1121,490.482,487.9806,433.2713,443.676,406.8828,413.8512,404.5705,467.7635,461.8578,420.7778,487.9835,388.4611
2021-05,468.725,496.1796,384.5689,471.6343,410.1034,470.991,513.7918,517.0463,437.5563,457.4624,416.1535,429.2946,416.3379,474.7275,477.9293,436.6403,505.134,399.1277
2021-06,483.6049,512.2593,405.6917,487.9626,420.2876,486.2222,530.2766,533.8777,468.3691,467.7135,420.9305,442.6958,424.5201,477.1486,495.1809,450.6922,522.2312,410.0618
2021-07,498.0987,529.7087,418.2942,494.0248,432.405,499.4892,550.5464,546.1141,470.0952,482.1844,431.6135,463.7774,438.0619,500.4272,510.6974,457.2079,537.4829,422.6424
2021-08,510.3942,537.5867,426.7422,510.8956,437.3723,515.857,573.6501,559.4713,467.3059,500.0179,449.9,477.4438,452.5377,503.3702,526.6934,462.3809,550.9627,432.4694
2021-09,528.4968,553.4373,451.7961,541.712,445.7672,533.8161,598.3555,576.4905,480.2655,518.8505,463.9288,496.8871,462.336,535.3815,543.8748,476.0569,570.0767,448.6131
2021-10,547.0802,572.3293,461.7273,569.4577,456.979,548.5192,626.6749,594.2962,485.73,539.5742,470.3893,517.4057,477.8239,578.9276,561.2843,485.2106,590.5328,463.3373
2021-11,560.9184,584.4717,466.8177,592.8289,466.9551,563.3426,641.9374,607.3504,489.7423,547.4789,474.3662,543.1712,487.5849,581.892,579.5414,490.2282,605.5459,474.6729
2021-12,582.4575,609.3311,491.9092,621.094,476.8025,582.338,645.1434,637.3158,498.8013,569.1202,479.1164,575.1289,503.0842,603.6269,605.1759,498.6315,628.9364,492.1334
2022-01,605.0317,639.405,500.7578,635.994,485.193,601.6662,671.6729,654.8718,536.1267,593.0751,482.7713,607.7867,524.7001,658.2543,625.1594,512.3766,653.0302,511.9611
2022-02,633.4341,687.1658,514.0762,657.5762,498.9476,628.3237,696.1161,687.1919,544.0338,606.6697,495.5553,634.0233,547.448,713.7013,652.9838,528.2683,688.9779,526.332
2022-03,676.0566,736.9451,543.6306,728.959,537.1626,655.8863,730.5922,724.8465,562.7616,626.8734,612.6821,668.4613,577.6959,757.8963,694.7515,572.7992,735.3863,561.416
2022-04,716.9399,780.1457,561.8137,801.0762,561.7478,691.9571,777.2991,763.5071,583.3455,659.6448,635.5003,717.5668,608.0932,799.0308,741.3622,595.2223,782.6829,589.924
2022-05,753.147,814.5693,593.5899,847.1542,581.7106,728.9951,825.5739,810.22,601.2442,693.9163,656.1411,758.3527,635.8157,825.8088,779.9267,629.0029,824.5376,615.2979
2022-06,793.0278,852.1804,633.4988,895.8753,621.3286,772.6412,886.798,848.636,603.5522,724.0064,669.445,805.4594,667.7975,880.3186,819.5734,662.0938,867.0654,649.3822
2022-07,851.761,903.4609,674.3455,971.758,649.6896,852.4176,947.493,895.3078,636.8292,819.4993,710.2816,884.0683,721.9398,979.7957,879.6383,694.6115,930.4681,698.1322
2022-08,911.1316,967.5805,721.689,1067.5251,685.6993,924.2301,1001.738,956.4746,662.6492,860.7132,745.7268,942.9087,784.4224,1064.731,939.4677,738.3105,999.6564,738.3679
2022-09,967.3076,1032.8063,789.7014,1180.9506,706.9826,980.1201,1045.0789,1012.0676,678.9797,905.8061,772.9974,988.6307,837.7345,1189.6609,991.2585,771.8891,1069.4142,769.2362
2022-10,1028.706,1096.5069,832.7248,1261.5985,759.7711,1028.4132,1119.4447,1057.3307,761.29,956.8276,827.9004,1061.9488,889.2464,1297.2889,1046.265,829.1011,1132.6433,826.4284
2022-11,1079.2787,1135.001,885.54,1318.2609,825.5091,1084.1626,1165.2705,1121.731,809.6802,996.7277,859.0553,1120.5659,941.1822,1350.5167,1096.024,880.7676,1183.9094,874.7005
2022-12,1134.5875,1187.9252,948.7615,1371.3368,860.1091,1148.5321,1231.4648,1186.6265,837.1999,1042.694,892.6222,1200.8127,995.2681,1413.2059,1153.5771,925.7853,1244.8284,919.3928
2023-01,1202.979,1268.3385,1017.8777,1402.845,929.1621,1210.6926,1291.7546,1257.1122,903.9001,1136.1135,902.0686,1275.6081,1062.9991,1525.1043,1215.3182,991.5192,1311.7457,989.7596
2023-02,1282.7091,1392.3999,1071.1087,1457.7661,973.7901,1271.8967,1360.5006,1318.1813,974.8005,1205.9377,930.4868,1371.9038,1131.9624,1575.9625,1308.7788,1042.4951,1403.7836,1045.908
2023-03,1381.1601,1522.5337,1159.8526,1595.0861,1037.2344,1345.7519,1438.3163,1388.1661,993.4553,1258.7738,1201.1258,1479.9582,1203.4429,1722.9662,1403.1434,1128.8908,1512.8076,1123.7847
2023-04,1497.2147,1677.0441,1203.7907,1768.0967,1095.5146,1462.0471,1532.9719,1477.7098,1055.7168,1353.7339,1261.5273,1626.3026,1282.7938,1940.9169,1521.0163,1184.1465,1650.4841,1197.436
2023-05,1613.5895,1774.4119,1305.3763,1903.1899,1225.368,1590.1014,1671.6594,1597.93,1126.7574,1466.9417,1323.5067,1778.1049,1373.9512,2056.8651,1640.2912,1291.1045,1772.9497,1300.9009
2023-06,1709.6115,1848.0332,1364.1997,1983.4012,1324.556,1717.2201,1815.4471,1701.7574,1244.8,1561.7425,1410.4778,1890.0322,1464.0524,2094.7124,1746.7824,1383.8634,1870.0638,1395.1812
2023-07,1818.0838,1954.5101,1487.5243,2043.7327,1377.3341,1822.9318,1979.4087,1791.7559,1396.2642,1736.5158,1496.9625,2030.866,1556.5397,2201.586,1860.2801,1476.8552,1983.1238,1494.9796
2023-08,2044.2832,2259.2334,1613.6846,2230.5776,1503.1732,2079.2711,2281.5545,1979.0901,1458.9608,1937.7153,1626.7843,2283.6173,1702.3856,2436.0941,2116.751,1599.0767,2253.9149,1630.3102
2023-09,2304.9242,2583.3826,1799.9953,2581.0642,1630.2974,2342.3942,2499.2627,2193.7362,1598.7345,2230.9342,1759.2371,2586.0182,1901.2072,2794.0242,2400.9928,1732.073,2559.1874,1802.2382
2023-10,2496.273,2782.4454,1977.1526,2864.6053,1757.5929,2592.8927,2626.9102,2349.1266,1800.8697,2438.4348,1875.3143,2813.2083,2046.9768,3006.9009,2612.5451,1846.7566,2777.8623,1942.28
2023-11,2816.0628,3218.3702,2209.6412,3151.4751,1881.818,2915.5922,3043.8555,2593.1752,2074.7351,2760.0532,2031.1533,3151.623,2282.6739,3392.0317,2962.7206,2032.4708,3160.805,2140.1777
2023-12,3533.1922,4173.6759,2656.6774,3694.929,2141.8205,3810.0606,4035.9697,3414.0727,2398.1411,3317.3409,2157.4419,3831.9303,3029.3357,3942.5343,3799.9487,2452.7844,4091.9271,2440.8926
2024-01,4261.5,5024.9656,3215.0859,4135.7944,2441.8481,4660.7816,4861.4923,4311.5901,3000.0919,4113.85,2176.0052,4577.1896,4373.2672,4581.5309,4568.1649,3104.5367,4956.9526,2899.856
2024-02,4825.7881,5622.8372,3783.276,4434.676,2935.5879,5142.1336,5521.4252,5243.4233,3741.4942,4466.7506,2392.1354,5088.0444,5098.6735,4979.8267,5129.5988,3759.784,5545.827,3410.2062
2024-03,5357.0929,6216.0451,4248.8502,4919.1559,3324.6647,5400.7512,6195.6447,5923.314,4338.0607,4846.7452,3653.0356,5511.0135,5586.4345,5534.7104,5612.3991,4441.3132,6086.8421,3937.9689
2024-04,5830.2271,6590.0877,4481.9882,5392.8345,4509.3648,5751.7902,6761.4824,6293.903,4952.6903,5192.8995,3966.8821,5912.6182,5903.8543,6085.2438,5965.8926,5258.2523,6468.376,4589.5245
2024-05,6073.7165,6909.5535,4781.4925,5584.1343,4623.3551,5937.4758,6807.8755,6544.312,5359.4587,5429.4701,4269.9374,6240.627,6157.7063,6521.1762,6188.6726,5469.5466,6720.9784,4817.0114
2024-06,6351.7145,7117.2232,4880.2257,5736.1025,5283.2155,6073.2079,7130.9268,6801.4888,5644.1836,5734.3613,4514.8581,6632.3116,6327.35,6811.1236,6414.6575,5910.154,6928.333,5235.4595
2024-07,6607.7479,7345.4071,5178.7502,5829.6937,5600.4988,6282.946,7548.0608,6978.9894,5844.002,6059.3057,4704.182,7061.2046,6545.9203,7156.7976,6657.49,6166.198,7148.9486,5570.5076
2024-08,6883.4412,7611.7813,5336.2611,5949.5541,5995.2852,6550.7845,7860.4897,7334.9917,6127.5967,6282.238,5013.1678,7403.1627,6694.7187,7266.119,6931.7976,6529.3696,7376.383,5933.3964
2024-09,7122.2421,7787.1421,5453.5896,6308.9971,6433.362,6727.2351,8122.6169,7585.411,6310.1757,6416.1845,5229.2692,7673.8443,6918.4736,7479.6823,7157.9271,6825.2577,7600.0603,6204.7132
2024-10,7313.9542,7880.5855,5617.0301,6588.1894,6780.4099,6903.0355,8412.0394,7677.7334,6440.16,6599.9443,5409.7822,8000.7985,7112.7304,7581.5911,7366.7823,7009.2808,7756.8184,6469.062
2024-11,7491.4314,7952.0427,5841.4971,6713.0284,7083.0305,7007.1565,8657.936,7939.9441,6539.2377,6798.7313,5686.2954,8290.1033,7275.1468,7490.4606,7566.7782,7257.6652,7880.4798,6752.9707
2024-12,7694.0075,8127.7647,5987.6081,6817.1412,7457.2259,7073.5091,8840.1889,8118.1059,6869.1427,6988.4998,5812.5191,8670.0443,7430.8945,7385.2224,7808.7094,7502.5373,8031.8883,7053.1491
2025-01,7864.1257,8278.1147,6132.7085,6772.1731,7757.8158,7187.8539,9050.371,8217.8419,7030.3817,7160.6092,5844.2136,9132.8654,7614.4036,7411.5104,7995.938,7698.607,8154.7531,7320.2711
2025-02,8052.9927,8546.6547,6212.9468,6800.5997,8048.663,7260.6442,9236.2844,8359.8681,7191.0294,7370.3538,5980.8655,9339.177,7837.1446,7350.8325,8229.4476,7877.3099,8327.207,7545.3964
2025-03,8353.3158,9051.2822,6262.1312,7112.5925,8279.5282,7368.221,9406.4734,8502.5399,7371.0947,7382.2025,7275.3457,9702.5819,8084.5484,7971.2748,8492.1966,8129.994,8629.4258,7844.6013
2025-04,8585.6078,9318.2093,6440.2537,7385.4063,8435.1033,7437.0978,9641.606,8644.5585,7577.0727,7676.2045,7455.8399,10102.2226,8290.2259,8121.3082,8765.1966,8273.8986,8862.2757,8081.0711
2025-05,8714.4871,9365.3121,6477.8365,7453.7558,8641.5515,7540.4993,9905.8259,8676.0013,7889.7331,7807.3673,7595.3193,10406.4718,8504.0579,7899.4762,8957.7912,8382.4957,8942.4266,8302.8934
2025-06,8855.5681,9418.0826,6658.8334,7490.0195,8939.0041,7683.5823,10119.3057,8816.3323,8030.954,8000.1427,7875.8853,10624.8993,8588.9464,7882.5607,9111.304,8569.0645,9017.1201,8566.1693
2025-07,9023.973,9596.7407,6701.1649,7420.9382,9071.797,7801.8271,10234.5966,9061.1273,8214.616,8384.8501,8027.0607,10917.6195,8772.9432,8201.9212,9246.0737,8766.629,9139.3674,8827.7358
2025-08,9193.2441,9729.0211,6932.52,7401.8179,9314.2826,7874.7486,10410.6938,9384.5631,8369.2742,8429.7057,8230.8327,11291.3028,8970.2821,8137.0132,9435.1467,9000.5641,9288.4688,9044.8689
2025-09,9384.0922,9910.131,7042.0634,7553.7487,9605.6566,8048.6896,10648.1896,9663.0675,8550.2948,8542.3767,8483.1542,11412.4415,9162.4211,8316.258,9614.0254,9237.6711,9472.1622,9256.5425
2025-10,9603.8623,10136.6605,7209.6846,7736.2575,9874.9092,8179.996,10842.673,9997.0294,8739.731,8680.0313,8626.8402,11665.8824,9386.3089,8548.5791,9827.1413,9474.6115,9687.5801,9490.5471
2025-11,9841.3581,10421.9128,7293.6616,7776.5032,10213.7353,8271.6454,11102.6118,10299.7148,8974.1837,8892.1372,8819.1806,11952.2159,9621.3785,8584.9379,10086.4793,9748.309,9908.218,9762.7718
2025-12,10121.3715,10748.4071,7499.3541,7861.3245,10561.7634,8436.8959,11335.1633,10712.0821,9271.0637,9118.0448,8851.3058,12333.0229,9875.41,8637.1055,10392.4922,10069.0986,10162.6429,10090.5744
2026-01,10413.0309,11251.1166,7612.5319,7825.2642,10879.7233,8591.3743,11600.3264,10909.2325,9607.476,9211.9913,8906.6187,12843.2705,10144.8418,9130.0503,10665.8531,10313.8016,10447.6709,10401.8561
2026-02,10714.6255,11624.9808,7659.9125,7824.4543,11614.1853,8811.537,11886.5002,11124.8788,9784.5611,9427.9443,9010.4,13228.6515,10476.9884,9013.6124,10993.8681,10752.23,10692.0487,10822.7791
2026-03,11077.0608,12014.7,7823.3561,8067.5324,12045.2252,8925.2054,12201.3116,11583.956,10069.9375,9763.4636,10103.1575,13684.7468,10653.9253,9107.887,11344.4566,11298.7045,11012.1275,11271.9282
2026-04,11363.0904,12194.882,7969.9785,8326.6612,12470.6962,9182.794,12508.3899,12091.593,10478.7314,9860.2728,10532.1344,14041.1974,10914.151,9103.5096,11603.8447,11828.0421,11289.6872,11566.6891
2026-05,11607.3937,12494.9767,8033.2555,8350.2424,12790.0776,9312.2108,12832.0291,12330.5017,10838.4277,10132.3705,10840.9295,14291.4848,11171.6219,9420.5342,11824.7213,12111.4533,11514.1432,11856.0739
2026-06,11826.4103,12657.4575,8201.663,8384.717,13213.1497,9455.0367,13200.749,12531.7975,10933.5551,10556.461,11025.3986,14524.0788,11373.1428,9738.5609,12010.3199,12389.4344,11669.7596,12197.4173
