ym,Nivel general,Alimentos y bebidas no alcohólicas,Bebidas alcohólicas y tabaco,Prendas de vestir y calzado,"Vivienda, agua, electricidad y otros combustibles",Equipamiento y manteni-miento del hogar,Salud,Transporte,Comunicaciones,Recreación y cultura,Educación,Restaurantes y hoteles,Otros bienes y servicios,Estacional,Núcleo,Regulados,Bienes,Servicios
1965-10,1.04484489509454e-11,,,,,,,,,,,,,,,,,
1965-11,1.08258546392768e-11,,,,,,,,,,,,,,,,,
1965-12,1.17098676869479e-11,,,,,,,,,,,,,,,,,
1966-01,1.14446699075787e-11,,,,,,,,,,,,,,,,,
1966-02,1.1696278812243e-11,,,,,,,,,,,,,,,,,
1966-03,1.19512772669184e-11,,,,,,,,,,,,,,,,,
1966-04,1.21994966215718e-11,,,,,,,,,,,,,,,,,
1966-05,1.23252934052387e-11,,,,,,,,,,,,,,,,,
1966-06,1.24306915395181e-11,,,,,,,,,,,,,,,,,
1966-07,1.26278989333721e-11,,,,,,,,,,,,,,,,,
1966-08,1.27740943664267e-11,,,,,,,,,,,,,,,,,
1966-09,1.29679122102696e-11,,,,,,,,,,,,,,,,,
1966-10,1.33827256473652e-11,,,,,,,,,,,,,,,,,
1966-11,1.36955305001923e-11,,,,,,,,,,,,,,,,,
1966-12,1.52153525782115e-11,,,,,,,,,,,,,,,,,
1967-01,1.45012924883329e-11,,,,,,,,,,,,,,,,,
1967-02,1.48107998151313e-11,,,,,,,,,,,,,,,,,
1967-03,1.51371782053329e-11,,,,,,,,,,,,,,,,,
1967-04,1.53207660498213e-11,,,,,,,,,,,,,,,,,
1967-05,1.54669308082152e-11,,,,,,,,,,,,,,,,,
1967-06,1.61402396113096e-11,,,,,,,,,,,,,,,,,
1967-07,1.69460629487717e-11,,,,,,,,,,,,,,,,,
1967-08,1.70037313109502e-11,,,,,,,,,,,,,,,,,
1967-09,1.70819516958199e-11,,,,,,,,,,,,,,,,,
1967-10,1.7571672654426e-11,,,,,,,,,,,,,,,,,
1967-11,1.79762714294974e-11,,,,,,,,,,,,,,,,,
1967-12,1.93770298118806e-11,,,,,,,,,,,,,,,,,
1968-01,1.8710622807451e-11,,,,,,,,,,,,,,,,,
1968-02,1.88942106519395e-11,,,,,,,,,,,,,,,,,
1968-03,1.87718187556138e-11,,,,,,,,,,,,,,,,,
1968-04,1.86935983707441e-11,,,,,,,,,,,,,,,,,
1968-05,1.87139970201317e-11,,,,,,,,,,,,,,,,,
1968-06,1.87788739275825e-11,,,,,,,,,,,,,,,,,
1968-07,1.87684445429332e-11,,,,,,,,,,,,,,,,,
1968-08,1.87991192036664e-11,,,,,,,,,,,,,,,,,
1968-09,1.90609274330246e-11,,,,,,,,,,,,,,,,,
1968-10,1.94348515473627e-11,,,,,,,,,,,,,,,,,
1968-11,1.94994217082061e-11,,,,,,,,,,,,,,,,,
1968-12,2.12300860667752e-11,,,,,,,,,,,,,,,,,
1969-01,2.02507975228667e-11,,,,,,,,,,,,,,,,,
1969-02,1.99788666554666e-11,,,,,,,,,,,,,,,,,
1969-03,2.02032517987302e-11,,,,,,,,,,,,,,,,,
1969-04,2.02236504481178e-11,,,,,,,,,,,,,,,,,
1969-05,1.99448177820527e-11,,,,,,,,,,,,,,,,,
1969-06,2.01420558505674e-11,,,,,,,,,,,,,,,,,
1969-07,2.04106125052869e-11,,,,,,,,,,,,,,,,,
1969-08,2.02576993215317e-11,,,,,,,,,,,,,,,,,
1969-09,2.06351510218542e-11,,,,,,,,,,,,,,,,,
1969-10,2.09478791880295e-11,,,,,,,,,,,,,,,,,
1969-11,2.1097418159104e-11,,,,,,,,,,,,,,,,,
1969-12,2.26444946731847e-11,,,,,,,,,,,,,,,,,
1970-01,2.15768631063644e-11,,,,,,,,,,,,,,,,,
1970-02,2.18693459964558e-11,,,,,,,,,,,,,,,,,
1970-03,2.21515528752016e-11,,,,,,,,,,,,,,,,,
1970-04,2.23214904956637e-11,,,,,,,,,,,,,,,,,
1970-05,2.24865201704085e-11,,,,,,,,,,,,,,,,,
1970-06,2.26513964718497e-11,,,,,,,,,,,,,,,,,
1970-07,2.29300757646111e-11,,,,,,,,,,,,,,,,,
1970-08,2.31885097812886e-11,,,,,,,,,,,,,,,,,
1970-09,2.36612063031877e-11,,,,,,,,,,,,,,,,,
1970-10,2.45995441750174e-11,,,,,,,,,,,,,,,,,
1970-11,2.52354298920174e-11,,,,,,,,,,,,,,,,,
1970-12,2.75679310941725e-11,,,,,,,,,,,,,,,,,
1971-01,2.74897107093027e-11,,,,,,,,,,,,,,,,,
1971-02,2.84076499317448e-11,,,,,,,,,,,,,,,,,
1971-03,2.87068812471975e-11,,,,,,,,,,,,,,,,,
1971-04,2.8965315263875e-11,,,,,,,,,,,,,,,,,
1971-05,2.9669145354399e-11,,,,,,,,,,,,,,,,,
1971-06,3.05939863755061e-11,,,,,,,,,,,,,,,,,
1971-07,3.19097759476582e-11,,,,,,,,,,,,,,,,,
1971-08,3.27461205725498e-11,,,,,,,,,,,,,,,,,
1971-09,3.30419776753219e-11,,,,,,,,,,,,,,,,,
1971-10,3.33818529162461e-11,,,,,,,,,,,,,,,,,
1971-11,3.42830744485885e-11,,,,,,,,,,,,,,,,,
1971-12,3.8352988434674e-11,,,,,,,,,,,,,,,,,
1972-01,4.03522094479626e-11,,,,,,,,,,,,,,,,,
1972-02,4.18100226993096e-11,,,,,,,,,,,,,,,,,
1972-03,4.35788770104916e-11,,,,,,,,,,,,,,,,,
1972-04,4.57038641327864e-11,,,,,,,,,,,,,,,,,
1972-05,4.64383688840437e-11,,,,,,,,,,,,,,,,,
1972-06,4.89917276434781e-11,,,,,,,,,,,,,,,,,
1972-07,5.14228478798907e-11,,,,,,,,,,,,,,,,,
1972-08,5.13582777190471e-11,,,,,,,,,,,,,,,,,
1972-09,5.26162455557173e-11,,,,,,,,,,,,,,,,,
1972-10,5.51628558897903e-11,,,,,,,,,,,,,,,,,
1972-11,5.78524101428801e-11,,,,,,,,,,,,,,,,,
1972-12,6.29559068223722e-11,,,,,,,,,,,,,,,,,
1973-01,6.58663186327414e-11,,,,,,,,,,,,,,,,,
1973-02,7.08509510018919e-11,,,,,,,,,,,,,,,,,
1973-03,7.69371104379729e-11,,,,,,,,,,,,,,,,,
1973-04,8.03745129197392e-11,,,,,,,,,,,,,,,,,
1973-05,8.31557844084217e-11,,,,,,,,,,,,,,,,,
1973-06,8.07145415339671e-11,,,,,,,,,,,,,,,,,
1973-07,8.07077931086059e-11,,,,,,,,,,,,,,,,,
1973-08,8.13538014636481e-11,,,,,,,,,,,,,,,,,
1973-09,8.17787988881069e-11,,,,,,,,,,,,,,,,,
1973-10,8.30470427361223e-11,,,,,,,,,,,,,,,,,
1973-11,8.37065479418867e-11,,,,,,,,,,,,,,,,,
1973-12,9.05100343192147e-11,,,,,,,,,,,,,,,,,
1974-01,8.53323049607485e-11,,,,,,,,,,,,,,,,,
1974-02,8.66680330623768e-11,,,,,,,,,,,,,,,,,
1974-03,8.76982415431026e-11,,,,,,,,,,,,,,,,,
1974-04,9.01870301416936e-11,,,,,,,,,,,,,,,,,
1974-05,9.31894659342628e-11,,,,,,,,,,,,,,,,,
1974-06,9.67595363237004e-11,,,,,,,,,,,,,,,,,
1974-07,9.89803817607864e-11,,,,,,,,,,,,,,,,,
1974-08,1.0081917429844e-10,,,,,,,,,,,,,,,,,
1974-09,1.04151362693891e-10,,,,,,,,,,,,,,,,,
1974-10,1.08088608772306e-10,,,,,,,,,,,,,,,,,
1974-11,1.12559593947478e-10,,,,,,,,,,,,,,,,,
1974-12,1.26805980005118e-10,,,,,,,,,,,,,,,,,
1975-01,1.30471601962739e-10,,,,,,,,,,,,,,,,,
1975-02,1.36496105330747e-10,,,,,,,,,,,,,,,,,
1975-03,1.47566590389371e-10,,,,,,,,,,,,,,,,,
1975-04,1.61877853354462e-10,,,,,,,,,,,,,,,,,
1975-05,1.68173827469958e-10,,,,,,,,,,,,,,,,,
1975-06,2.03725759259777e-10,,,,,,,,,,,,,,,,,
1975-07,2.74487600372239e-10,,,,,,,,,,,,,,,,,
1975-08,3.36169741907663e-10,,,,,,,,,,,,,,,,,
1975-09,3.7249927634707e-10,,,,,,,,,,,,,,,,,
1975-10,4.23880866808274e-10,,,,,,,,,,,,,,,,,
1975-11,4.61833090800469e-10,,,,,,,,,,,,,,,,,
1975-12,5.51554939712145e-10,,,,,,,,,,,,,,,,,
1976-01,6.00640531817464e-10,,,,,,,,,,,,,,,,,
1976-02,7.14673583093264e-10,,,,,,,,,,,,,,,,,
1976-03,9.83184225821633e-10,,,,,,,,,,,,,,,,,
1976-04,1.31670981197409e-09,,,,,,,,,,,,,,,,,
1976-05,1.47592663850994e-09,,,,,,,,,,,,,,,,,
1976-06,1.51624848004378e-09,,,,,,,,,,,,,,,,,
1976-07,1.58054256894064e-09,,,,,,,,,,,,,,,,,
1976-08,1.66770461741412e-09,,,,,,,,,,,,,,,,,
1976-09,1.84374649536216e-09,,,,,,,,,,,,,,,,,
1976-10,1.99972714519065e-09,,,,,,,,,,,,,,,,,
1976-11,2.15877526109248e-09,,,,,,,,,,,,,,,,,
1976-12,2.46848197318558e-09,,,,,,,,,,,,,,,,,
1977-01,2.66676298016521e-09,,,,,,,,,,,,,,,,,
1977-02,2.88689968291726e-09,,,,,,,,,,,,,,,,,
1977-03,3.1047511234447e-09,,,,,,,,,,,,,,,,,
1977-04,3.2913757593457e-09,3.15542777837791e-09,,9.75509618761295e-09,3.09849132870299e-09,3.57225769598745e-09,3.01157886157686e-09,4.52349064718968e-09,,,,,3.4685338318825e-09,,,,,
1977-05,3.50517814465634e-09,3.36105914346725e-09,,1.01970307842169e-08,3.59174025984543e-09,3.76463554776765e-09,3.01985697829368e-09,4.6552428019622e-09,,,,,3.5478558114058e-09,,,,,
1977-06,3.77322866747371e-09,3.69267592237892e-09,,1.05982965529125e-08,3.73556431217463e-09,4.07310348251865e-09,3.35429289365295e-09,4.76015655483661e-09,,,,,3.71911917628565e-09,,,,,
1977-07,4.05061962448435e-09,3.91858080233622e-09,,1.11432588468842e-08,4.25873636829832e-09,4.40560206444461e-09,3.64568260208481e-09,4.86263045299301e-09,,,,,4.14637620235434e-09,,,,,
1977-08,4.50986530765197e-09,4.30667380123721e-09,,1.19918817225714e-08,5.00005765815623e-09,4.89319699721957e-09,3.96687353069718e-09,6.09719694030584e-09,,,,,4.43121421973346e-09,,,,,
1977-09,4.88405015660633e-09,4.67159706886057e-09,,1.29137084884937e-08,5.30411521844951e-09,5.36085760431869e-09,4.40395809334495e-09,6.26798677056651e-09,,,,,5.15773144127642e-09,,,,,
1977-10,5.49423050791182e-09,5.2305668359344e-09,,1.54677108811373e-08,5.94891029869051e-09,5.92225266126796e-09,4.77231773100973e-09,7.47327500126324e-09,,,,,5.64628272424947e-09,,,,,
1977-11,5.99082259052218e-09,5.70409821892181e-09,,1.70077038312663e-08,6.41607784799446e-09,6.57069869614773e-09,5.29220001705907e-09,7.82461408065661e-09,,,,,6.50440232091065e-09,,,,,
1977-12,6.42879539647126e-09,5.990823643483e-09,,1.79946007218419e-08,6.96919233434131e-09,7.12295580513744e-09,5.80873794395482e-09,9.11285737176561e-09,,,,,6.86044984263452e-09,,,,,
1978-01,7.2875325236982e-09,6.58889233208789e-09,,1.86154781612425e-08,8.78581559933168e-09,8.0350921713367e-09,6.59269215327052e-09,1.13599635670524e-08,,,,,7.72217498381947e-09,,,,,
1978-02,7.73967702290604e-09,6.98422587201314e-09,,1.94152984434398e-08,9.06574160722075e-09,8.60973808204216e-09,7.14567034995368e-09,1.18552540748083e-08,,,,,8.56857656077836e-09,,,,,
1978-03,8.47433514746703e-09,7.65035564624622e-09,,2.07492359988332e-08,9.55995580045932e-09,9.3668112659875e-09,8.07944191561028e-09,1.26140488921093e-08,,,,,9.58894566100988e-09,,,,,
1978-04,9.41282639260033e-09,8.60755516965502e-09,,2.43362266203485e-08,1.03939422515495e-08,1.0295531929754e-08,8.81950555009342e-09,1.36961244595466e-08,,,,,1.06237369393366e-08,,,,,
1978-05,1.02309195943557e-08,9.43152873821724e-09,,2.60904087307947e-08,1.09730995092509e-08,1.15211115199744e-08,9.63738348171465e-09,1.48111380656769e-08,,,,,1.16314866337349e-08,,,,,
1978-06,1.08950259992302e-08,9.98760228888135e-09,,2.72508259537793e-08,1.15426041459908e-08,1.22607711914741e-08,1.06142012542986e-08,1.56345890330051e-08,,,,,1.27311777134897e-08,,,,,
1978-07,1.16138866735136e-08,1.03930725862406e-08,,2.86416998682443e-08,1.28611521693578e-08,1.31347636732686e-08,1.13244636686013e-08,1.6876475084472e-08,,,,,1.4094073543481e-08,,,,,
1978-08,1.2520629644788e-08,1.13459277850348e-08,,3.01518690112406e-08,1.37453322494488e-08,1.40170483038467e-08,1.21257853667888e-08,1.77865408942895e-08,,,,,1.52027784845452e-08,,,,,
1978-09,1.33209315433181e-08,1.21221137828369e-08,,3.21663316203002e-08,1.45020977328454e-08,1.50121061578823e-08,1.30297557122649e-08,1.87868813286734e-08,,,,,1.61744727337057e-08,,,,,
1978-10,1.46206169185853e-08,1.34355479246398e-08,,3.77406722989361e-08,1.55368586999387e-08,1.6090085499754e-08,1.3933726057741e-08,2.05484564350763e-08,,,,,1.7519340841078e-08,,,,,
1978-11,1.59063453232187e-08,1.47822885551545e-08,,4.26995580485593e-08,1.68611982958828e-08,1.71133366596539e-08,1.49569012839392e-08,2.15902743996664e-08,,,,,1.86190319208329e-08,,,,,
1978-12,1.73477476310734e-08,1.61652318907906e-08,,4.53782781801215e-08,1.84731859964853e-08,1.84019365806299e-08,1.60976257675161e-08,2.40691667931641e-08,,,,,2.03659182426074e-08,,,,,
1979-01,1.95632250025313e-08,1.86661147605742e-08,,4.73439381956912e-08,2.1056227365834e-08,2.00968517920037e-08,1.77515934875355e-08,2.6601735990458e-08,6.14626602819548e-08,,,,2.29474881216384e-08,,,,,
1979-02,2.10193511475379e-08,2.01373926967064e-08,,5.06462470218482e-08,2.21894450667366e-08,2.15678789862195e-08,1.99022482105637e-08,2.80705285306997e-08,6.47423422119511e-08,,,,2.43698754362722e-08,,,,,
1979-03,2.26483290057764e-08,2.14884776518356e-08,,5.60606236440449e-08,2.38902368801866e-08,2.34021022971583e-08,2.17184670182327e-08,3.0168803588188e-08,6.86072904086802e-08,,,,2.59689344325714e-08,,,,,
1979-04,2.42340555923809e-08,2.25615258316328e-08,,6.53304051519517e-08,2.61721164755305e-08,2.54884069311194e-08,2.36803806801176e-08,3.17888671209462e-08,7.18450334725042e-08,,,,2.82665676803543e-08,,,,,
1979-05,2.59111926679705e-08,2.41283789092853e-08,,6.90122897052529e-08,2.83883582483349e-08,2.7438720325029e-08,2.56207712385387e-08,3.34430886197568e-08,7.5809195255626e-08,,,,3.00287775663549e-08,,,,,
1979-06,2.84232940087188e-08,2.69188834200399e-08,,7.2035339246439e-08,3.01528573601321e-08,2.96676499180685e-08,2.80992393835528e-08,3.69881975250246e-08,7.91208008001714e-08,,,,3.19974048763422e-08,,,,,
1979-07,3.04561037755102e-08,2.85784154228032e-08,,7.47113481228077e-08,3.32552097372198e-08,3.18236086018121e-08,3.05810187752536e-08,3.90767131636408e-08,8.31419243269003e-08,,,,3.53235196995352e-08,,,,,
1979-08,3.3943352580968e-08,3.33615168234375e-08,,7.65821142065913e-08,3.52359275585589e-08,3.44157343115745e-08,3.32233936312605e-08,4.09993186814323e-08,8.64823237198625e-08,,,,3.80979862105888e-08,,,,,
1979-09,3.62669581315105e-08,3.53685947953658e-08,,7.97868178457682e-08,3.74154893717089e-08,3.7576701427894e-08,3.65429184347029e-08,4.53398202247712e-08,9.11851103101979e-08,,,,4.05912202487871e-08,,,,,
1979-10,3.78411817203401e-08,3.56900748168435e-08,,9.25649635745673e-08,3.9903935055633e-08,4.0231847468412e-08,3.92531738477878e-08,4.87897747960367e-08,9.45064181297532e-08,,,,4.41210483375739e-08,,,,,
1979-11,3.97859552108271e-08,3.71845224842533e-08,,9.88767656659414e-08,4.15506721916975e-08,4.27261258225277e-08,4.20983625633566e-08,5.19847645492702e-08,9.81328781472041e-08,,,,4.70938197974358e-08,,,,,
1979-12,4.15887050221193e-08,3.84458247306817e-08,,1.00289329621957e-07,4.30487589649521e-08,4.47925292994081e-08,4.53707021015131e-08,5.80856212716531e-08,1.01370621211028e-07,,,,4.96970229436096e-08,,,,,
1980-01,4.4587153108793e-08,4.15288470988169e-08,,1.00470983719948e-07,4.56240782375314e-08,4.72851492237671e-08,4.9263072581759e-08,6.18698359392858e-08,1.08181931244668e-07,,,,5.4804276761553e-08,,,,,
1980-02,4.69705742477653e-08,4.39920791552743e-08,,1.01062037352216e-07,4.80198587602233e-08,4.95240293953469e-08,5.1531276562166e-08,6.54076252803997e-08,1.1417762422424e-07,,,,5.79032422797474e-08,,,,,
1980-03,4.96929503878399e-08,4.61772744363997e-08,,1.03054809919724e-07,5.09716302503085e-08,5.19619211377339e-08,5.50329199333782e-08,7.03922484692932e-08,1.21008964761126e-07,,,,6.10292493818699e-08,,,,,
1980-04,5.27619501942001e-08,4.91676178794242e-08,,1.15355774734399e-07,5.3747724038891e-08,5.47795932944111e-08,5.82266173627249e-08,7.38446428952764e-08,1.28272526000878e-07,,,,6.48655487551788e-08,,,,,
1980-05,5.5814078937157e-08,5.23520078218992e-08,,1.18308331640544e-07,5.67786470208621e-08,5.76188250379258e-08,6.1302765534693e-08,7.77044930591676e-08,1.37161061816499e-07,,,,6.77427732851605e-08,,,,,
1980-06,5.90165135177065e-08,5.55392939807838e-08,,1.20724060018299e-07,6.0983328711775e-08,6.03701600043339e-08,6.42199738656982e-08,8.186932506281e-08,1.45792643832661e-07,,,,7.09048358325209e-08,,,,,
1980-07,6.17158836622312e-08,5.74319714045287e-08,,1.23367533832341e-07,6.54158122573837e-08,6.42492272053154e-08,6.7099102859806e-08,8.5958521570194e-08,1.54290584834976e-07,,,,7.52188698552317e-08,,,,,
1980-08,6.38278340537144e-08,5.86454860801968e-08,,1.2565312196079e-07,6.93540816097542e-08,6.72808368006107e-08,7.18656424653474e-08,8.79445633106541e-08,1.61959450788856e-07,,,,7.99331193200822e-08,,,,,
1980-09,6.67281232260419e-08,6.07742051413327e-08,,1.28624657653292e-07,7.27942757205011e-08,7.05197501154963e-08,7.63292029990534e-08,9.57276998611045e-08,1.72340885049565e-07,,,,8.37784325547001e-08,,,,,
1980-10,7.18093807765022e-08,6.49013135251682e-08,,1.48685234832878e-07,8.18658089002982e-08,7.48731282269013e-08,8.34467277521699e-08,1.00656206391483e-07,2.10711817831085e-07,,,,8.78653172724122e-08,,,,,
1980-11,7.51682561267914e-08,6.78511099384565e-08,,1.52887680383406e-07,8.65608437360655e-08,7.89976430318787e-08,8.69202255265452e-08,1.04674647112046e-07,2.25088398559626e-07,,,,9.23434035709551e-08,,,,,
1980-12,7.80348031723121e-08,6.98697727760237e-08,,1.55203092318987e-07,8.99798020806966e-08,8.1977841304715e-08,9.2870535822591e-08,1.12374828602083e-07,2.36688250775625e-07,,,,9.5615435226291e-08,,,,,
1981-01,8.18553321666363e-08,7.33321994938311e-08,,1.56900338070361e-07,9.51169269565085e-08,8.48784349492281e-08,9.85923700972528e-08,1.15185541237231e-07,2.49463017197675e-07,,,,1.03244767438623e-07,,,,,
1981-02,8.52755568383919e-08,7.61849726573941e-08,,1.60668982789867e-07,9.83215971157905e-08,8.87425762823993e-08,1.04403608032456e-07,1.21943938806117e-07,2.61590860960186e-07,,,,1.07823808983832e-07,,,,,
1981-03,9.03828878504753e-08,8.05003351078604e-08,,1.67067545047446e-07,1.03495401951257e-07,9.33861796012316e-08,1.11373782308013e-07,1.30263843394529e-07,2.74443558558929e-07,,,,1.13628735667128e-07,,,,,
1981-04,9.75147464709527e-08,8.58728165478707e-08,,1.9824697977717e-07,1.1115958299484e-07,1.02225610204581e-07,1.1985057382603e-07,1.4334146468306e-07,3.19966632905892e-07,,,,1.22390208859929e-07,,,,,
1981-05,1.04861327716562e-07,9.38084495104732e-08,,2.07329684676698e-07,1.1737587089417e-07,1.09373442456069e-07,1.27632003539835e-07,1.51392985252492e-07,3.36337187637296e-07,,,,1.31620402840822e-07,,,,,
1981-06,1.14692556481564e-07,1.03800396123969e-07,,2.15707463225816e-07,1.27202239033172e-07,1.19075256532915e-07,1.37896868268685e-07,1.6630049757953e-07,3.53339329174191e-07,,,,1.42058454237184e-07,,,,,
1981-07,1.26440951542393e-07,1.14791537398815e-07,,2.23624328391972e-07,1.3706721765602e-07,1.30816939210534e-07,1.47880277029162e-07,1.83623466077398e-07,3.89109426299802e-07,,,,1.64466913452516e-07,,,,,
1981-08,1.36456228271794e-07,1.23465705545893e-07,,2.29941552993734e-07,1.50909076115086e-07,1.39540279730912e-07,1.59883546268542e-07,1.994337246501e-07,4.39584729597841e-07,,,,1.79646255897656e-07,,,,,
1981-09,1.46210770384962e-07,1.30937943882942e-07,,2.41220374600312e-07,1.64943986993386e-07,1.48645059095337e-07,1.72284165110329e-07,2.18903765299815e-07,4.96513923637216e-07,,,,1.97890311188016e-07,,,,,
1981-10,1.54722988738435e-07,1.35702219876913e-07,,2.87149037584793e-07,1.73708566826601e-07,1.58894154991902e-07,1.85794051592169e-07,2.36348726533584e-07,5.5745266106863e-07,,,,2.14998619953382e-07,,,,,
1981-11,1.65873227914966e-07,1.47663593649011e-07,,3.02657417293839e-07,1.81160390209028e-07,1.67484821131742e-07,2.0213505399116e-07,2.51402630143703e-07,6.00466601907359e-07,,,,2.29348687158052e-07,,,,,
1981-12,1.80474366423985e-07,1.64765751548343e-07,,3.17921784035435e-07,1.90562043025715e-07,1.7796609719425e-07,2.12780712088982e-07,2.70799475151879e-07,6.45210051510776e-07,,,,2.38885352423467e-07,,,,,
1982-01,2.01992640928349e-07,1.87153504395393e-07,,3.38093522677969e-07,2.09732148255634e-07,1.94301630297999e-07,2.29651513957848e-07,3.05006238298372e-07,6.78159916374607e-07,,,,2.70127395722076e-07,,,,,
1982-02,2.12667422863515e-07,1.9524842926053e-07,,3.58563499391832e-07,2.26527708728978e-07,2.08282193147198e-07,2.49568662778502e-07,3.1210621552778e-07,6.81082491988912e-07,,,,2.92355577711219e-07,,,,,
1982-03,2.22698036923283e-07,2.03155100059035e-07,,3.80822904533662e-07,2.36180329690669e-07,2.20969180786151e-07,2.67300388785918e-07,3.19108598568468e-07,6.81082491988912e-07,,,,3.10888076563481e-07,,,,,
1982-04,2.32023133786186e-07,2.09280597765569e-07,,4.62838374148807e-07,2.45022130491579e-07,2.33059133712682e-07,2.69254024331086e-07,3.2493985134451e-07,6.81082491988912e-07,,,,3.36108860507366e-07,,,,,
1982-05,2.3912431774593e-07,2.15130954913182e-07,,4.79783719110613e-07,2.51180502665138e-07,2.45431019697857e-07,2.79816901261741e-07,3.33601335593444e-07,6.81082491988912e-07,,,,3.48511933669192e-07,,,,,
1982-06,2.58004571427235e-07,2.37402859103844e-07,,4.95454774131292e-07,2.61682554271459e-07,2.63507904046168e-07,2.91191033630642e-07,3.42506805314179e-07,6.81082491988912e-07,,,,3.85360598702288e-07,,,,,
1982-07,2.99952169979934e-07,2.87681175976391e-07,,5.46019683497325e-07,2.87512967964945e-07,3.129788636893e-07,3.17118095187703e-07,3.86448588785531e-07,7.45779139615332e-07,,,,4.18008804365174e-07,,,,,
1982-08,3.44016320123225e-07,3.2609948665118e-07,,6.39395312374864e-07,3.29907279228695e-07,3.68867946490961e-07,3.54584851448003e-07,4.46591007584466e-07,8.40586641247009e-07,,,,4.98124003683707e-07,,,,,
1982-09,4.02727620766636e-07,3.93233783028233e-07,,7.46435667429606e-07,3.70042877187408e-07,4.27194921035008e-07,3.94899279858886e-07,5.40452218586293e-07,8.79298092583719e-07,,,,5.36216581577511e-07,,,,,
1982-10,4.53831605548204e-07,4.40586921326974e-07,,1.00153766862263e-06,4.24869764249817e-07,4.80977798045627e-07,4.16091258653929e-07,6.11817969088072e-07,9.74472089829483e-07,,,,5.83737658401015e-07,,,,,
1982-11,5.05319023588939e-07,4.85072805380105e-07,,1.12121247288089e-06,4.80835660585704e-07,5.39089176721301e-07,4.70279810682192e-07,7.11510432865943e-07,1.09129154964596e-06,,,,6.35134695587588e-07,,,,,
1982-12,5.58984342541733e-07,5.24693045864924e-07,,1.23806757173752e-06,5.35836294825423e-07,6.05161018229258e-07,5.29700132475482e-07,8.48459478187819e-07,1.23757900950414e-06,,,,7.16692112715641e-07,,,,,
1983-01,6.48308954596912e-07,6.10956851628103e-07,,1.34722270584349e-06,6.38231297987044e-07,6.86258233333151e-07,6.0910382802316e-07,9.94484783060689e-07,1.43070686227434e-06,,,,8.20802210839969e-07,,,,,
1983-02,7.32817644916975e-07,6.99001830483259e-07,,1.47953195930528e-06,7.12363426972836e-07,7.92397737763603e-07,6.78308883775723e-07,1.11842940273557e-06,1.58398371585908e-06,,,,9.14906922910795e-07,,,,,
1983-03,8.15332482289372e-07,7.68076591854815e-07,,1.66145718281523e-06,8.17190890616808e-07,8.856014900916e-07,7.48672875868641e-07,1.2538413395851e-06,1.77010840393173e-06,,,,1.01802549629109e-06,,,,,
1983-04,8.99074306091103e-07,8.23973568562198e-07,,2.18445830971644e-06,9.02713112337398e-07,9.95057854035501e-07,8.31288480702443e-07,1.42926689380999e-06,1.9957657939742e-06,,,,1.11789907959997e-06,,,,,
1983-05,9.80515530337843e-07,8.81608275115408e-07,,2.36258777595495e-06,1.02298476952007e-06,1.09323689563367e-06,9.23010013924741e-07,1.59151723255762e-06,2.29515546646693e-06,,,,1.23345678158732e-06,,,,,
1983-06,1.13572931364801e-06,1.05653974626183e-06,,2.63100204014997e-06,1.17916417668024e-06,1.21778497036378e-06,1.03029440657464e-06,1.78499771169578e-06,2.49110824614812e-06,,,,1.34793282021754e-06,,,,,
1983-07,1.27713949962822e-06,1.16210683439572e-06,,2.8674234930571e-06,1.36063345076005e-06,1.38611559067146e-06,1.15827409101658e-06,2.05020991954342e-06,2.85584336678648e-06,,,,1.55254747194241e-06,,,,,
1983-08,1.49738356369284e-06,1.39322490389049e-06,,3.14478489939196e-06,1.58496036190976e-06,1.6023748309485e-06,1.33658472509675e-06,2.35689965759721e-06,3.22821762060047e-06,,,,1.78294176701236e-06,,,,,
1983-09,1.81732027514048e-06,1.75887222561625e-06,,3.51541348439659e-06,1.80214433354782e-06,1.88596631934862e-06,1.52532578624011e-06,2.76874713399723e-06,3.68569584912968e-06,,,,2.18856552593833e-06,,,,,
1983-10,2.12575398881315e-06,2.02474489202753e-06,,5.24248304290394e-06,2.08651054707925e-06,2.27171708076305e-06,1.75479518163019e-06,3.04201086241429e-06,3.91925057805368e-06,,,,2.59382873041192e-06,,,,,
1983-11,2.53464721638717e-06,2.38271724026756e-06,,6.22260179549486e-06,2.60311882094899e-06,2.7879862640318e-06,2.05694644179389e-06,3.62074440152615e-06,5.11535079700696e-06,,,,3.17936916107483e-06,,,,,
1983-12,2.98326412961072e-06,2.70332839682234e-06,,7.26399491546765e-06,3.27880228826739e-06,3.38551850538013e-06,2.3946936038399e-06,4.57179977060627e-06,6.33036700948702e-06,,,,3.79717921522563e-06,,,,,
1984-01,3.35734161725252e-06,3.07578182711091e-06,,7.96295650445224e-06,3.59849709451862e-06,3.81604687022615e-06,2.70197729636803e-06,5.07977752289586e-06,6.36511805475996e-06,,,,4.19505105342546e-06,,,,,
1984-02,3.92635657385402e-06,3.77956241467019e-06,,8.85767071843567e-06,3.90738096529275e-06,4.26713976405558e-06,3.06124756187775e-06,5.66534265521815e-06,7.32926661100219e-06,,,,4.6854051086604e-06,,,,,
1984-03,4.72236401988145e-06,4.7020073411625e-06,,1.0194319529023e-05,4.32630471503017e-06,5.02172530336583e-06,3.62912636865118e-06,6.53881064426556e-06,8.39109735906857e-06,,,,5.37947242948928e-06,,,,,
1984-04,5.59659185077863e-06,5.46371225691594e-06,,1.42259560023361e-05,5.05990390811872e-06,6.30203307555816e-06,4.34932252301398e-06,7.78313655045039e-06,1.01955599539277e-05,,,,6.25201420424556e-06,,,,,
1984-05,6.55210753261891e-06,6.25003501215194e-06,,1.76665388433813e-05,5.91126507693992e-06,7.8493480385834e-06,5.2152135315927e-06,9.38856095490073e-06,1.25921232858226e-05,,,,7.26697498769142e-06,,,,,
1984-06,7.72541330566509e-06,7.23040426683842e-06,,2.08170173786804e-05,7.05992697138121e-06,9.47295077041799e-06,6.29136870477849e-06,1.14746367387988e-05,1.68737998430623e-05,,,,8.70919279720602e-06,,,,,
1984-07,9.13798143243056e-06,8.33241461073269e-06,,2.38617569614179e-05,8.4595570108265e-06,1.11313805271438e-05,7.81950905070232e-06,1.46025304872871e-05,2.04677209339424e-05,,,,1.02072965468392e-05,,,,,
1984-08,1.12253920953272e-05,1.04379639405911e-05,,2.71044181733092e-05,1.02839023725862e-05,1.3519519376829e-05,9.69864154541909e-06,1.8172037939735e-05,2.50810456632e-05,,,,1.2168712767779e-05,,,,,
1984-09,1.43173978972372e-05,1.40480976952933e-05,,3.20361913709935e-05,1.22202181375016e-05,1.64665490545308e-05,1.18294287883269e-05,2.16268722204365e-05,2.96385003112774e-05,,,,1.50405289809749e-05,,,,,
1984-10,1.7084252295375e-05,1.64519573153518e-05,,4.98925180779471e-05,1.42356853943027e-05,1.92162255911823e-05,1.47482927426755e-05,2.52573760408348e-05,3.45688794260549e-05,,,,1.74364133170309e-05,,,,,
1984-11,1.96425190005267e-05,1.8419936365749e-05,,5.57054492136452e-05,1.69982655135388e-05,2.23539746909076e-05,1.74121907021461e-05,2.97101109012022e-05,4.04878612117723e-05,,,,2.09716497226035e-05,,,,,
1984-12,2.35075262529143e-05,2.19837306578959e-05,,6.1700034447334e-05,2.05349858339026e-05,2.59013559405441e-05,2.15247590870592e-05,3.58414658075601e-05,4.81509630753657e-05,,,,2.60374397785234e-05,,,,,
1985-01,2.94169996431719e-05,2.81077802562255e-05,,6.72391288084493e-05,2.58690241773334e-05,3.19745257096741e-05,2.74171225660873e-05,4.49421239057357e-05,5.63101222297176e-05,,,,3.2287651210507e-05,,,,,
1985-02,3.55059197987189e-05,3.3625072516721e-05,,7.63489462599167e-05,3.19308701412757e-05,3.93545381271041e-05,3.57283517497684e-05,5.44575573059729e-05,6.53908244339532e-05,,,,3.89759363021308e-05,,,,,
1985-03,4.49077033134553e-05,4.20530622689741e-05,,9.03661356123234e-05,4.26452794087534e-05,5.02504216287929e-05,4.51985172738034e-05,6.84867219345278e-05,8.0206790838966e-05,,,,4.90173778008759e-05,,,,,
1985-04,5.81438194198458e-05,5.37537765641984e-05,,0.000123470561529709,5.64099169001256e-05,6.52592109271617e-05,5.80130419514311e-05,9.00062405473721e-05,0.000101120771354737,,,,6.54586608293419e-05,,,,,
1985-05,7.27296205984993e-05,6.44118529519273e-05,,0.000152996130591161,7.36108874538602e-05,8.63710217302813e-05,7.53474183564393e-05,0.000119308895710666,0.000132240700770134,,,,8.54333774911185e-05,,,,,
1985-06,9.4938074969361e-05,8.2643535251045e-05,,0.000178237916446269,0.000104306222112039,0.000108875913529051,9.94698504692349e-05,0.000160957215747089,0.000208295188942563,,,,0.000116927808906392,,,,,
1985-07,0.000100812272499775,8.60031462863077e-05,,0.000181518535230875,0.000107723249932478,0.000115675475531627,0.000109949946232721,0.00017154618522325,0.000219935934995823,,,,0.000134540893905089,,,,,
1985-08,0.000103910413233832,9.08977520187156e-05,,0.000180515370809136,0.000107356450335934,0.000117632422644564,0.000115992971435995,0.000171912163430952,0.000219935934995823,,,,0.000136235499831268,,,,,
1985-09,0.000105980952833325,9.34898657054051e-05,,0.000182060786269652,0.0001071633979167,0.000119489863972096,0.000121290966134756,0.000173400474808938,0.000219935934995823,,,,0.0001387413532753,,,,,
1985-10,0.000108036155102452,9.45469846949488e-05,,0.0002312429554868,0.000106700072110539,0.000120551259016401,0.000126340617332012,0.000173595663186378,0.000219935934995823,,,,0.000139192046340774,,,,,
1985-11,0.000110597489273677,9.80514065506969e-05,,0.000234333786407834,0.000106873819287849,0.000121314136704495,0.000132714767203959,0.0001739372428469,0.000219935934995823,,,,0.000141373400777664,,,,,
1985-12,0.000114109737927633,0.000102656390642134,,0.000236502790562945,0.000106951040255542,0.000122159935880425,0.000139949841214454,0.000174181228318701,0.000219935934995823,,,,0.000144708529462167,,,,,
1986-01,0.000117560637260121,0.000106638688205484,,0.00023688236629009,0.000107298534610164,0.000123768612744449,0.000146721340688808,0.000174498409432042,0.000219748149027887,,,,0.000147917464088337,,,,,
1986-02,0.000119554490207781,0.000108926699169154,,0.000236014764628045,0.000107684639448632,0.000124630996217946,0.000156257731146578,0.000174669199262303,0.000219935934995823,,,,0.000149630097737135,,,,,
1986-03,0.000125106603800497,0.000115747288814019,,0.000238536231958362,0.000109653774124816,0.000125708975559818,0.000164204723194719,0.000183403879152777,0.000219935934995823,,,,0.000153019309589494,,,,,
1986-04,0.000131026813322012,0.000121467316223194,,0.000273592761615348,0.000114769663234513,0.000129556532595422,0.00016973450516155,0.000187234451060052,0.000227602918082397,,,,0.000159419151119215,,,,,
1986-05,0.000136302854968128,0.00012598541382234,,0.000280181111736499,0.000120522625327681,0.000135079103685319,0.000179767582622329,0.000192382544515052,0.000233331117149107,,,,0.000162826390694193,,,,,
1986-06,0.000142499136436241,0.000131618554739224,,0.000289155366428271,0.000126661692259317,0.000139739291301719,0.000188890067244257,0.000203166702368655,0.000242090240577902,,,,0.000171804196558421,,,,,
1986-07,0.000152146317236843,0.000139583149865923,,0.000296855331178917,0.00013683555475294,0.000145958402889441,0.000198873476004735,0.000216293120751546,0.000255951050557747,,,,0.000186857344945229,,,,,
1986-08,0.000165505131986167,0.000155222718478352,,0.00030238629177445,0.000147318301117337,0.000156738196308159,0.000216836989280221,0.000233054922664271,0.000271828092811235,,,,0.000196898786443975,,,,,
1986-09,0.000177468249672128,0.000167459232809372,,0.000313095749790312,0.000155638860386315,0.00016919300378117,0.000233409778947282,0.00025328131827657,0.000280248598704789,,,,0.000218207554579552,,,,,
1986-10,0.000188219718259127,0.000175554157674509,,0.000379928190319678,0.000166276048686099,0.000178513379013969,0.000248989194608325,0.000267798453848727,0.000291130006845595,,,,0.000231043293084231,,,,,
1986-11,0.000198188982997428,0.000184952379924014,,0.000392318626555751,0.000175021323277392,0.000185130513743305,0.000262946099392874,0.000280656488212638,0.000302672631913819,,,,0.000243139894961535,,,,,
1986-12,0.000207575429181798,0.000190947547892112,,0.000402973859467735,0.000184731859964853,0.000193090976575589,0.000278922864656324,0.000298516224748467,0.000317533013142991,,,,0.000258265154238819,,,,,
1987-01,0.000223311530137948,0.000206065797550792,,0.000411839663951753,0.000198843991810847,0.000205976975785349,0.000301820135495031,0.000316937127869439,0.000337370232674338,,,,0.000285378849057692,,,,,
1987-02,0.000237728620682568,0.000219678014676425,,0.000419431178494642,0.000210813241803344,0.000219078570863483,0.000324171050630429,0.000339139805803326,0.000357740697690604,,,,0.000310978215176576,,,,,
1987-03,0.000257360403551838,0.000240530772826329,,0.000438681090371255,0.000218535338572697,0.000235165339503724,0.000352151085133259,0.000353290963167782,0.00036218417408056,,,,0.00034414922479541,,,,,
1987-04,0.000265949308557143,0.000247626503030116,,0.000492635068729647,0.000220465862765036,0.000244784232092733,0.000370197379575913,0.00035548683241399,0.00036218417408056,,,,0.000357129185081041,,,,,
1987-05,0.000276992186421108,0.00025863212538701,,0.000516222988916481,0.000227608802276688,0.000255066496584434,0.000390892671367948,0.000373297771855459,0.000369307548713574,,,,0.000363258610771478,,,,,
1987-06,0.000299231315452703,0.00028281553240808,,0.00054143766221965,0.000250582040165514,0.000274470124738126,0.000415395896849717,0.000405259868661384,0.0004201759456302,,,,0.00037858217499757,,,,,
1987-07,0.000329445856274939,0.000311343264043713,,0.000561229825135042,0.000282049584500628,0.000296029711575562,0.000455627544093432,0.000446249427923945,0.000451485930093979,,,,0.00040237876885456,,,,,
1987-08,0.00037469098085646,0.000363040726957018,,0.000588613502593322,0.000316219862705016,0.000327042348026335,0.000501984997707589,0.000507489781345984,0.000486183279847254,,,,0.000445284748687618,,,,,
1987-09,0.000418402372401319,0.000409959432794304,,0.000637687221602715,0.000356374765905653,0.000368668934920153,0.000539567647601923,0.00056019064325499,0.000518127391547694,,,,0.000496483480925385,,,,,
1987-10,0.000500303716559053,0.000462236138989549,,0.000903661356123233,0.000459078652938052,0.000452419637634808,0.000618540881080327,0.000746107572767314,0.000677100996309044,,,,0.000670631281424266,,,,,
1987-11,0.000551683773287222,0.000495687438521688,,0.00100940030868491,0.000516029116612032,0.000534843596544083,0.000682116817465457,0.000814911475815185,0.00107162363043187,,,,0.000795563399173465,,,,,
1987-12,0.000570395316334498,0.000515092088466739,,0.00105250926626774,0.000524137318219853,0.000556900712308536,0.000715725971335722,0.000821987054497411,0.000758647017205771,,,,0.000820621933613778,,,,,
1988-01,0.000622235492973664,0.000571568308456063,,0.00110998787637819,0.000553867390781863,0.000600517414910426,0.00076870591832333,0.000888107117355469,0.000866826410210105,,,,0.000873623438113438,,,,,
1988-02,0.000687112400424451,0.000631085555675584,,0.00120406843160614,0.000615258060098222,0.000675810125865776,0.000851487085491466,0.000998876521553103,0.000906099350041311,,,,0.000954748189898635,,,,,
1988-03,0.000788492154147792,0.000722026750940444,,0.00139466967173655,0.000691706818114821,0.000788085820396118,0.000974003212900311,0.00122041532994837,0.00105612379510408,,,,0.00106291452561223,,,,,
1988-04,0.000924380901196024,0.000837440974867344,,0.00179213968316069,0.000850395906725027,0.000939666300160858,0.00108857234826102,0.00146684065646734,0.00134802150854379,,,,0.00122822874202783,,,,,
1988-05,0.00106962541976789,0.000938084495104732,,0.00201798724081165,0.00103012770903173,0.0011239178461331,0.00124651881521782,0.00183501473341497,0.00186295295129864,,,,0.00147899436365718,,,,,
1988-06,0.0012618021692616,0.00111011974984144,,0.00222322925898906,0.00120734982988839,0.00130435500366487,0.0014084387781987,0.00226662503303086,0.00247854236000476,,,,0.00174364133170309,,,,,
1988-07,0.00158541983999723,0.0014379714474205,,0.00247754499617585,0.00149461182970832,0.00159408268216487,0.00168492787654028,0.00275093619455575,0.00295448899170235,,,,0.00211338992261739,,,,,
1988-08,0.00202330062196415,0.00186125347569946,,0.00285956085299482,0.00193419218830376,0.00208315361742333,0.00213310511558858,0.00368857236268682,0.00377410479522417,,,,0.00255633106736455,,,,,
1988-09,0.00225995562952105,0.00209541257242443,,0.00315969680295835,0.00209790063981405,0.00230571489077593,0.00241058758793618,0.00388546863843019,0.00377455741511673,,,,0.0030111705090402,,,,,
1988-10,0.00246317525687873,0.00231885566843348,,0.00434776882892054,0.00219114495830399,0.00245331513912453,0.00260644782945599,0.00405186673019844,0.00393038392203991,,,,0.00312258183482519,,,,,
1988-11,0.00260381857634061,0.00244469627143533,,0.00462757036492989,0.00231006524855203,0.00259046728000576,0.00287813562010182,0.00430097589690722,0.00409477435607668,,,,0.00328302856613369,,,,,
1988-12,0.0027820383552007,0.00260775325530195,,0.00488486848282997,0.00239462220817645,0.00273508235479225,0.00315710815345844,0.00458082723306291,0.00426340302144807,,,,0.00351792979185837,,,,,
1989-01,0.00303019636053257,0.00286290992099731,,0.0050949907603564,0.00254983635324045,0.00293276718179397,0.00351174267360675,0.00498364724700629,0.00443611543352376,,,,0.00371208836446427,,,,,
1989-02,0.00332083877097997,0.0031445669668415,,0.00546643272191919,0.00281065017162535,0.00319795009989443,0.0038542911433485,0.00545331928022312,0.00472042003825073,,,,0.00407823141085477,,,,,
1989-03,0.00388555927507882,0.00372337581632184,,0.00660732890750769,0.0032930881672907,0.00380228190324533,0.00443458712519715,0.0060625510033101,0.00513424926259149,,,,0.00459761009950621,,,,,
1989-04,0.00518217718427265,0.00493471832968263,,0.0108157392194624,0.00471009292446702,0.00592457446292738,0.00557150367508436,0.00776532561100898,0.00611485128639057,,,,0.00563456470454717,,,,,
1989-05,0.00924856358437387,0.00881492426459019,,0.01948172419569,0.00803850968447748,0.0125919596138922,0.00915890833548278,0.0147330627147006,0.0116016368155557,,,,0.00956893488890286,,,,,
1989-06,0.0198356121153985,0.020212115309564,,0.0384933171701891,0.0147580888126189,0.025377792844677,0.0174390132027706,0.0334047864142926,0.01716115104518,0.0123418014233422,0.00905952067920966,,0.0212278213745187,,,,,
1989-07,0.058839217380773,0.0584152323239191,,0.108160643246378,0.0464227348797203,0.073572084127584,0.0505855922288408,0.116536062009179,0.0436270344643788,0.0397337902243655,0.021411704619865,,0.0603231053279135,,,,,
1989-08,0.0811165323294357,0.0728353546796615,,0.153230921596817,0.0677976973757938,0.104937803500427,0.0798051890990404,0.146057166110988,0.0736727121302632,0.0635597873561995,0.0428379210202287,,0.109092241432708,,,,,
1989-09,0.0887052940042026,0.0796410243058228,,0.170408355995546,0.0724342285121321,0.111322593256406,0.0893084595307792,0.148923541194996,0.0736727121302632,0.0732827868739008,0.050524725649209,,0.126099777641073,,,,,
1989-10,0.0936686020530344,0.0832484105512564,,0.188398615008523,0.0743848342790574,0.116559256162792,0.0949084452549235,0.153555808071829,0.0736727121302632,0.0813108234879726,0.054988263545763,,0.131823749080608,,,,,
1989-11,0.0997748597815808,0.0886636094286113,,0.201042829452858,0.0825926535565849,0.126717297286892,0.101059903747196,0.15635820156914,0.0736727121302632,0.0891587848527615,0.0599943358930698,,0.135958057585554,,,,,
1989-12,0.139757588099102,0.127229483673255,,0.270050774184659,0.106182889190672,0.18343012955116,0.158080730174598,0.220659696199219,0.0990455286039091,0.127927813445544,0.0709211561213958,,0.166328281384193,,,,,
1990-01,0.250452474415795,0.235026516544439,,0.422036693404999,0.160449727653153,0.338629798752497,0.314334992303776,0.391548116107156,0.116397966364561,0.230236526460733,0.103003798105538,,0.323226249028798,,,,,
1990-02,0.404657057144867,0.370983598891249,,0.638346056677701,0.312455335028004,0.572793442706191,0.477365883603131,0.652477822973212,0.213516964476933,0.336250282970169,0.23216300159233,,0.527341539278081,,,,,
1990-03,0.79120839698008,0.712059422253652,,1.33259819266132,0.579618657023884,1.12468238784499,0.892902502598074,1.23131283965864,1.19611583184486,0.625275627426757,0.530458587978815,,1.11918626317893,,,,,
1990-04,0.881189444430465,0.724783952771426,,1.52060476362218,0.785244581362183,1.16576666171691,1.08704751682908,1.438721949253,1.4568669517065,0.74874251586802,0.673321573829179,,1.32371438252196,,,,,
1990-05,1.0010966907268,0.827796575631464,,1.65768582977221,0.964364405517671,1.2861769560214,1.23570759606801,1.62215715831214,1.48569659239546,0.872629572424672,0.811316519078144,,1.44036094771529,,,,,
1990-06,1.14022797910221,0.959034688520753,,1.86020838538459,1.13743351353388,1.45773006544132,1.4171717214881,1.72197483171749,1.76716133087532,1.03313736511388,0.949221535795494,,1.55216363734125,,,,,
1990-07,1.26366214206293,1.06693993826336,,2.03256807765057,1.22484672310444,1.5903912207889,1.62100275849726,1.8539624469139,1.8804030664346,1.20519271975081,1.10901860995096,,1.65105144225344,,,,,
1990-08,1.4574789068402,1.25339419561257,,2.2541159232404,1.44294132728543,1.8608639101097,1.89334201358113,2.09016327052172,1.99819469315474,1.37345595551174,1.25280470433097,,1.83038693541017,,,,,
1990-09,1.68597318210401,1.43049240489637,,2.64830498156973,1.66993579659061,2.15140454952859,2.24336833135383,2.48709223807006,2.54164025180998,1.58479994638282,1.42186753276615,,2.09386719312263,,,,,
1990-10,1.8156314608644,1.51557252215762,,2.87869977851093,1.79225991925604,2.32662734694786,2.4910520158618,2.57324344455703,3.52862505029694,1.70435360557146,1.57626631827604,,2.37492886594683,,,,,
1990-11,1.92784863774095,1.58625886157879,,3.01637692773418,1.92000106047854,2.44313582803505,2.69483852739402,2.62947686110466,3.59438669040877,1.84549411985014,1.74981034704925,,2.71958238143555,,,,,
1990-12,2.01800008463331,1.66241106383002,,3.05433153745707,2.0036907661376,2.59622558349481,2.87914102004093,2.66766747020386,3.84157011680873,1.94070699001015,1.84031981838271,,2.89743478384305,,,,,
1991-01,2.17335919918453,1.76179341428238,,3.16926494960129,2.27462636972339,2.83701257730797,3.12593089682686,2.94328734937546,3.81418878982263,2.20741636444704,1.89521276564946,,3.05864435190918,,,,,
1991-02,2.75995768382825,2.19696985946863,,4.1178028885937,2.98636043830846,3.79969862411793,3.90480681926861,4.01959839710293,4.20095686516969,2.81723522126022,2.14449212538395,,3.70004249266921,,,,,
1991-03,3.06472026419825,2.3662090993407,,4.74856850485033,3.24524423405143,4.24886104438368,4.35951088420716,4.18580976302334,5.27585157275274,2.93118805750177,3.29059249244472,,4.2087040113721,,,,,
1991-04,3.23360353583657,2.50301194328096,,5.03252038011108,3.41322306042172,4.36201869160723,4.56059783256417,4.19766555103822,5.51491897708197,3.11868963291181,3.66926914725114,,4.65866229533795,,,,,
1991-05,3.32428985964445,2.61161811063907,,5.14759406543242,3.56148358271488,4.43994873711377,4.6897349083891,4.262031027255,5.40292060517326,3.17533174876309,3.65278615395341,,4.76910729126824,,,,,
1991-06,3.42813209835527,2.76637202802207,,5.19777679454682,3.60153408992817,4.53110426327334,4.80767794949599,4.30718923114545,5.40292060517326,3.26750734001238,3.65563814632745,,4.89780468771209,,,,,
1991-07,3.51695561044389,2.86741605255759,,5.1813628845853,3.68082622828061,4.60995816566523,4.87489822692328,4.32797684866318,5.40292060517326,3.5500201962742,3.66919418728731,,4.97900324057295,,,,,
1991-08,3.56270713030065,2.92758400427922,,5.13551011569517,3.72643079503874,4.70558352881428,4.99101407438439,4.34552699789405,5.40292060517326,3.5398444159708,3.69999336242816,,5.02175193353359,,,,,
1991-09,3.62564054245909,3.01900104557608,,5.15902535524835,3.76663059893788,4.75109089103515,5.11890113867186,4.35451641082493,5.40292060517326,3.52405661331429,3.72277182143863,,5.17045907321002,,,,,
1991-10,3.67461572434132,3.07538515180615,,5.21976266682169,3.78516901353498,4.83255456561792,5.22884938303259,4.36111931057201,5.40292060517326,3.55291524272856,3.73852746883728,,5.22890270049993,,,,,
1991-11,3.68890722408029,3.07001823117247,,5.24622461721367,3.84078537148065,4.87419111570146,5.30373298976669,4.37580948287755,5.40292060517326,3.55981071701076,3.7338202173583,,5.26387914588959,,,,,
1991-12,3.7128563379728,3.06811428741217,,5.24320971802489,3.91667822484387,4.87605859111679,5.36986156846337,4.38007705471022,5.42705005799634,3.70917719500597,3.74191120845478,,5.29375929739406,,,,,
1992-01,3.82582542835944,3.21614106013459,,5.2176049926042,4.06158402832268,4.94151039315698,5.49141941866013,4.37207935637314,6.09912226946952,3.97170247135641,3.74581732532027,,5.36923317321566,,,,,
1992-02,3.90823556050907,3.31945798110664,,5.18140964231101,4.27419810714739,4.98836401741668,5.60803494091788,4.36855397094616,6.09912226946952,4.07890430565333,3.78684853552465,,5.43420958893154,,,,,
1992-03,3.99029287961634,3.40193046291184,,5.31401650065297,4.33834777342885,5.15428525574014,5.72070088846294,4.45785946965727,6.1905436561282,3.91718824264759,4.08577715880572,,5.54112658622135,,,,,
1992-04,4.04163797767811,3.44118277407295,,5.43771211577071,4.42673809638372,5.22579523695507,5.75899444771271,4.57120285049029,6.86306675771642,3.89773711428423,4.1454897974972,,5.57959774724544,,,,,
1992-05,4.06884058327022,3.42474542376553,,5.47951157431367,4.52119276158585,5.28494924987966,5.88775223243788,4.59679548516892,6.86306675771642,3.96118846899142,4.19975964006456,,5.61856815336017,,,,,
1992-06,4.10074393406221,3.45060540006489,,5.4938486619584,4.58169914307059,5.35662226466259,5.97303995894748,4.63311783193658,6.86306675771642,3.95026792818815,4.23448601456073,,5.6415973309009,,,,,
1992-07,4.17163775477687,3.50716889681924,,5.47441498221167,4.71967602050942,5.45425714004758,6.05248660252083,4.66499345842883,6.86306675771642,4.13865537661382,4.31875975390264,,5.68677435198238,,,,,
1992-08,4.23407229135064,3.59022763425534,,5.41132614668301,4.83844933319102,5.53357297088216,6.17659559763638,4.67805849843227,6.86306675771642,4.0204994032956,4.57593333482854,,5.73794763943243,,,,,
1992-09,4.27784168079161,3.63110833053636,,5.42789201925307,4.9318923462233,5.57593576140499,6.25495548975434,4.68265877451576,6.86306675771642,4.01900428259286,4.74470569340386,,5.75389951856835,,,,,
1992-10,4.33199488265987,3.68279869294552,,5.45961421378702,4.98790534312542,5.64719995716513,6.37374781310634,4.7702495667034,6.95448814437509,4.04988888455488,4.79167982324106,,5.78195576134171,,,,,
1992-11,4.35196327796954,3.65406661887079,,5.47499458318657,5.07697752855602,5.67915330139138,6.47891863870188,4.83921531900366,6.95448814437509,4.10358331674354,4.88311458162812,,5.80477725292474,,,,,
1992-12,4.36430967723303,3.63980507219035,,5.47099582351939,5.10338075886565,5.71583091378142,6.57242378934229,4.84240160202115,6.95448814437509,4.15104415954538,4.92563210736542,,5.82428508842621,,,,,
1993-01,4.40063707728206,3.67387910017631,,5.41230513656499,5.22843678805143,5.7471988192862,6.68614680469146,4.84269591731995,6.95448814437509,4.19878386755694,4.92734681653816,,5.86820268055905,,,,,
1993-02,4.43278112268604,3.72975647440995,,5.33744991418616,5.23476295657612,5.79052375488082,6.75811976450787,4.84762249949559,6.95448814437509,4.20502081676558,4.96432198994938,,5.88342632752277,,,,,
1993-03,4.46610909757034,3.74764651808669,,5.37757388755798,5.29192019001838,5.81564574558709,6.80916080289293,4.87449476590816,6.95448814437509,4.18521690711281,5.1922646987278,,5.9067457328762,,,,,
1993-04,4.51279459481034,3.7987487754781,,5.42346464710025,5.35495570192775,5.87034597785844,6.8976741528422,4.89127713609868,7.13140102951283,4.22303730121867,5.21680705938728,,5.93918867584592,,,,,
1993-05,4.57085445538082,3.8799877162555,,5.42591260886484,5.52337239096627,5.89561371069369,6.97563166657607,4.90904482272432,7.13140102951283,4.23562095381486,5.24429511237559,,5.95782715922957,,,,,
1993-06,4.60373292793419,3.92591816332572,,5.4225781985504,5.53961787586562,5.94447561208655,7.05278937081697,4.91676100207993,7.13140102951283,4.26965258886653,5.25747049726909,,5.94198444835347,,,,,
1993-07,4.61854284683744,3.87327536668971,,5.38427388000399,5.59115308634635,5.95387350919983,7.13642635649676,4.91408657175601,7.13140102951283,4.58824545153978,5.29740893175068,,5.93966528849244,,,,,
1993-08,4.61928344564354,3.87942365326678,,5.29832441308204,5.5519749620064,5.97058939033152,7.22756670958478,5.00368638576592,7.17996052856901,4.47747436654653,5.30784125046758,,5.9497234129184,,,,,
1993-09,4.65735022427748,3.9304380647829,,5.28804842873877,5.59045785401817,5.97956858759969,7.29961058034592,5.10516118226672,7.22908022443479,4.46487503478192,5.34214948891548,,5.96421483374919,,,,,
1993-10,4.68367748322515,3.96367524522001,,5.29519554193685,5.65624644138096,5.97766405910072,7.3623519246126,5.11467524420851,7.30791767788279,4.47404622836595,5.35418290560993,,5.98267758286094,,,,,
1993-11,4.68635495363112,3.94708716988445,,5.29097955366899,5.72334750259407,6.01615109707506,7.38285673128379,5.11513591163272,7.30791767788279,4.47359265242243,5.36028160141759,,5.99615720030804,,,,,
1993-12,4.68573984517827,3.93059618735842,,5.29095714892542,5.74912792060971,6.02595904831393,7.41696984297755,5.09153950245902,7.30791767788279,4.50725806689747,5.36051936505288,,6.00276986794851,,,,,
1994-01,4.69045807673885,3.89189776755836,,5.24179140034513,5.77364043094992,6.02099517020928,7.53772293640612,5.08659372580737,7.30791767788279,4.66918579867685,5.36369579352041,,6.01710419299078,,,,,
1994-02,4.69029247061693,3.87608458531223,,5.17769240311735,5.81331435398544,6.01460845369295,7.57364180355306,5.08811648757075,7.30791767788279,4.71041305209186,5.38306357417637,,6.02939760410254,,,,,
1994-03,4.69683031229973,3.83890266272775,,5.2062662441204,5.84457752566611,6.0238247906964,7.63618525681117,5.10308817885775,7.30791767788279,4.66009860063791,5.67071775039683,,6.04373858574601,,,,,
1994-04,4.70826330636902,3.85251507462445,,5.23696561340451,5.84260547242752,6.01901406533746,7.69945925770925,5.11127782195492,7.35522014995159,4.63967984359503,5.69365784182932,,6.04480231061912,,,,,
1994-05,4.72458219533971,3.85426921805003,,5.26502999002122,5.93559502463036,6.05594363869623,7.7576639506045,5.11541743061419,7.38674146799397,4.62569066554421,5.71351637599852,,6.05794377272483,,,,,
1994-06,4.74286572836549,3.86521666349837,,5.26563686633611,5.97286794499404,6.0937945987348,7.82851387894728,5.128552850363,7.38674146799397,4.64410360897016,5.72466198562129,,6.06264865845896,,,,,
1994-07,4.7866536327766,3.90213042498985,,5.23019061377351,6.01867417369351,6.11772471525073,7.89187033443226,5.13374815520276,7.38674146799397,4.87551357559472,5.73193778711106,,6.06435674232905,,,,,
1994-08,4.79652931213416,3.92547985864268,,5.17893927580286,6.04535371428742,6.12101379397496,7.95622284132704,5.23248453979295,7.38674146799397,4.74791426312635,5.73342527389342,,6.07084293454656,,,,,
1994-09,4.82935738282433,3.95439502201539,,5.21052801599468,6.06055635069451,6.12658410754847,7.9992591884155,5.47047044966961,7.38674146799397,4.71747315764245,5.73662864109794,,6.07777645036528,,,,,
1994-10,4.84483281204362,3.97427500594087,,5.21298961542927,6.07294017654021,6.13271021737655,8.01509046910099,5.47748922973022,7.49298757510171,4.7570104206901,5.73844876271982,,6.08071866809941,,,,,
1994-11,4.85578647410784,3.99471073061426,,5.211146581741,6.10629573013165,6.12948165868893,8.01684840089378,5.47790511004375,7.49298757510171,4.75613462713988,5.74358937648972,,6.08095431178219,,,,,
1994-12,4.86634617875159,3.99534507030322,,5.19673838338843,6.11851800359341,6.14060005398577,8.03172320837118,5.48635707764637,7.49298757510171,4.84206766947753,5.74594358785392,,6.08517859090907,,,,,
1995-01,4.9269796201733,4.07390055076378,,5.14362842582095,6.16177170462644,6.14665205764658,8.04982034110478,5.50640250875842,7.49298757510171,5.1133296024587,5.75004178962673,,6.09463096462506,,,,,
1995-02,4.92684487233496,4.06014481138634,,5.10381617062051,6.17889402901662,6.16485253232935,8.06144313967472,5.51424665128742,7.49298757510171,5.1434201665344,5.76062637077017,,6.10871899542262,,,,,
1995-03,4.90470919690797,3.98920788004723,,5.16116744355728,6.1927396253985,6.18326667979443,8.11035355153419,5.53117617912734,7.49298757510171,5.01262118376812,5.90997472871665,,6.12593962274887,,,,,
1995-04,4.92714008324795,4.00843040694816,,5.1946235704195,6.22928054633972,6.22090396705069,8.19226558725595,5.59844641938014,7.5805422374405,4.96073209582874,5.91755974005724,,6.13871364046787,,,,,
1995-05,4.92817589296705,4.00377734963791,,5.2015135161262,6.27294871279917,6.23576101848656,8.19861788863101,5.61044936504442,7.5805422374405,4.91155662396632,5.93086981863576,,6.15309056775787,,,,,
1995-06,4.91802660349502,3.97709901965818,,5.17559609841485,6.29919039072485,6.2423515269629,8.19953973091259,5.62284259838755,7.5805422374405,4.89478663340247,5.9373163755256,,6.16123558499653,,,,,
1995-07,4.9379795696629,3.98602785936163,,5.11954137824715,6.30751089557557,6.23516693404558,8.20185175752937,5.62817866271805,7.5805422374405,5.10319190013575,5.93915875088674,,6.1723095067669,,,,,
1995-08,4.92601272728754,3.99800633797788,,5.05405913163389,6.27977847910004,6.23466918762204,8.21390991631815,5.62821705167006,7.75104701760992,4.95012065863144,5.93937660328164,,6.17513456831976,,,,,
1995-09,4.93411302672935,4.02656919315599,,5.05678082091771,6.30854928745035,6.22820960004123,8.21648744670476,5.61215767340922,7.75104701760992,4.89647998359163,5.9354318351848,,6.17855073605994,,,,,
1995-10,4.95088758968769,4.05798750162784,,5.07093964473319,6.31784690568539,6.22301228750966,8.21479382948976,5.60153033185891,7.86676181713351,4.9337068091788,5.93524443527521,,6.17304705818079,,,,,
1995-11,4.9395790573622,4.03834238983208,,5.061892024809,6.32190688421726,6.21525213669317,8.22856209641092,5.6046974204004,7.86676181713351,4.90201584998385,5.93345242363977,,6.16416715216873,,,,,
1995-12,4.9445852995696,4.03596130426493,,5.03425820891651,6.30801337919738,6.20738453193413,8.23315811508492,5.60825479662073,7.86676181713351,5.00287098089321,5.93361991230897,,6.16010928807206,,,,,
1996-01,4.95940859039573,4.03570793826672,,4.98921882962981,6.28991951219475,6.2019994837788,8.23409644828389,5.61670036606468,7.86676181713351,5.2127500894578,5.93586051247799,,6.16258820636208,,,,,
1996-02,4.94329233748727,4.00669568208448,,4.92808018091082,6.29866339570686,6.19532992872404,8.24110838635417,5.62300895051296,7.86676181713351,5.19366854149287,5.93480873048542,,6.16648498070951,,,,,
1996-03,4.91662358020123,3.97295546842463,,4.95109374903194,6.28978469951572,6.18817003786247,8.24343690388833,5.6210191231667,7.86676181713351,5.01465947566248,5.98892748187568,,6.1651083955796,,,,,
1996-04,4.91669866869129,3.97466430187243,,4.96932439146102,6.26630166781532,6.18689664688813,8.24689010198785,5.64515297766865,7.9635392318254,4.97648630026721,5.97719624753545,,6.20050553816563,,,,,
1996-05,4.91231370659346,3.9626673293877,,4.97985462093781,6.28213045897951,6.1852428442551,8.23297176771852,5.67608167667779,7.9635392318254,4.91133487572726,6.00013985271624,,6.24519662735889,,,,,
1996-06,4.91244125416562,3.96504749026143,,4.97180255092345,6.28181738160095,6.17977504421299,8.23173000163976,5.66785364462861,7.95848379720222,4.92402044291817,5.99947926803495,,6.23837627376072,,,,,
1996-07,4.93907606733972,4.0113015800301,,4.93442461981761,6.27680034446346,6.17925136063091,8.22753965953332,5.65962561257942,7.95848379720222,5.04195690787854,6.0015769757729,,6.23683993020181,,,,,
1996-08,4.93525066878428,4.02676615285533,,4.86831309214588,6.28268865031992,6.17304373401883,8.2169788760427,5.6541679832342,7.95848379720222,4.98429788596127,6.00089882235008,,6.22304345853719,,,,,
1996-09,4.94421191433819,4.05630640898276,,4.86594111168557,6.29575545279572,6.17162707112109,8.22866269100694,5.65667606143271,7.95848379720222,4.93100215262667,5.9967748530897,,6.21579441982119,,,,,
1996-10,4.96913512138261,4.03167350085722,,4.8697616075235,6.30201142959497,6.16342969391767,8.23198396176742,6.13329409521166,8.08776629018748,4.95176249155294,5.99627004458324,,6.20883028363691,,,,,
1996-11,4.9614174646573,4.01369376191833,,4.86531767534282,6.27466116806906,6.16057537137479,8.22624017524372,6.14778592459844,8.08776629018748,4.97439201134278,5.99493482022743,,6.20314421488466,,,,,
1996-12,4.94727099885119,3.98077097724542,,4.85149005208443,6.25156474793577,6.1565353501555,8.22919040036313,6.14668544130726,8.08776629018748,5.00585338271447,5.99487625775568,,6.19585390524117,,,,,
1997-01,4.97037768160175,3.98051946063406,,4.80987762444429,6.24205432621567,6.14752527531764,8.23827524674816,6.1613116320261,8.08776629018748,5.30373854366971,5.99447920419724,,6.18645611565509,,,,,
1997-02,4.98948924523714,3.98729376465927,,4.77507039413301,6.28504954343437,6.1424786453262,8.24036794416378,6.16511853643455,12.8088727247353,5.28978296383693,5.99359022587613,,6.18836389756143,,,,,
1997-03,4.96489313599874,3.95660781337935,,4.8079556870939,6.27978850648939,6.13436896042072,8.24549167219397,6.16536806462266,12.8088727247353,5.13905127824873,6.00151958455059,,6.18564933558862,,,,,
1997-04,4.94848372939619,3.93740008157321,,4.83103062473002,6.2756416239165,6.1313355479736,8.25167411712,6.15489427888043,12.9909913412013,5.0205425236411,6.01365489994587,,6.19066708157955,,,,,
1997-05,4.94437752046011,3.93672598006701,,4.82935806191673,6.25980391951733,6.12792419407336,8.24940331779667,6.14662145972056,12.9909913412013,5.00504702548153,6.01099499247915,,6.18716704066415,,,,,
1997-06,4.9556356509224,3.96171581985427,,4.81997437083902,6.25563586801136,6.12198581986905,8.28586638521718,6.15396014771466,12.9909913412013,4.99677738408154,6.01109923367886,,6.18069682428954,,,,,
1997-07,4.96664794372544,3.96519266712902,,4.77833466785889,6.25955323478361,6.12015292733178,8.29135291342975,6.14719729400083,12.9909913412013,5.12951722390988,6.01688052088966,,6.18009107357957,,,,,
1997-08,4.9748212744384,4.00433216569239,,4.71619072803721,6.25402925740682,6.12440662133337,8.30708030133574,6.13766403758304,12.9909913412013,5.07321333012018,6.01535438287595,,6.16923415700859,,,,,
1997-09,4.97243901494542,4.01639016794311,,4.74204190563715,6.23706848540059,6.11713804142647,8.30093578551968,6.13415784663206,12.9909913412013,4.99812803244671,6.01705503705547,,6.16670731118987,,,,,
1997-10,4.9646493555584,4.00357299239117,,4.74439830018889,6.21757524050662,6.10558983035942,8.29462306234634,6.13487444040307,13.0785596668769,5.0036347803833,6.01624218994763,,6.15463623055847,,,,,
1997-11,4.95505448658149,3.9842681677755,,4.7411554570873,6.19442311265472,6.11346608083798,8.29520519172988,6.14456125262893,12.8211150745255,5.00867787291094,6.02096232517039,,6.13848598470654,,,,,
1997-12,4.96349731297112,3.98775241259764,,4.72601861750913,6.19217140666874,6.11337838854004,8.30303507930225,6.13371637368386,12.8211150745255,5.10768734170936,6.01759966804271,,6.13500591359477,,,,,
1998-01,4.99469709489731,3.98402774748523,,4.6807785696496,6.1754423787719,6.11386872434684,8.28816192091658,6.34042808398322,12.8211150745255,5.36033586189695,6.01983909696229,,6.15255670834095,,,,,
1998-02,5.01211248154482,4.01336642044619,,4.64981034344268,6.18558675432973,6.10647045864721,8.28904253590471,6.44419342128776,12.8211150745255,5.35645862753525,6.01615668873888,,6.14723675265517,,,,,
1998-03,5.00581636308345,4.02042368065919,,4.71021742857822,6.27231364480708,6.10416452174217,8.29865014437071,6.43337413497736,12.8211150745255,5.15579998994115,6.01138736103985,,6.13650764282739,,,,,
1998-04,5.00638106967311,4.0284084083766,,4.72178119861699,6.26728880858899,6.10187587627615,8.30275308461504,6.41231139663684,12.8944598665721,5.12240672103223,6.01839143266072,,6.14608382932586,,,,,
1998-05,5.00276550744607,4.04613478131727,,4.71973944459447,6.18414281026351,6.09823355815458,8.29455874776855,6.3914853901671,12.8944598665721,5.08300161097553,6.02864689271295,,6.14022069498146,,,,,
1998-06,5.0123161462165,4.06632268815299,,4.7094235213605,6.20549669295886,6.09305600726762,8.3028470828441,6.38371802554213,12.8944598665721,5.08884770091431,6.03309764056567,,6.13476494463102,,,,,
1998-07,5.02798186818458,4.08127313143441,,4.66456532826091,6.18339521267984,6.09122558493593,8.29868477529721,6.38091563204482,12.8944598665721,5.24032862676478,6.05077647953647,,6.12967796998753,,,,,
1998-08,5.02899710571462,4.0970576481844,,4.602962998762,6.1797608411181,6.08814029817171,8.29782889668515,6.37970638005626,12.8944598665721,5.22403909071889,6.05153662041973,,6.12080605189691,,,,,
1998-09,5.0274418482218,4.09620970431446,,4.61893758092573,6.17055012692409,6.08127559687645,8.28959003436174,6.37884902679452,12.8944598665721,5.21505604715587,6.05465917141325,,6.12711784116276,,,,,
1998-10,5.009049282594,4.05478806238033,,4.60913404443596,6.16377161172433,6.07863741732146,8.29679326707364,6.37766536744063,13.0011022104476,5.21434824469585,6.05368469188339,,6.1220415170812,,,,,
1998-11,4.99715547148981,4.03107245013153,,4.60505638110664,6.17325417958513,6.07722322462929,8.29446639863122,6.36800414784945,13.0011022104476,5.19703956270278,6.05505622497169,,6.12405846724736,,,,,
1998-12,4.99647864646978,4.00106614851834,,4.59191746018314,6.1759615747093,6.06910612910709,8.29041128204731,6.35181680641521,13.0011022104476,5.36533863656295,6.05809444600589,,6.12293616428361,,,,,
1999-01,5.02003277433236,3.96653809606113,,4.54224419545508,6.23671864092776,6.04782901337961,8.52528482193392,6.34969901589555,13.0011022104476,5.63083847515044,6.0598419501628,,6.12371232398452,,,,,
1999-02,5.01196847622141,3.93528068424509,,4.49253099183631,6.31215246268968,6.02184615603016,8.57683048239084,6.33610292872253,13.0011022104476,5.65676957983291,6.05821625594712,,6.12766235114161,,,,,
1999-03,4.97433782799552,3.9315532450524,,4.52986995817073,6.30416508999621,6.03336472463029,8.31761469935854,6.34624401021394,13.0011022104476,5.39561063101605,6.07072871366046,,6.12408908761292,,,,,
1999-04,4.96946633362646,3.94784541849224,,4.56766773468865,6.28738481099826,6.02568732570058,8.31641910784844,6.34367195042873,13.0892034062592,5.248971208385,6.07766719531297,,6.12658131910536,,,,,
1999-05,4.94499880056968,3.91150496692373,,4.55927667116292,6.25481139377602,6.02175352332106,8.32862238671017,6.34763241064525,13.0892034062592,5.16657493846625,6.07587401242809,,6.12698470913859,,,,,
1999-06,4.94469844660942,3.9115040422303,,4.5483772504769,6.25964793790524,6.0202775754895,8.32788194451977,6.33388276766415,13.0892034062592,5.18175797319806,6.07434436066608,,6.1239386484256,,,,,
1999-07,4.95388907207133,3.90050111517652,,4.49004991001601,6.28149539098742,6.01446271156398,8.33457890606809,6.32290352738702,13.0892034062592,5.36924274949907,6.07714364681555,,6.12298941709328,,,,,
1999-08,4.93524141129921,3.88102429758396,,4.42629477689603,6.29705567094794,6.0042780539748,8.3566833317252,6.32028028233246,13.0892034062592,5.26982114255938,6.07629800472353,,6.12464158551322,,,,,
1999-09,4.92540893353868,3.87003154215784,,4.4234454779858,6.29490089639233,5.99455408972551,8.36770091362726,6.32445188178508,13.0892034062592,5.21394730596058,6.07699372688788,,6.11718352951927,,,,,
1999-10,4.92463850505844,3.86469421171373,,4.4302808730125,6.26885976625362,5.9809679590584,8.36905151976074,6.36559844018966,13.0892034062592,5.23339507450214,6.07729005299492,,6.10352152119906,,,,,
1999-11,4.90907255820729,3.82409462223365,,4.42615352959963,6.25568266249499,5.97155894602004,8.36436150285766,6.41032796744925,13.2848623895131,5.23507946516649,6.07761448908839,,6.10098003085768,,,,,
1999-12,4.906019645351,3.79680784398084,,4.41191677624131,6.23904833771978,5.97088581500062,8.36068073009829,6.46081583751153,13.2848623895131,5.31800658693026,6.08133203479486,,6.0970752685888,,,,,
2000-01,4.94748700683631,3.80055007826832,,4.35143468392078,6.24537896286196,5.96391242466003,8.48796422680962,6.53546955286912,13.2848623895131,5.65960078967299,6.07998861169299,,6.10079897130481,,,,,
2000-02,4.94768964289854,3.7941780158826,,4.30868838143227,6.2446469634395,5.96061840552465,8.51473393299374,6.55948184235635,13.2848623895131,5.68782217288512,6.08041846023561,,6.09257008089093,,,,,
2000-03,4.92154856226184,3.81870088549067,,4.34949034182682,6.24333671789793,5.95388833043328,8.51124115669251,6.55884842464805,13.2848623895131,5.28367592773805,6.02325797406284,,6.09743073109333,,,,,
2000-04,4.91601464340509,3.80458451567782,,4.36504994917492,6.25726921832084,5.9482019171977,8.51478175665415,6.53355650342689,13.2848623895131,5.29037317253381,6.02118134881472,,6.10165101625949,,,,,
2000-05,4.89690616559806,3.79160089530954,,4.36145252665338,6.29810520436645,5.9403306071303,8.52589993315223,6.51782982941687,13.2848623895131,5.11661102842051,6.01942564591176,,6.09921603153744,,,,,
2000-06,4.8878523451934,3.78184907845861,,4.34251954421943,6.29672476709943,5.92887132346398,8.5146366365812,6.51874476610663,13.2848623895131,5.09083895530342,6.01710188703286,,6.10128490319302,,,,,
2000-07,4.90908078708291,3.78402395739217,,4.27312231219754,6.30263981266082,5.91327444545814,8.51150666046234,6.52481661868414,13.2848623895131,5.28470963291304,6.01841134390111,,6.25729566571536,,,,,
2000-08,4.89851902522025,3.79545686688818,,4.22216418413184,6.30006500190694,5.9058156597219,8.50424076226439,6.51111176281372,13.2848623895131,5.15924268734955,6.01712296952269,,6.26478301075462,,,,,
2000-09,4.890996804291,3.7966950313831,,4.24335030447327,6.29735983509152,5.88617382008563,8.48873929992652,6.50408658459444,13.2848623895131,5.09124549374169,6.01670717597329,,6.26411468799329,,,,,
2000-10,4.89976158543939,3.82717477602944,,4.24644605556275,6.24914591879398,5.87249876201779,8.48672740800607,6.50052920837411,13.2848623895131,5.11353679146994,6.01722603947297,,6.23865851365195,,,,,
2000-11,4.87567566648965,3.77793392650082,,4.21994026980293,6.24087109427251,5.85243451722804,8.49314567305064,6.5344394493233,13.287595056877,5.07143262456412,6.01871352625532,,6.20283667990882,,,,,
2000-12,4.87022506499858,3.74069374823062,,4.20754752425216,6.23466748272875,5.84203248154819,8.49310444575719,6.59010342974934,13.2520703811466,5.15088905040446,6.02291596922784,,6.19613747645264,,,,,
2001-01,4.87414200979533,3.73735468027607,,4.03987042339182,6.23209155782049,5.8486872153695,8.5531049995552,6.54979503013049,13.2616347169201,5.34547537005831,6.01312900894959,,6.18476533894814,,,,,
2001-02,4.86303919936044,3.73525747559013,,3.87923912732387,6.23050945861213,5.85744532923863,8.57902872167769,6.540197792126,13.2247437075077,5.31807938306934,6.03521408829458,,6.18771021932275,,,,,
2001-03,4.8723049133124,3.75805949073588,,4.03830014310351,6.23766455798965,5.86230545870909,8.59593191199293,6.62017477549674,13.1851200307314,5.12290957436221,5.95039688921487,,6.20051885136804,,,,,
2001-04,4.90487377442044,3.78116757940502,,4.25821633889005,6.24769640395589,5.85524561117335,8.60813848903813,6.71742678727557,13.1823873633676,5.11606449740707,5.95969778097763,,6.19797602970642,,,,,
2001-05,4.90804806319217,3.76998896060065,,4.28941056077123,6.31623918092648,5.86431250073946,8.60839409825753,6.73406199981668,13.171456693912,5.08609824673812,5.94118149866086,,6.20254778341638,,,,,
2001-06,4.87264744026023,3.72467158527063,,4.25135172028478,6.31490219567998,5.85506034575516,8.61670552061742,6.62977201350123,13.1823873633676,5.03245533181712,5.93810228389644,,6.19803460779705,,,,,
2001-07,4.85671016539657,3.72212960304768,,4.11933615234915,6.31813992828525,5.83824812660601,8.60942313150209,6.49541068143838,13.1741893612759,5.12487283023629,5.94164999843483,,6.18409302222608,,,,,
2001-08,4.83934003756499,3.71052747465506,,3.98477228836253,6.23068995162041,5.84443722667627,8.60647785365789,6.59202287735024,13.1359320181816,5.05646909819016,5.93830842379698,,6.1884238069723,,,,,
2001-09,4.83567613069367,3.70500705491297,,4.04127023280516,6.22143021463403,5.81727855147272,8.61581006380364,6.5664302426716,13.4146640892975,5.0099355662062,5.91317106842457,,6.19728773714146,,,,,
2001-10,4.81434277063995,3.66519437953683,,4.07390809946752,6.20565267457095,5.80516342822602,8.61782195572409,6.51780423678219,13.4187630903434,5.00255291776244,5.90992553624038,,6.20636734118978,,,,,
2001-11,4.79855361553752,3.67426007386705,,4.08233715364539,6.14077546548452,5.7918749573308,8.59620731031318,6.47173749436064,13.3887037493407,4.92886530595939,5.9055802008368,,6.19647296915355,,,,,
2001-12,4.79490513780799,3.66177393856095,,4.07229398381136,6.13668874724772,5.77836787324212,8.59777724564783,6.45830136115435,13.4187630903434,4.97503709712913,5.90676199151665,,6.19905706174267,,,,,
2002-01,4.90483365865177,3.73885175892974,,4.01695329307997,6.16654139949333,5.98755352712359,8.63143685711361,6.7148675238077,13.5485647901278,5.41819871300364,5.91087541953211,,6.26468449305673,,,,,
2002-02,5.05886895283708,3.88782079425135,,4.0222632173055,6.22636480434798,6.43179406277948,8.8920857008663,6.81851769425619,13.7999701876049,5.63480082499783,5.98259102243273,,6.67614898355439,,,,,
2002-03,5.25897154998119,4.09107488173024,,4.36419077596506,6.27734628010578,6.87770692761022,9.09982013801947,7.02389858755226,14.052741918764,5.88715816062908,6.01276123662702,,7.00948095170778,,,,,
2002-04,5.80530717480898,4.6319003247042,,5.30927156561305,6.40215385286658,7.80022990196263,10.4175104004084,7.66179500691732,14.1183259354972,6.38272067729776,6.10233839341028,,7.7807946469328,,,,,
2002-05,6.03814321057359,4.86176986300998,,5.6074884436914,6.49858391377042,8.13043463231275,10.8427451959876,7.95738993745559,14.1770782838207,6.70721226711806,6.16952126099772,,8.11753878886565,,,,,
2002-06,6.25684615245499,5.09290623130682,,5.82671398890448,6.70998356432955,8.38458173298283,10.8918221661126,8.37518969858436,14.2358306321441,6.98994127191593,6.21932278697084,,8.35942636357815,,,,,
2002-07,6.45635524194476,5.3024510081501,,5.96876006312342,6.73212181170285,8.63614746882616,10.9822418661111,8.62791696603591,14.5377903758531,7.48576137492291,6.2588407429053,,8.77019191094892,,,,,
2002-08,6.60756083152506,5.54952909107903,,5.97673810007208,6.95742610882559,8.72671755626426,11.0737829484915,8.81026448812121,14.5377903758531,7.45668771691319,6.27974754531875,,8.84036580088835,,,,,
2002-09,6.69681327375556,5.70934385557232,,6.232512600879,6.95690245627071,8.73520271241726,11.1112832946152,8.92287208070722,14.5200280379879,7.46687917638501,6.2983704113341,,8.71146737508801,,,,,
2002-10,6.71145038627072,5.69146028474954,,6.45741726152684,6.95856254628511,8.77870303260777,11.1163954790032,8.96190084859214,14.4735726928019,7.53608030613926,6.30873596883321,,8.62606318158365,,,,,
2002-11,6.74562079229696,5.74935534003465,,6.49950895585547,6.95196675240238,8.87907983618194,11.063410161459,9.00860740688065,14.4612756896644,7.54331512242365,6.31476790342308,,8.6716608998615,,,,,
2002-12,6.7582521163789,5.78357824366189,,6.46373929569006,6.93861918302482,8.91158774155997,10.9952696908419,8.95806195339034,14.3628996645647,7.66377593349934,6.30563215783065,,8.71142743548076,,,,,
2003-01,6.84741198375864,5.8732272711318,,6.32002747749284,7.029088518038,8.96176996783311,11.154242134392,9.05019543823344,14.4694736917561,8.03206840023644,6.3153652406349,,8.69284220490677,,,,,
2003-02,6.88616998794494,5.94354095910305,,6.27121436009391,7.07432318554459,9.02086963623503,11.234767283962,9.06938991424242,14.726344423961,7.94516100957566,6.28648222956959,,8.78724612324495,,,,,
2003-03,6.92636804536533,6.01473310582722,,6.61599414002157,7.11307347460566,9.02713160736978,11.3016544448582,9.03675930502716,14.7290770913249,7.76217391472945,6.34057052847454,,8.78668696874344,,,,,
2003-04,6.93019447253022,5.99946641739474,,6.90317424659463,7.11454415837681,9.0302070133117,11.2989334434904,9.03100096222446,14.7454730955082,7.71549479046732,6.33512421860213,,8.7208398695895,,,,,
2003-05,6.90361520426659,5.94143265809602,,6.96203053382758,7.11406507199682,9.01470647332332,11.267947009732,8.9964509054083,14.7605027660095,7.71172059064095,6.34536093866339,,8.6985402555412,,,,,
2003-06,6.89770069991225,5.89492982579626,,6.95358491962186,7.25923938667931,8.99238816594562,11.2817828894145,8.99773053714223,14.8096907785594,7.71015267379913,6.35345427225874,,8.65153133780716,,,,,
2003-07,6.92833268942043,5.89689017585542,,6.80586947116102,7.25708906874118,8.97594894783842,11.2959815692793,8.9945314578074,14.8247204490607,8.00068766458805,6.37290872537289,,9.04513616726255,,,,,
2003-08,6.93001960892323,5.92590705550479,,6.6653527642204,7.24959080981706,8.98823822057822,11.2844544180301,8.98237495633505,14.9012351352494,7.85200435035963,6.39768065092161,,9.32900026919551,,,,,
2003-09,6.93276599616254,5.94763735097196,,6.83317403473499,7.24083355645249,8.95087636124367,11.2758461591574,8.95934158512428,14.9162648057508,7.7437620912441,6.40317381077142,,9.2868240439388,,,,,
2003-10,6.97363264972735,6.03545548546209,,6.9409213689097,7.24891117565009,8.94681287307141,11.2758791409922,8.95422305818855,14.8725421279287,7.73966310864335,6.43879150608756,,9.26116950288145,,,,,
2003-11,6.99083099978029,6.07030718061774,,6.94030767375981,7.24886660947521,8.92040637546571,11.3049856101691,8.96318048032607,14.8848391310661,7.75685419687328,6.44933275100191,,9.26424485263975,,,,,
2003-12,7.00567383418603,6.05366269898331,,6.94122334588823,7.2549610338905,8.92676715482349,11.3319152782518,8.97405735006449,14.8383837858801,7.9946959823711,6.44102859250827,,9.24740365158238,,,,,
2004-01,7.03512292282334,6.07690024473183,,6.72224133049653,7.26094404286859,8.95290192981586,11.3830701039668,8.98109532460112,14.8561461237454,8.30586027903594,6.44187189210142,,9.28380194699016,,,,,
2004-02,7.04219975585948,6.09826990976359,,6.58015629150617,7.32049559405646,8.95025880984971,11.4312895463881,9.00604814341279,14.8479481216537,8.26771510215571,6.4179549786402,,9.2732712038784,,,,,
2004-03,7.08398187183738,6.12176636967087,,7.03020914262324,7.34618799387671,9.02049910539866,11.6715457217077,9.03931856849502,14.8301857837885,7.93658226456971,6.54546890462076,,9.4312190373524,,,,,
2004-04,7.14476240441085,6.17885694167698,,7.2059402617365,7.37634815272901,9.08346464552677,11.6734916499587,9.09562236478803,14.8370174521982,8.04051275237023,6.60112667776852,,9.57383006164214,,,,,
2004-05,7.19696433414691,6.23680747856753,,7.29053278049369,7.53665268378439,9.12661913693666,11.7332547345464,9.14040947547564,14.8397501195621,7.96215050849736,6.6587404374726,,9.63722753155138,,,,,
2004-06,7.23769726848283,6.27958379636803,,7.31664891853929,7.55125924760241,9.17592444023038,11.7718269902999,9.16984100535608,14.841116453244,8.0624747875617,6.66469038460203,,9.75725936454207,,,,,
2004-07,7.27105507304126,6.2603686670145,,7.18766578393958,7.56289101924696,9.19032573873752,11.7857288336518,9.17815861162663,14.841116453244,8.49894923810586,6.69154713414492,,9.9893217958709,,,,,
2004-08,7.29602971055833,6.33829258186637,,7.0810289457504,7.58149739726076,9.24885725985699,11.8315900748876,9.21590774777762,14.9053341362953,8.34561817038205,6.73374725128536,,9.94936887541781,,,,,
2004-09,7.34194683653701,6.38054182441511,,7.4058100567457,7.60939582273773,9.29953352724531,11.839489224313,9.23190314445177,14.8547797900634,8.32654558194193,6.83829297584699,,9.98902890541773,,,,,
2004-10,7.3710050535822,6.39304367950942,,7.55528866111339,7.62682119711712,9.32716277661106,11.8879890123297,9.26005504259828,14.842482786926,8.40649814146865,6.88311669172167,,9.95372229260813,,,,,
2004-11,7.37116963109467,6.37859072129018,,7.58928542417909,7.62578503355108,9.38775691938636,11.922570466077,9.25749577913041,14.8383837858801,8.37764847157919,6.90443343143735,,9.97635473671685,,,,,
2004-12,7.43279362341954,6.42053481500896,,7.61747643630291,7.63837497795562,9.44008822451048,11.953754790844,9.28052915034119,14.8588787911093,8.64344397448543,6.90880219182963,,10.3303794153868,,,,,
2005-01,7.54323542038034,6.46597424987096,,7.46945901086356,7.80964278803231,9.54204595965319,12.2047465533785,9.38481913665664,14.8807401300203,9.14216472364977,6.90436315647126,,10.6694400545402,,,,,
2005-02,7.61459005812991,6.58188457058631,,7.35251599063325,7.96751846255655,9.63682774759809,12.3474754433086,9.41617011413797,14.8725421279287,9.13154768674946,6.9141430892529,,10.6683350587396,,,,,
2005-03,7.73229383782837,6.75692903577511,,7.77080281184852,7.99731095046606,9.74872806018355,12.4294682845256,9.51214249418287,14.8998688015675,8.92736011632067,7.32622377794345,,10.7317857814585,,,,,
2005-04,7.77020838226327,6.78156286859407,,8.04157874965293,8.01512627887568,9.87165784066512,12.4469651478665,9.57932316021429,14.8916707994758,8.82267926831728,7.44478935824117,,10.7608884419418,,,,,
2005-05,7.81688667923711,6.79549799849579,,8.12213841456793,8.19814841757784,9.90620366564321,12.5284962433968,9.64970290558055,14.9312944762521,8.78451169262502,7.61998484871763,,10.7949169873194,,,,,
2005-06,7.88847789716085,6.84819627673726,,8.1346461061944,8.53766467938287,9.94892587107733,12.5343505190669,9.70536688600659,14.9394924783438,8.82516553645216,7.6827286809467,,10.8607374600685,,,,,
2005-07,7.96769111113078,6.92803430697709,,7.90275701026916,8.69352373449364,9.98417570464453,12.6026394079405,9.78918276457913,14.9367598109799,9.16960326838159,7.71773732655668,,10.9026341080745,,,,,
2005-08,8.00249925501783,7.02609804460663,,7.79999716683646,8.75486907422056,10.040768114387,12.6416734093806,9.87683753835346,14.9381261446618,8.90730198015141,7.75912928158702,,10.9368889778931,,,,,
2005-09,8.09556783831869,7.20340800868456,,8.15041709742745,8.64755372510147,10.0972123117949,12.7324559095615,9.91906538557321,14.9148984720688,8.86648014523407,7.80008787432643,,10.9935499673794,,,,,
2005-10,8.15882731967372,7.21756506500807,,8.46042081886096,8.69683277297873,10.1588562919399,12.8559893716605,9.96705157559566,14.9053341362953,9.0206063707848,7.92987402421075,,11.0664131242071,,,,,
2005-11,8.25725495822433,7.37279335011765,,8.5780359813983,8.7394380361672,10.2022331018516,12.9823427806315,10.0079997910815,14.8985024678855,9.10984323789629,8.01114702250037,,11.1026516611859,,,,,
2005-12,8.34918178503244,7.42834893103969,,8.62864147828263,8.77834430684036,10.3031904037361,13.2999248675494,10.1327638851398,14.912165804705,9.45402338348742,7.99486665535488,,11.0665462562312,,,,,
2006-01,8.45570457997758,7.49361379291516,,8.42839177675207,8.84464763352305,10.3621418598035,13.5390431695698,10.2440918459919,14.9326608099341,10.1302547179576,8.00187072697575,,11.1008543788596,,,,,
2006-02,8.48921667595395,7.56633168378915,,8.25199825652463,8.88060139511019,10.4472280908632,13.6718610181541,10.2875993249456,14.9176311394327,10.0338502309978,8.02896172640562,,11.1395691714879,,,,,
2006-03,8.59154274433116,7.68141902735702,,8.75296832269741,8.93574089498461,10.5375882108274,13.7563769697303,10.3842115208575,14.9176311394327,9.71939330896516,8.79488858188213,,11.1941533013972,,,,,
2006-04,8.67509669019243,7.71912802519325,,9.23565416988041,9.02943013613312,10.6173140957875,13.8285906969405,10.4347569743478,14.9449578130715,9.86106579502945,8.85372044099854,,11.3009917507927,,,,,
2006-05,8.71569590529947,7.69449419237429,,9.43185153518309,9.2278053220826,10.6980527650338,13.9364907693625,10.5025774562462,14.9435914793896,9.8232566003296,8.9657621619437,,11.3394136529679,,,,,
2006-06,8.75789975115308,7.73617012500007,,9.45298018248667,9.30201914480708,10.7719613158629,13.9686150764201,10.5486441986677,14.9230964741605,9.86611672714131,8.983612003332,,11.4139942129073,,,,,
2006-07,8.81194289180988,7.73742770805689,,9.186334510453,9.53326188473302,10.8262070303083,13.9900202871803,10.5934313093553,14.9217301404785,10.1675375405749,9.3415341181515,,11.4289582524239,,,,,
2006-08,8.86151158134644,7.79645088931944,,9.1094083104731,9.58875791400651,10.8814037739004,14.1881916413444,10.6446165787126,14.9230964741605,10.0828700311167,9.61218643757456,,11.5072531958376,,,,,
2006-09,8.94120824175925,7.8586735098295,,9.63064979897818,9.63186454666242,10.9250399553975,14.2019615573573,10.713076876478,14.9668191519826,10.1533478931564,9.6770150937978,,11.5584957119402,,,,,
2006-10,9.01773678505703,7.9582260038719,,9.81043325431933,9.65945100891521,11.0331361513962,14.2504448544566,10.769380672771,14.9531558151632,10.2612429706855,9.64437237204637,,11.6081938965625,,,,,
2006-11,9.08155171551664,8.06661856704903,,9.85736632149714,9.68723801895497,11.0832319204742,14.3303268582488,10.8314428118667,14.9476904804354,10.2661259117072,9.63241391531576,,11.646149836653,,,,,
2006-12,9.17066015242373,8.21011249260633,,9.88513846232818,9.72592145875372,11.1652550966199,14.3676952770335,10.8666326845498,14.9900468245756,10.4667072733998,9.585575650413,,11.6621523059581,,,,,
2007-01,9.27415764462543,8.35447245733915,,9.75299178579546,9.7550777360928,11.1779130676996,14.4260298470783,10.9934383324082,15.1649696966555,10.5890456756883,9.58476405109146,,11.8338044625559,,,,,
2007-02,9.3629122464465,8.45098883536853,,9.89051064587848,9.96899267175304,11.2311378765626,14.5756766399682,11.0667704015171,15.2661280942562,10.7780638340714,9.64561221127596,,11.8022909361157,,,,,
2007-03,9.4762038750558,8.58137674767944,,10.0843074583123,10.1858826229694,11.263089321753,14.6100159936322,11.1699148452284,15.4084113650551,10.6429539192531,9.80155833781527,,11.9007346317873,,,,,
2007-04,9.63955982799751,8.83077483960645,,10.1914784598186,10.2666998844646,11.3815888671383,14.8212836304448,11.1829491169994,15.4263915756542,11.126822642133,9.81600803441384,,11.9771112926468,,,,,
2007-05,9.89225851831632,9.18097163360596,,10.37297901029,10.4477729339144,11.5162015386496,14.8810364888278,11.3329716496397,15.6333411297895,11.135609026766,10.2259353700957,,12.1182990923756,,,,,
2007-06,10.1490796540464,9.56635690181557,,10.5117218555086,10.5999780652815,11.7168153777923,14.9884744369367,11.5686527706341,15.9584529783199,11.1498585113983,10.3089890340006,,12.2537414685134,,,,,
2007-07,10.4361094024246,9.95237177416883,,10.6590269155539,10.7309095790054,11.7985934403735,15.0542692657562,11.7100712274909,16.1535335843991,11.8599161493984,10.5868850231768,,12.5409718456512,,,,,
2007-08,10.8484203848863,10.5174111093062,,10.7868377186298,10.8534690066909,12.4009448906588,15.2754666386879,11.9543085972335,16.4904484056719,12.0654131348333,10.7207265181192,,12.6578395454912,,,,,
2007-09,11.0368240992566,10.7869613487876,,11.0198486983846,10.8682232622175,12.579949173645,15.3926937363113,12.0405059016239,16.6093538353917,12.1283614041539,10.8083924306989,,12.7254732849944,,,,,
2007-10,11.237443138336,11.034600436251,,11.1248926124281,10.9746299477625,12.7046913903713,15.4140104034743,12.3713176587444,17.0656942559535,12.3730267287687,10.8196661810227,,12.79168727692,,,,,
2007-11,11.2338048078672,10.8450275038685,,11.3648342711554,11.2934943243638,12.7621398199243,15.5642286449328,12.5679204489207,17.3368992479815,12.5616714926081,10.9197634306801,,12.9271259022405,,,,,
2007-12,11.3321828248579,10.8431277473188,,11.5079427108997,11.7033135185074,12.905094557329,16.2831282064536,12.7210981740456,17.5482012528214,12.9427750000563,10.9299919881985,,13.1772397690441,,,,,
2008-01,11.4741136251347,11.0533641026361,,11.54840447496,11.8411688153027,13.037100598488,16.3831939871905,12.6971497357839,17.515165424581,13.2235973126722,10.9160460467934,,13.2617127192585,,,,,
2008-02,11.7592721014158,11.4629614172663,,11.8845439467159,11.9587045755661,13.2418906771461,16.4705586744148,12.5923537682837,17.3706039485969,13.2487186273211,11.7845581621641,,13.3906221333085,,,,,
2008-03,12.2321782028967,12.2538680189099,,12.1988357309541,12.0142333181457,13.461193622856,16.6958301458881,12.6626353425387,17.4675543213177,13.3794889154023,12.2831506787008,,13.5657681907919,,,,,
2008-04,12.7299441786589,12.9100057869037,,12.5327399173737,12.1949456433963,14.211864992375,16.8616324116415,12.9852686771164,17.9126129639426,13.6375256101694,12.4952149157005,,13.6788147960804,,,,,
2008-05,12.8751199810147,12.8900030468368,,12.8391202540074,12.3938422502477,14.3517149539406,17.0413311296128,13.5226259654733,18.6538739550729,14.1355687832606,12.6627253494409,,13.8564308123365,,,,,
2008-06,13.1356525084432,13.129774136232,,13.0686007561479,12.8685957863269,14.5068437865305,17.2064558173391,13.8319986600408,19.0806401219651,14.7439915984921,12.6760883014037,,14.0086723589545,,,,,
2008-07,13.3599455393992,13.3213229220905,,13.1247890781601,12.9806925082197,14.7888401986715,17.322044764554,14.2593806841412,19.6701950226618,15.4416448418953,12.7744730462091,,14.3232385874147,,,,,
2008-08,13.4454675758655,13.2641814095751,,13.2984722052643,13.2725175618149,14.8456752411768,17.5126933077897,14.7837742271867,20.3935730913742,15.5944068952412,12.9204166451176,,14.745154589707,,,,,
2008-09,13.5873577283577,13.342115844796,,13.7876870577288,13.4269514406351,15.089500051133,17.8827336391878,14.8695274293473,20.5118659013974,15.7968102292433,13.0924085856915,,14.8884137600781,,,,,
2008-10,13.7315780404007,13.4810431377874,,13.8927811789368,13.3618215085535,15.2181666625653,17.9517427312543,14.998091384742,20.6892142821942,16.2106166842498,13.406530827323,,15.2952678130006,,,,,
2008-11,13.8647645332245,13.5285871753899,,14.0784092464362,13.5254262771229,16.1435154169413,18.076452953435,15.0752870398643,20.7957023285402,16.2316138818482,13.580342485246,,15.5178833826908,,,,,
2008-12,13.8824850715491,13.4735131184479,,14.0905939484477,13.6366696809748,16.2809715770155,18.1700402962302,15.12632143757,20.8661020589333,16.4736022521322,13.5589410278766,,15.8045521534303,,,,,
2009-01,14.0243059574157,13.6381120849032,,14.1239171543872,13.6913901183882,16.3788542477796,18.5879225272076,15.2011777909659,20.9693631403644,16.7408349107797,13.6116949837772,,15.9372725531587,,,,,
2009-02,14.1454631269309,13.6427196318267,,14.1325241227549,13.7372795186142,16.4248064118096,18.67818060687,15.2853607226232,21.0854898305733,16.7661582907562,15.1073510955903,,16.2181988914003,,,,,
2009-03,14.3737274535491,13.837662616135,,14.6835286950828,14.4361049484865,16.6578985850825,18.7984125490758,15.373441496123,21.2069934239528,16.7685235983447,15.5564360535127,,16.5450784657198,,,,,
2009-04,14.532823444522,14.0079464761977,,14.9813458198313,14.5278734317191,16.8841919082092,19.1149986385064,15.5475942712904,21.4472295973996,16.8238127885779,15.6211096095032,,16.737229642326,,,,,
2009-05,14.6059782542607,14.0339220832566,,15.2472440964758,14.7387154318926,17.144633631533,19.372619413752,15.5715831837973,21.4803212580997,16.9120206636575,15.6252924972533,,16.8068586816753,,,,,
2009-06,14.6980284216296,14.0855207358572,,15.5404656354846,14.9516464720651,17.2831541653364,19.4605127708393,15.6309538511635,21.5622205096581,17.0156934164469,15.7177240414915,,16.8834128253844,,,,,
2009-07,14.8204874416311,14.1650859872412,,15.4275121658243,15.0688729937888,17.51699474355,19.7118934117946,15.8683934285966,21.8897580723099,17.3726057280783,15.8852533302,,16.9760298444223,,,,,
2009-08,15.1074690034075,14.5615416317314,,15.6146271150597,15.1822211324002,17.6783151021689,19.9393292880124,16.0141331913983,22.0907997318579,17.4342109524862,15.9710960767821,,17.3750611882344,,,,,
2009-09,15.2903323475423,14.7082120565267,,16.0854943134061,15.3285881634165,17.8291920083673,20.3734341573687,16.2250313375348,22.3817245452362,17.5090521875952,16.0553984589974,,17.9459807455886,,,,,
2009-10,15.5811181801322,15.1107031079548,,16.2618042536057,15.4592264671612,18.0409209615084,20.4295446183986,16.4626094750485,22.7094532454883,17.6782702351729,16.1195119096371,,18.0779986539128,,,,,
2009-11,15.7433645978631,15.2132835165914,,16.4583890836146,15.7606801064983,18.1156513455137,20.7730536755031,16.608208861668,22.9103012622027,18.1743092964241,16.1514348162846,,18.5235082366873,,,,,
2009-12,16.2598985492318,15.9287384905312,,16.5474669357647,16.0848348948276,19.1933600793047,20.9541774279666,16.8079644884451,23.1858554550962,18.6474498285427,16.1857106914171,,18.7673285724405,,,,,
2010-01,16.6816378677475,16.5182652909338,,16.5682074079293,16.2471983614649,19.3447430321329,21.359882126413,17.4262440694656,24.0387452268609,19.0327324258494,16.2068122737773,,19.0193760981257,,,,,
2010-02,17.3688892580485,17.8054415423597,,16.5838611853517,16.2966972039016,19.5348137414842,21.4694024571648,17.6714640906773,24.3770155730661,19.1979162841041,16.3455919177202,,19.180866444928,,,,,
2010-03,18.1597857921568,18.7415710757549,,17.1264821400664,16.5595017835768,19.7656262419586,21.8798711798218,17.8629572550908,24.6411720587478,19.6334824981393,19.381869016728,,19.6964145589259,,,,,
2010-04,18.5922286666703,19.2405978370819,,17.5060411188716,16.8336075976525,19.988761422898,22.1367654441671,18.4734036080167,25.4832562332925,19.9022909373434,19.5130775737113,,19.9942397299298,,,,,
2010-05,18.8615307511028,19.5548101690079,,17.7867377710792,16.9244758809786,20.2048582317681,22.3734444257748,18.8941160212209,26.0636106960487,19.8769869517809,19.7580199117031,,20.2260709225781,,,,,
2010-06,19.1342059790638,19.7273925651192,,18.045970355531,17.088933044336,20.8821767137776,22.421756768959,19.4147663400519,26.7818251498789,20.3806372260216,20.1390212764035,,21.2095693191377,,,,,
2010-07,19.2590255267738,19.7324133617096,,18.2828726618724,17.2209214010528,21.0842383323114,22.5664002511314,19.6891947611434,27.16038721244,21.2925012811908,20.3820134830926,,21.4822148120339,,,,,
2010-08,19.4762910827976,19.9782763461936,,18.4703356218476,17.4115127426035,21.2458244687454,23.1802273827665,19.8879672475375,27.4345852059657,21.5630506100038,20.5732803898704,,21.5834293689977,,,,,
2010-09,19.7971110773863,20.3677230153532,,19.1014017364539,17.4483937703156,21.7064479958546,23.3458766662758,19.9826403289361,27.5651826011651,21.5630061469386,20.8280198864168,,21.8891679724042,,,,,
2010-10,20.3562538011629,21.2784897364126,,19.5732555181502,17.5367669805137,21.950796635098,23.6181660944303,20.034471383428,27.6366812849208,22.1051220131555,20.9872772458881,,22.6320242221997,,,,,
2010-11,20.9446937383073,22.0722841441225,,19.9003223165953,18.7024900229178,22.1211769241813,24.269611658975,20.2491871232643,27.9328723026493,22.223078783606,21.2175635568598,,22.9739443444128,,,,,
2010-12,21.2978140279111,22.4903765576632,,20.161404091416,18.9664649496447,22.3957262566731,24.584354229352,20.4126093114108,28.1583060983433,23.1211920454644,21.4402123040707,,23.350866479377,,,,,
2011-01,21.5181884906042,22.7276190244623,,20.3446046300388,19.063352312359,22.4773208319551,24.763374495494,20.6874530493041,28.5374410723561,23.4472121375947,21.4715941445038,,23.4593859479754,,,,,
2011-02,21.8781014395772,23.0269576588066,,20.8743849674272,19.4358033278875,22.6392064187767,24.9818546167013,20.8111251749864,28.7080413869786,23.6503582399578,23.1423177723718,,23.8314459855304,,,,,
2011-03,22.3427450581684,23.6160482238587,,21.6541839992581,19.7984108557137,23.0856385728198,25.1672813600664,20.8598767944707,28.7752921241718,24.1005625594687,24.1798122384153,,24.6546035263836,,,,,
2011-04,22.8784606581512,24.3411259078463,,22.2404582040292,19.9344799952371,23.339537538166,25.7267032369401,21.264445870615,29.3333775560831,24.1487859587822,24.4711763948504,,24.9975974665552,,,,,
2011-05,23.1391355876391,24.5691875554207,,22.6281463935445,20.2945732173311,23.6527430443935,26.1035068349369,21.5925639606043,29.7860021800775,24.7462956078683,24.5828887562871,,24.9625286123256,,,,,
2011-06,23.3828491662318,24.7252633551256,,22.9791075311325,20.9341243804438,24.0746030177133,26.2118270964973,21.9312913296295,30.2532618427394,25.4798728571187,24.7205901078428,,25.3222520399117,,,,,
2011-07,23.8304357402941,25.2745800175981,,23.5667930848492,21.3795059429397,24.394683566749,26.3587445004588,22.3634950738877,30.8494680965312,25.8434961337223,24.7537349775174,,25.7455628869106,,,,,
2011-08,24.2930433633227,25.7606612883603,,24.0440328601915,21.7137238796767,24.9298692394734,26.8056381438425,22.9363763763306,31.6397329189314,26.3049666118948,24.8841319351791,,26.2195462319337,,,,,
2011-09,24.7467365372789,26.2769296225245,,24.6072926591687,21.9584983121039,25.3824209996341,27.2061693181844,23.4566264822848,32.357395296517,26.7162011769002,25.0315724785934,,26.7049489247349,,,,,
2011-10,24.9581346019607,26.4197476917032,,25.1714364124649,22.1197626600105,25.8842979201297,27.4983861648964,23.5769124449878,32.5233245466904,27.1550624006327,25.2025494023325,,26.9792693399032,,,,,
2011-11,25.3459758476742,26.8166596577005,,26.0173743600938,22.3384238792878,26.4199339620059,27.6949156767401,23.8447836088658,32.892841158326,27.359840763836,25.2120180610839,,27.8135961823021,,,,,
2011-12,25.782091410504,27.3830097778828,,26.1995391760984,22.5594490160357,26.7086440363282,29.0554116611546,24.0780461097926,33.2146166257422,28.074682733225,25.2958304514252,,28.0258591551713,,,,,
2012-01,26.1308039384501,27.582929618888,,26.2835489666854,22.6647044041295,27.6426963645893,29.7944592765781,24.8417413150842,34.2681009220598,28.6141105566209,25.5127213782909,,28.453772162789,,,,,
2012-02,26.6233928954604,27.9608301539531,,27.0238157091075,22.8195310535168,27.7776240793301,30.081966490342,25.0715987887739,34.5851793026042,28.7055264264973,28.6995379442781,,28.8788074578678,,,,,
2012-03,27.2593863244093,28.7986310197513,,27.490591842191,23.759200582092,27.7933717142867,30.2023933001208,25.5022990807146,35.179311609361,28.8123751077339,30.7481274602333,,29.5403408079062,,,,,
2012-04,27.9182177608113,29.4565458278268,,27.7724540214739,23.9958469037295,28.1299925902975,30.7257783169421,27.2676738214644,37.6145692273338,29.719304561274,31.050288392143,,30.4046475446818,,,,,
2012-05,28.6706903839121,30.4645199358702,,28.2723918962787,24.2347463693887,28.7713615355772,31.1122336923672,27.745887055327,38.274243569499,30.0602457044994,31.1101904141315,,30.9540522109715,,,,,
2012-06,29.0174678810485,30.953826052566,,28.4204439560909,24.8248802159914,29.0672930584746,31.5215125976882,27.9273276406778,38.5245329598963,29.3530123107356,31.3337240751275,,30.9257153365877,,,,,
2012-07,29.496344599895,31.39053814154,21.8482521056097,29.236337871881,25.0555009799646,29.7439444715112,31.8161457013574,28.0882209593887,38.7464782902714,29.7875733879765,31.5912357223322,30.962593712317,31.6179582710886,30.7074539089848,30.6293781903967,23.5276355029586,30.1637009672503,28.707910718232
2012-08,30.1778218907316,32.0404851757449,22.2832616004515,29.0132002759117,26.4493198635232,29.9787863962795,32.2115972850679,28.8236086090279,39.7212089730436,30.3194003125276,31.9484740599787,32.0894012919897,32.1664623609867,31.3473045507584,31.3528420753627,24.0290017982018,30.589148633098,29.6024549907919
2012-09,30.6294986997745,32.5653378016929,22.5785891474084,29.579013465691,26.5446047792514,30.6050315289949,33.2061285067873,29.269453386161,39.7734933774834,30.6063762272606,32.1595694413153,32.4750320413437,33.0251153603559,31.8231598599766,31.8789976280652,24.1129214785215,31.1438462227475,29.9633662246777
2012-10,31.0811755088174,33.2071265049246,23.2510579536546,30.5751634476968,26.6952879017983,30.8560694485747,33.3979520361991,29.4513785538418,40.9386886764294,31.3330308370433,32.2407599725986,33.0028812230836,33.4845952262391,32.7990665110852,32.2900566536141,24.4615109198494,31.698543812397,30.3216995211786
2012-11,31.7256734117792,34.2459539821895,23.5244354802295,31.6217850287908,27.5838751391703,32.8211834857161,33.5514108597285,30.2175141191453,40.8490582688182,31.4725695845741,32.1893393027858,32.8579278208441,33.7430526507984,34.5331155192532,32.7422215817178,25.4341184968877,32.430960047274,30.8888457458564
2012-12,32.3516816208036,34.5233372352811,23.8237539399831,32.1504086192419,27.6813759831713,34.214039039514,34.8144950226244,31.1911981151832,40.8789350713553,32.5019969484329,32.235347270513,33.5170555555556,34.1680715267404,35.0761820303384,33.3807332680704,26.0430741258741,32.826787938917,31.7060518968692
2013-01,33.093910763149,35.1460898329085,24.4962227462293,31.6749130278311,28.3461544649957,34.5433576006833,35.091901357466,33.5177904004528,41.7080163417592,33.2444483975587,32.5249268320901,34.3484863910422,34.89749581383,36.1085460910151,33.9096292142765,27.637548051948,33.3653292880913,32.6160637937385
2013-02,33.4557804873529,35.5186536140218,24.8753594619171,31.0028438399712,28.660816279726,34.7134155462052,35.9624850678733,33.8252695570964,42.0590687715698,33.8894860040687,33.4423798355914,34.7724067183463,35.3081559439631,35.1407047841307,34.4412655539864,27.9172803196803,33.5995947749821,33.0852483977901
2013-03,33.9734919176009,35.9102535007394,24.8993049386974,33.3962601967371,28.924511744183,34.7377095384226,36.2162823529412,34.0635659034951,42.1001493750583,35.2743422531474,34.4816186360177,34.9720595176572,35.5436393752283,36.9446534422403,34.9098728431121,27.9732267732268,34.3158547693839,33.4306920073665
2013-04,34.6549692084376,36.1713200918845,25.0270141481923,34.6128913747601,29.1305930735486,36.7379148976557,36.617636199095,35.1858648252441,42.0964147747412,36.1905589350473,36.0756594002131,35.3686301464255,35.9284537629055,37.7484994165694,35.6141539735524,28.4788966418197,35.0051876963269,34.1009557274402
2013-05,35.1726806386856,36.4568616759495,25.6755374776583,35.9065581513916,29.5272442343706,37.0699327912936,37.0898171945701,35.5676514447432,42.1449645788639,36.2300510334051,36.3625326107475,36.9248279931094,36.433881615377,38.0657362893815,36.2252617248684,28.6574949358334,35.5787342331975,34.5649844567219
2013-06,35.8356682355848,37.4467391673746,25.847146727917,36.7831701355567,29.8197467663733,37.148213432883,38.3676570135746,35.8597566435545,42.4586710055032,37.0014633546599,36.9335726807734,37.9312968992248,37.2092538890549,38.5792298716452,37.0062738734112,28.8468521632214,36.300379641091,35.173377679558
2013-07,36.7152493900367,38.6568915950785,26.0746287573296,36.6875397372841,30.9631657551114,37.6151979499509,38.5830895927602,36.2825404839394,42.6827470245313,38.336296279152,39.1608995889786,39.5941585701981,37.9157041828504,40.114333722287,37.9544500256772,29.0491201106586,36.9816344477965,36.217442320442
2013-08,37.4786096111677,40.0274911985902,26.4497745602208,36.6158169385797,31.3531691311151,39.0863341453383,38.7483529411765,37.3997147530777,43.9076959285514,38.3810539906241,40.500543355153,40.578747717485,38.5561042459251,40.9800140023337,38.760125715753,29.5504864059018,37.8109881255248,36.9160633517495
2013-09,38.2789492201736,40.8650798451807,27.1561661252391,38.4168561060461,31.6944220851184,39.547919997469,40.4747647058823,37.6943822781944,44.228871555825,39.1998568299083,40.2407336550464,41.8450387596899,39.480807476015,42.3833838973162,39.6260900629092,29.7075668331668,38.7399719528504,37.6017946961326
2013-10,39.1215509867507,41.9854906321784,28.2476807751403,40.2205516734645,31.9182308406659,39.8610425638267,41.5784877828054,38.2170968444885,44.1989947532879,40.0607845741074,40.6331545562491,43.4887556416882,40.1585402781928,44.5475845974329,40.4098426049557,30.1185580880658,39.7362734488228,38.3055716022099
2013-11,40.0513184533185,43.2853847005884,28.50309919413,41.3760856525912,32.5874411790359,40.5925616628175,41.6817773755656,39.908232206028,44.6284737897584,40.5241585281717,40.9470912772112,45.0230737295435,40.9626300434884,44.7626604434072,41.4183074143022,31.0631924383309,40.7729655459833,39.1382453775322
2013-12,40.9573134562525,45.0176703105824,28.8463176946474,41.86220684381,32.9597171288576,41.7208826346926,42.4815339366516,41.40463076836,44.6658197929298,41.2903052363122,40.9335595219973,45.5509229112834,42.1371754506524,45.3783150525087,42.4377337976634,31.5925319603473,42.0573866637639,39.7131254143646
2014-01,42.9225037833163,46.7118837093678,29.0698088112634,41.338896053263,33.6488708216823,42.6089630168623,44.4735475113122,47.0776212084336,46.5854043559369,44.6787272754076,41.1338294991628,47.4380521102498,44.3082178169505,48.6824177362894,43.8654788130697,35.3775247214324,43.5383753739931,42.0796719337017
2014-02,44.8005284103894,49.798452260927,30.7400058166881,42.6750652291267,34.3225130165978,45.4513601062988,46.3416135746606,48.7585072647517,47.8514338634456,46.7744412949258,41.8428934723702,49.2048426356589,46.6515651329549,50.6745577596266,45.9289951213249,36.3070965649735,46.3414830964451,43.1469380110497
2014-03,46.4355456314278,51.3675712514553,31.4643564892917,44.5451707953455,34.8853587978759,47.6783093928944,47.6460135746606,50.8134929616527,49.222032179834,47.7617437538697,46.9524842411326,51.7483645994832,47.9840567440162,51.9757666277713,47.7869819168057,37.0774361945747,48.1240549622119,44.6472975690608
2014-04,47.8856659130918,52.2078793417036,31.8135613590041,49.5524847048945,37.0303773658962,48.6554677465279,47.8821040723982,52.4021352709778,49.9465446413581,49.2835059439219,47.3611432485919,52.9626912144703,48.9977841981211,54.726049008168,49.0091974194377,38.8827852147852,49.8850851740117,45.8151032044199
2014-05,49.0795718644801,52.8741430378551,36.0798471386912,50.7717722828695,39.4390913983735,49.9025593470214,48.4634769230769,53.0452791736239,49.998829045798,50.0759807176342,50.2731769706196,54.0785589147287,49.5922362746075,54.7798179696616,50.1437203299525,40.9936879428264,51.0267928342612,47.0447793370166
2014-06,50.2259328886006,53.8150705434406,36.3991201624283,52.1424746581094,41.6040533208486,50.5423011420798,50.0482343891403,54.4033121154662,51.164024344744,51.5714148421145,50.6304153082661,54.1879577088717,49.9626919164758,57.0112298716452,50.9356940525099,43.2315460846846,51.8803808727024,48.4394434622468
2014-07,51.3432386793909,54.6825730702665,36.8241523752783,52.3390482545586,42.6721307483133,51.8946667088487,50.4584416289593,56.4787964228102,53.7035525603955,53.2090205206828,51.7319001826762,54.8963149009475,51.2779530325665,58.0220863477246,51.9770435839004,44.770073557212,52.6855001897179,49.8134840883978
2014-08,52.5107307822972,55.9144810472324,38.3766174532,52.4293658529271,45.843124106616,52.9042170521054,50.8568443438914,57.2449319881138,54.8575440583901,53.8066676091635,54.1865605784747,55.0713529715762,52.3634742157156,56.384821470245,53.2568073501091,46.9455298854991,53.6764162721986,51.1230762799263
2014-09,53.6914298094444,57.1545473551716,40.3201919851996,54.8121566098849,46.4037539596213,55.2688322945996,51.5385556561086,58.8848208235461,55.9853933541647,54.4938301205885,54.5546243202923,55.8097948320413,53.5782241111443,56.9816569428238,54.4982056072667,48.161289356797,55.1035508475103,52.0846469244935
2014-10,54.7268526699404,58.4789164165014,41.1383291085259,56.6397597768714,47.0751802262641,56.4268459236293,53.6928814479638,59.4664688948634,56.5306450004664,55.7786397204941,55.1202516882326,55.9547482342808,54.6666170434552,58.823243873979,55.6135457632559,48.382923384308,56.4337479799708,52.860606077348
2014-11,55.7252961425615,59.4252828094024,41.5513885829858,59.0252069337812,48.1188824427285,57.1367703628713,54.1916226244344,60.0404299872647,58.8423625967727,57.5268232744641,55.999815777135,56.1106415159345,56.0594153869137,60.7831225204201,56.6960011972012,48.4496287712288,57.6481587223587,53.6649225414364
2014-12,56.5362012909602,60.1404964913936,42.8304761343326,59.7796245201536,48.5266132449142,57.584859552659,55.3602705882353,60.5990171218339,59.5071214532226,59.0380542382876,56.473427209621,57.2374490956072,57.1851410583276,61.9956126021003,57.581148298883,48.6970842388381,58.3994239044568,54.5233756906077
2015-01,57.6429415423577,61.4621461090657,44.4567730989935,59.2988161288388,48.9565033298273,57.9951580878863,56.2839746606335,60.7655683316825,61.4192368155956,61.652431149571,57.1121260557163,59.5266188630491,59.890328768715,64.5254422403734,58.7375943574271,48.7896110658572,59.1076057786209,55.9644426887661
2015-02,58.4802605392384,62.131129248875,45.8595789470384,58.9109817358446,49.7232145121982,59.0290024233604,57.20472760181,61.4394601499929,62.2483180859994,62.9741000412772,58.1134759415436,60.8147896640827,60.9672347043788,64.3157432905484,59.7981266433432,49.1382005071851,59.8130949460392,56.9053898342541
2015-03,59.4522901633775,63.0122289939897,46.6398023987959,60.1169873140595,50.2904921500218,59.4851896105539,58.9311393665159,62.138975231357,63.1670297640145,63.5928095822154,62.8089950007612,61.7665591731266,61.751222225542,64.2781050175029,61.0340441134934,49.4157809882425,60.7824693745529,57.8721163535912
2015-04,60.8601482874703,64.1761508795116,48.8308135241918,65.0047632257678,50.9175998512096,62.3896713467683,59.4062714932127,62.9281717334088,64.9708417171905,65.0355875755521,65.6181873831634,62.3162881136951,62.6385927165289,67.2461516919486,62.4508275548851,49.9386651502344,62.5865828942867,58.9316486187845
2015-05,62.2072545600543,65.413497743793,49.2518548242451,65.7910576115643,52.6349442625894,63.7393375810687,60.2355393665158,64.7807336521862,66.5132316481671,66.9391067163959,67.6235935058609,63.0547299741602,63.787292381237,68.197862310385,63.8703513897804,51.1501210481826,63.7498322085031,60.4242743646409
2015-06,63.0472149417832,65.6636865603071,52.48848510238,67.291923584453,53.4858607193248,64.1523354487646,61.4307475113122,65.6211766803453,66.8904262801977,68.115971247457,68.6303560937738,63.2653226528854,65.2662431995486,68.4021843640607,64.7883832135062,51.9807107046799,64.7999878393929,61.0790704604052
2015-07,64.3335693628586,67.1675389030491,52.9354673356119,68.0171207713532,55.2408759113414,64.4276673605619,62.0947520361991,66.7793481703693,68.1639249883406,70.8804181324999,69.6993647556706,64.2116222222222,66.6532980446835,71.3890501750292,66.1092528822699,52.1722197187428,66.0897943706652,62.35514946593
2015-08,65.5116270051576,68.9406161679096,53.4981860399486,67.8577367742323,55.8148013339832,66.0931554936885,64.1251303167421,67.4455530097637,69.4299544958493,71.7624083291564,74.614098249353,64.8871597760551,67.9685591607742,71.8622170361727,67.5835845872384,52.3314519326827,67.2718926321027,63.5177992265193
2015-09,66.5972361777695,70.1725241448755,55.5255697406792,70.1661483325336,56.8895265462661,66.7868839381189,65.0104696832579,68.3064946483656,69.8556989320026,72.7128514962998,75.1039477880956,65.7760249784669,69.3757162500415,73.6957386231038,68.7345498587752,52.6929520940598,68.752881342332,64.2550893186004
2015-10,67.7303902776491,70.6185129047484,56.3117795616318,72.5170622900672,58.2080038685513,68.3740914296561,67.586807239819,68.9368269194849,70.5540691913068,73.7659741191733,75.474717880956,66.4406226528855,70.6737468711616,74.4243080513419,70.118448578123,52.8672468147237,69.7734171990172,65.4796095764273
2015-11,69.0537240865993,71.9619180716825,57.1219348593647,74.5306134536948,59.0013061901952,70.957352602107,69.3574859728507,69.8823253261639,72.4699191539968,75.7906023616475,75.5342576038971,66.9903515934539,71.8368052816785,76.0131808634772,71.6421073661574,53.1017915622839,71.3782704195565,66.5520315285451
2015-12,71.7585021711603,75.4971948267724,57.8822037471387,77.2454542046545,59.5331289756548,74.4259948242589,74.014371040724,71.9936822017829,73.6201760516743,80.2742719285314,75.5342576038971,70.2914602067184,74.3380988015802,78.5591411901983,74.8346657979201,53.5751846307539,74.9218724971231,68.513841878453
2016-01,74.7274187405417,79.03519102552,58.5466907277915,79.0757137715931,60.7452417408481,77.6462984592996,75.265650678733,75.0479751577756,75.1476275813823,84.3682861249521,75.6722815070787,77.3011879414298,78.5279808286027,84.4065157526254,77.9093873090255,54.4810868208714,78.5274068298448,70.9190574585635
2016-02,77.6936939250749,82.0021040561377,60.7536655043743,79.5033941638676,68.0157024037351,81.1527313360119,77.8183791855204,76.4956895203056,77.6199329913254,86.3771175280832,75.9672737707414,79.6177074074074,81.396858241211,85.6028751458576,80.2305006066247,61.4722417275033,80.7892804963767,74.4637213627993
2016-03,80.2716855369221,84.9173476572579,62.4877171145464,81.8038365223129,71.0271489264,83.0098720744092,79.6687384615385,79.7575309070327,79.5096407517955,87.7567081640475,83.5829456051149,81.5950906115418,83.7804100454802,87.2051901983664,83.0531059153935,63.4303676016291,83.3473519049544,77.041658747698
2016-04,85.5254,86.4212,63.6371,88.575,86.3791,85.3232,81.525,90.5398,80.0773,89.2969,88.8901,82.5578,86.5057,89.856,85.3797,84.0036,86.5786,83.9892
2016-05,89.1118,89.9991,82.4693,90.5764,90.8834,87.7981,82.9161,96.0543,82.0829,91.3072,91.9974,84.3768,88.6513,93.7059,87.6489,91.3453,90.6974,86.7991
2016-06,91.8528,92.8351,84.325,90.8905,97.305,91.9257,88.6965,96.7934,84.0739,91.7896,93.9262,86.8693,89.8747,96.2581,90.2893,94.4671,92.6532,90.6853
2016-07,93.7328,95.1422,86.2302,90.2628,98.1246,94.1324,90.5779,97.651,87.8567,95.7578,96.1933,89.7079,91.6354,99.5762,91.9791,96.2589,94.0201,93.3136
2016-08,93.9221,95.2368,88.7153,90.9888,92.6253,94.8352,93.3781,97.7657,90.6632,96.3118,97.838,90.5638,92.5606,95.2761,93.4982,94.5591,94.7672,92.6895
2016-09,95.0014,97.3853,92.3307,95.3605,87.6714,95.191,94.4068,98.5274,91.5041,97.6783,98.0276,92.2985,94.9263,99.189,94.9462,93.2777,96.8993,92.2331
2016-10,97.2428,98.5102,94.2334,98.7205,97.0615,95.6143,97.6188,98.678,90.7212,98.1813,99.0132,94.1914,96.9199,101.1247,96.6551,97.2229,98.2076,95.8356
2016-11,98.8166,99.75,97.8577,99.9637,98.5085,98.092,99.1622,99.2062,94.5213,99.1563,99.5182,96.9479,98.655,101.5561,98.3164,99.054,99.418,97.9394
2016-12,100.0,100.0,100.0,100.0,100.0,100.0,100.0,100.0,100.0,100.0,100.0,100.0,100.0,100.0,100.0,100.0,100.0,100.0
2017-01,101.5859,101.3024,100.925,99.0066,101.4784,100.8773,102.3501,102.0755,103.0516,103.1906,100.7952,103.1002,101.9345,101.6969,101.5039,101.8183,101.1903,102.4355
2017-02,103.6859,103.1605,105.2395,98.8523,107.0014,101.3278,105.0852,103.9957,107.2514,103.7961,103.9808,104.8886,103.7951,102.3345,103.2105,105.9316,102.7002,105.5426
2017-03,106.1476,106.0143,107.2901,102.255,110.8463,102.1787,107.1422,105.2177,110.6933,105.5114,115.3409,105.9567,105.6633,104.7868,105.2057,110.0057,104.9817,108.6229
2017-04,108.9667,108.3515,109.8338,106.8806,117.4108,103.3147,109.052,105.8674,118.2686,108.2881,118.6783,107.9795,107.5442,108.1867,107.427,114.4649,107.4919,112.0904
2017-05,110.5301,109.7631,111.7182,108.726,119.5207,106.1577,110.7256,106.8575,118.6553,109.0808,120.69,109.5541,108.9336,109.0536,109.2069,115.6559,109.0098,113.7331
2017-06,111.8477,110.7483,112.4572,109.6911,121.6359,107.4904,112.3558,107.5925,120.1049,111.6195,121.8757,110.9475,110.3729,110.0769,110.6653,116.6875,110.1215,115.419
2017-07,113.7852,112.0115,115.794,108.3524,124.0879,110.0984,116.0848,109.9058,121.2281,115.609,122.8868,113.777,111.8348,110.589,112.6183,119.3618,111.4205,118.5735
2017-08,115.3819,114.3467,117.3256,107.6769,126.7648,111.1513,119.0025,111.0994,123.052,116.3997,125.3185,114.5928,113.6021,111.7749,114.231,121.1349,112.8612,120.4902
2017-09,117.5719,116.4048,118.1383,111.7682,129.2656,112.2879,121.8977,111.9943,124.3454,119.536,129.9791,116.2141,115.4941,116.214,116.0978,123.2159,114.9903,122.8259
2017-10,119.3528,118.1646,121.695,114.138,130.4139,113.0973,123.2121,113.4318,130.9342,121.032,131.0253,117.834,117.0803,119.0242,117.6245,125.2808,116.8116,124.5736
2017-11,120.994,119.5688,123.0467,115.6644,132.0294,114.1215,124.8225,116.8496,131.8833,121.8725,131.4832,119.9896,118.5168,121.0614,119.1358,127.1472,118.602,125.9672
2017-12,124.7956,120.36,123.7178,116.6315,155.5929,117.436,127.7938,120.6253,134.1367,122.7547,131.4716,122.136,119.8176,121.4632,121.1263,138.6978,120.0841,134.189
2018-01,126.9887,122.8752,126.558,115.7454,157.216,118.6538,130.037,123.2423,136.6524,127.0012,132.3079,125.7038,122.7189,124.7001,122.9418,141.6541,122.0571,137.0514
2018-02,130.0606,125.5566,128.7394,115.036,163.1754,120.7253,133.0853,128.7666,149.113,128.2519,134.8324,128.3425,124.8704,123.8509,125.5123,148.4773,124.237,141.8872
2018-03,133.1054,128.469,129.6226,120.0687,164.1018,126.1821,134.821,131.0603,153.2069,129.8108,153.4357,130.5949,127.1891,125.8663,128.746,151.4854,126.9088,145.6943
2018-04,136.7512,129.9559,131.2858,124.9254,177.2462,127.7561,137.2231,136.3269,154.7928,132.3056,154.6926,133.5827,129.3332,126.9623,131.4884,159.451,129.6896,151.1036
2018-05,139.5893,134.2019,133.4078,127.3628,175.9498,130.576,140.2549,138.9243,160.8721,135.6359,156.0746,136.7886,131.8763,130.1734,134.9794,160.024,133.2216,152.736
2018-06,144.8053,141.151,134.6168,129.8016,180.6206,135.829,146.2916,147.1719,161.4822,140.1805,157.9789,140.423,136.0669,134.5438,140.4784,164.7325,138.9729,156.6875
2018-07,149.2966,146.7848,138.1218,129.6084,182.4306,141.5414,150.399,154.8231,162.4498,147.2814,160.7826,144.436,141.4245,139.6235,144.964,168.9885,144.1465,159.953
2018-08,155.1034,152.6743,139.9915,130.051,193.6678,145.9741,156.5273,161.083,182.6004,152.1489,163.8623,147.9425,148.3437,142.3224,149.8236,179.4614,148.6981,167.999
2018-09,165.2383,163.3911,146.1856,142.776,198.1079,160.1563,163.6215,177.8431,186.4637,162.4851,166.5346,156.4246,160.1018,147.9747,161.272,187.9015,161.5813,173.0112
2018-10,174.1473,173.0007,149.5775,149.9773,215.507,167.0385,172.5763,191.3913,187.8155,166.9487,170.0009,161.2576,170.0438,157.1936,168.5933,201.8885,171.0262,180.9641
2018-11,179.6388,178.8975,156.5108,153.444,220.0981,172.9721,182.333,196.5066,193.5208,171.6321,171.9664,165.4071,177.5239,161.9369,174.1546,207.5084,177.3628,184.8322
2018-12,184.2552,181.9359,158.6722,155.1797,226.6993,176.1826,191.9052,201.2271,208.333,176.0803,173.7237,169.794,183.608,164.2686,178.9326,212.85,180.7733,191.667
2019-01,189.6101,188.0357,164.1486,154.3105,233.7201,180.8936,197.4877,206.205,223.7092,182.2543,174.7196,176.1325,190.2864,166.073,184.3056,220.132,185.5353,198.4457
2019-02,196.7501,198.7818,168.0165,155.7973,248.6768,185.932,203.7521,210.7001,226.1415,186.2753,177.646,182.5376,196.1795,169.2729,191.4115,229.4204,192.3845,206.0277
2019-03,205.9571,210.628,174.827,166.0308,255.6783,192.9944,210.369,219.4872,236.0623,189.9687,209.4616,190.4396,202.2281,177.3407,200.1771,240.6717,202.0032,214.5221
2019-04,213.0517,215.9985,176.6323,176.3303,263.2012,201.8547,217.7389,229.0584,244.3102,195.9999,212.6984,198.2112,208.235,180.1891,207.7179,248.5813,209.6065,220.6468
2019-05,219.5691,221.2588,180.4588,182.2453,273.6695,208.3447,228.7921,237.057,249.1176,200.6997,219.6863,202.6055,214.0404,181.3032,214.3182,257.831,216.1589,227.1999
2019-06,225.537,226.9033,185.3625,185.7061,281.0736,215.4878,236.9165,240.7657,266.8665,208.1341,223.5381,207.737,218.5697,185.7752,220.1725,265.016,222.0468,233.4205
2019-07,230.494,232.0295,186.9476,186.345,287.2242,220.9243,246.6508,243.5064,267.4442,216.1836,228.213,213.878,224.4509,192.5377,224.9011,269.7964,226.5037,239.3509
2019-08,239.6077,242.5051,195.1481,192.1506,293.329,234.3379,259.4603,253.1342,270.5675,225.1959,233.9485,221.5727,234.3934,199.9586,235.3317,275.5073,237.6064,244.7381
2019-09,253.7102,256.3757,206.218,210.4983,299.168,251.7058,281.0982,265.0598,288.7594,242.2378,236.3192,233.2019,253.668,217.0323,250.4818,284.7479,254.5303,253.5732
2019-10,262.0661,262.6603,218.9538,220.4635,304.8007,272.1918,294.2595,274.3506,290.1029,247.0628,240.0651,239.127,263.4181,223.1837,260.0118,290.513,263.3998,260.9456
2019-11,273.2158,276.6339,231.1972,230.249,309.4466,273.7052,312.847,286.9334,311.5568,255.3408,250.6401,247.0036,276.2862,239.5597,270.3554,301.6025,277.0656,267.232
2019-12,283.4442,285.297,238.3667,235.763,316.0254,288.4718,330.324,301.1997,341.3832,261.4482,255.5638,255.1194,286.2711,244.6754,280.3107,315.4936,286.3123,279.178
2020-01,289.8299,298.6501,248.7265,238.2562,318.0346,284.7446,323.7294,305.6389,341.8435,274.5141,256.9216,265.7678,295.0698,253.5739,287.1529,319.0685,293.7136,283.5081
2020-02,295.666,306.6182,251.9682,243.9437,319.9809,290.661,325.1671,310.5997,349.775,280.5764,260.6158,273.9206,302.2693,259.9507,293.9922,321.3104,300.0495,288.3802
2020-03,305.5515,318.6777,259.1936,254.1219,324.3739,299.0795,333.8163,315.6444,378.653,287.5823,306.0975,279.826,308.4361,272.7059,303.1665,331.8502,309.7355,298.5626
2020-04,310.1243,328.7785,262.827,257.9206,324.3903,302.7645,337.7523,319.8688,363.1467,294.2192,301.6002,284.0325,308.9516,285.8904,308.3681,329.6516,316.9003,298.0086
2020-05,314.9087,331.0146,263.0259,277.3804,324.7404,311.3316,341.3461,323.2338,364.3572,301.4356,300.3424,288.4158,314.8969,299.283,313.3195,329.372,323.3135,299.877
2020-06,321.9738,334.4636,272.9822,295.818,327.7297,323.992,348.9759,329.1348,365.8524,314.005,301.4521,294.9019,315.9472,313.5633,320.5733,331.8382,332.6884,302.644
2020-07,328.2014,338.7648,276.7322,305.5099,331.0918,336.5455,356.5467,335.1763,368.496,324.3321,301.7724,300.6189,323.2643,316.5328,328.6943,333.55,340.4366,305.866
2020-08,337.0632,350.5076,280.3346,312.2789,338.8038,348.1836,365.1113,344.7144,369.5853,335.0449,304.0824,306.2356,334.0208,329.1168,338.6645,336.9087,351.5877,310.4773
2020-09,346.6207,360.8692,292.3052,330.5055,343.9618,357.1864,377.8509,357.1236,370.0946,341.3154,304.9813,311.5692,340.0843,355.0322,346.511,343.4046,364.3829,314.0154
2020-10,359.657,378.0896,297.8662,351.1551,351.9646,373.2176,389.5109,371.9913,369.6031,350.1056,305.3871,322.1058,347.2283,388.9845,358.4989,348.5355,381.1304,319.9093
2020-11,371.0211,388.3864,306.7433,364.0892,360.8388,387.9375,403.8029,385.4469,367.4745,367.9236,306.746,332.4733,356.3987,396.9082,372.6154,352.7236,393.9743,328.1032
2020-12,385.8826,405.2871,317.1521,377.2469,371.5185,397.2227,424.9668,404.314,367.3696,387.0686,306.8977,347.7424,362.5783,402.2137,390.7655,362.0665,409.2986,341.2656
2021-01,401.5071,424.8374,331.4265,382.4282,375.7501,409.0026,439.3776,422.9057,422.9513,405.7084,308.6755,366.4717,369.9824,414.3419,406.0674,380.6817,426.448,354.2333
2021-02,415.8595,441.0722,343.3155,393.1944,383.4268,427.6367,454.7265,443.3079,430.6911,415.0224,309.01,386.2568,381.9169,427.2775,422.5932,388.8788,443.5383,363.2531
2021-03,435.8657,461.3238,365.3793,435.7025,388.4775,441.1744,472.856,461.8773,430.982,437.1879,397.0482,398.4108,390.3459,457.8837,441.72,406.4306,466.0937,378.9729
2021-04,453.6503,481.2407,378.4685,461.9321,401.9368,460.1121,490.482,487.9806,433.2713,443.676,406.8828,413.8512,404.5705,467.7635,461.8578,420.7778,487.9835,388.4611
2021-05,468.725,496.1796,384.5689,471.6343,410.1034,470.991,513.7918,517.0463,437.5563,457.4624,416.1535,429.2946,416.3379,474.7275,477.9293,436.6403,505.134,399.1277
2021-06,483.6049,512.2593,405.6917,487.9626,420.2876,486.2222,530.2766,533.8777,468.3691,467.7135,420.9305,442.6958,424.5201,477.1486,495.1809,450.6922,522.2312,410.0618
2021-07,498.0987,529.7087,418.2942,494.0248,432.405,499.4892,550.5464,546.1141,470.0952,482.1844,431.6135,463.7774,438.0619,500.4272,510.6974,457.2079,537.4829,422.6424
2021-08,510.3942,537.5867,426.7422,510.8956,437.3723,515.857,573.6501,559.4713,467.3059,500.0179,449.9,477.4438,452.5377,503.3702,526.6934,462.3809,550.9627,432.4694
2021-09,528.4968,553.4373,451.7961,541.712,445.7672,533.8161,598.3555,576.4905,480.2655,518.8505,463.9288,496.8871,462.336,535.3815,543.8748,476.0569,570.0767,448.6131
2021-10,547.0802,572.3293,461.7273,569.4577,456.979,548.5192,626.6749,594.2962,485.73,539.5742,470.3893,517.4057,477.8239,578.9276,561.2843,485.2106,590.5328,463.3373
2021-11,560.9184,584.4717,466.8177,592.8289,466.9551,563.3426,641.9374,607.3504,489.7423,547.4789,474.3662,543.1712,487.5849,581.892,579.5414,490.2282,605.5459,474.6729
2021-12,582.4575,609.3311,491.9092,621.094,476.8025,582.338,645.1434,637.3158,498.8013,569.1202,479.1164,575.1289,503.0842,603.6269,605.1759,498.6315,628.9364,492.1334
2022-01,605.0317,639.405,500.7578,635.994,485.193,601.6662,671.6729,654.8718,536.1267,593.0751,482.7713,607.7867,524.7001,658.2543,625.1594,512.3766,653.0302,511.9611
2022-02,633.4341,687.1658,514.0762,657.5762,498.9476,628.3237,696.1161,687.1919,544.0338,606.6697,495.5553,634.0233,547.448,713.7013,652.9838,528.2683,688.9779,526.332
2022-03,676.0566,736.9451,543.6306,728.959,537.1626,655.8863,730.5922,724.8465,562.7616,626.8734,612.6821,668.4613,577.6959,757.8963,694.7515,572.7992,735.3863,561.416
2022-04,716.9399,780.1457,561.8137,801.0762,561.7478,691.9571,777.2991,763.5071,583.3455,659.6448,635.5003,717.5668,608.0932,799.0308,741.3622,595.2223,782.6829,589.924
2022-05,753.147,814.5693,593.5899,847.1542,581.7106,728.9951,825.5739,810.22,601.2442,693.9163,656.1411,758.3527,635.8157,825.8088,779.9267,629.0029,824.5376,615.2979
2022-06,793.0278,852.1804,633.4988,895.8753,621.3286,772.6412,886.798,848.636,603.5522,724.0064,669.445,805.4594,667.7975,880.3186,819.5734,662.0938,867.0654,649.3822
2022-07,851.761,903.4609,674.3455,971.758,649.6896,852.4176,947.493,895.3078,636.8292,819.4993,710.2816,884.0683,721.9398,979.7957,879.6383,694.6115,930.4681,698.1322
2022-08,911.1316,967.5805,721.689,1067.5251,685.6993,924.2301,1001.738,956.4746,662.6492,860.7132,745.7268,942.9087,784.4224,1064.731,939.4677,738.3105,999.6564,738.3679
2022-09,967.3076,1032.8063,789.7014,1180.9506,706.9826,980.1201,1045.0789,1012.0676,678.9797,905.8061,772.9974,988.6307,837.7345,1189.6609,991.2585,771.8891,1069.4142,769.2362
2022-10,1028.706,1096.5069,832.7248,1261.5985,759.7711,1028.4132,1119.4447,1057.3307,761.29,956.8276,827.9004,1061.9488,889.2464,1297.2889,1046.265,829.1011,1132.6433,826.4284
2022-11,1079.2787,1135.001,885.54,1318.2609,825.5091,1084.1626,1165.2705,1121.731,809.6802,996.7277,859.0553,1120.5659,941.1822,1350.5167,1096.024,880.7676,1183.9094,874.7005
2022-12,1134.5875,1187.9252,948.7615,1371.3368,860.1091,1148.5321,1231.4648,1186.6265,837.1999,1042.694,892.6222,1200.8127,995.2681,1413.2059,1153.5771,925.7853,1244.8284,919.3928
2023-01,1202.979,1268.3385,1017.8777,1402.845,929.1621,1210.6926,1291.7546,1257.1122,903.9001,1136.1135,902.0686,1275.6081,1062.9991,1525.1043,1215.3182,991.5192,1311.7457,989.7596
2023-02,1282.7091,1392.3999,1071.1087,1457.7661,973.7901,1271.8967,1360.5006,1318.1813,974.8005,1205.9377,930.4868,1371.9038,1131.9624,1575.9625,1308.7788,1042.4951,1403.7836,1045.908
2023-03,1381.1601,1522.5337,1159.8526,1595.0861,1037.2344,1345.7519,1438.3163,1388.1661,993.4553,1258.7738,1201.1258,1479.9582,1203.4429,1722.9662,1403.1434,1128.8908,1512.8076,1123.7847
2023-04,1497.2147,1677.0441,1203.7907,1768.0967,1095.5146,1462.0471,1532.9719,1477.7098,1055.7168,1353.7339,1261.5273,1626.3026,1282.7938,1940.9169,1521.0163,1184.1465,1650.4841,1197.436
2023-05,1613.5895,1774.4119,1305.3763,1903.1899,1225.368,1590.1014,1671.6594,1597.93,1126.7574,1466.9417,1323.5067,1778.1049,1373.9512,2056.8651,1640.2912,1291.1045,1772.9497,1300.9009
2023-06,1709.6115,1848.0332,1364.1997,1983.4012,1324.556,1717.2201,1815.4471,1701.7574,1244.8,1561.7425,1410.4778,1890.0322,1464.0524,2094.7124,1746.7824,1383.8634,1870.0638,1395.1812
2023-07,1818.0838,1954.5101,1487.5243,2043.7327,1377.3341,1822.9318,1979.4087,1791.7559,1396.2642,1736.5158,1496.9625,2030.866,1556.5397,2201.586,1860.2801,1476.8552,1983.1238,1494.9796
2023-08,2044.2832,2259.2334,1613.6846,2230.5776,1503.1732,2079.2711,2281.5545,1979.0901,1458.9608,1937.7153,1626.7843,2283.6173,1702.3856,2436.0941,2116.751,1599.0767,2253.9149,1630.3102
2023-09,2304.9242,2583.3826,1799.9953,2581.0642,1630.2974,2342.3942,2499.2627,2193.7362,1598.7345,2230.9342,1759.2371,2586.0182,1901.2072,2794.0242,2400.9928,1732.073,2559.1874,1802.2382
2023-10,2496.273,2782.4454,1977.1526,2864.6053,1757.5929,2592.8927,2626.9102,2349.1266,1800.8697,2438.4348,1875.3143,2813.2083,2046.9768,3006.9009,2612.5451,1846.7566,2777.8623,1942.28
2023-11,2816.0628,3218.3702,2209.6412,3151.4751,1881.818,2915.5922,3043.8555,2593.1752,2074.7351,2760.0532,2031.1533,3151.623,2282.6739,3392.0317,2962.7206,2032.4708,3160.805,2140.1777
2023-12,3533.1922,4173.6759,2656.6774,3694.929,2141.8205,3810.0606,4035.9697,3414.0727,2398.1411,3317.3409,2157.4419,3831.9303,3029.3357,3942.5343,3799.9487,2452.7844,4091.9271,2440.8926
2024-01,4261.5,5024.9656,3215.0859,4135.7944,2441.8481,4660.7816,4861.4923,4311.5901,3000.0919,4113.85,2176.0052,4577.1896,4373.2672,4581.5309,4568.1649,3104.5367,4956.9526,2899.856
2024-02,4825.7881,5622.8372,3783.276,4434.676,2935.5879,5142.1336,5521.4252,5243.4233,3741.4942,4466.7506,2392.1354,5088.0444,5098.6735,4979.8267,5129.5988,3759.784,5545.827,3410.2062
2024-03,5357.0929,6216.0451,4248.8502,4919.1559,3324.6647,5400.7512,6195.6447,5923.314,4338.0607,4846.7452,3653.0356,5511.0135,5586.4345,5534.7104,5612.3991,4441.3132,6086.8421,3937.9689
2024-04,5830.2271,6590.0877,4481.9882,5392.8345,4509.3648,5751.7902,6761.4824,6293.903,4952.6903,5192.8995,3966.8821,5912.6182,5903.8543,6085.2438,5965.8926,5258.2523,6468.376,4589.5245
2024-05,6073.7165,6909.5535,4781.4925,5584.1343,4623.3551,5937.4758,6807.8755,6544.312,5359.4587,5429.4701,4269.9374,6240.627,6157.7063,6521.1762,6188.6726,5469.5466,6720.9784,4817.0114
2024-06,6351.7145,7117.2232,4880.2257,5736.1025,5283.2155,6073.2079,7130.9268,6801.4888,5644.1836,5734.3613,4514.8581,6632.3116,6327.35,6811.1236,6414.6575,5910.154,6928.333,5235.4595
2024-07,6607.7479,7345.4071,5178.7502,5829.6937,5600.4988,6282.946,7548.0608,6978.9894,5844.002,6059.3057,4704.182,7061.2046,6545.9203,7156.7976,6657.49,6166.198,7148.9486,5570.5076
2024-08,6883.4412,7611.7813,5336.2611,5949.5541,5995.2852,6550.7845,7860.4897,7334.9917,6127.5967,6282.238,5013.1678,7403.1627,6694.7187,7266.119,6931.7976,6529.3696,7376.383,5933.3964
2024-09,7122.2421,7787.1421,5453.5896,6308.9971,6433.362,6727.2351,8122.6169,7585.411,6310.1757,6416.1845,5229.2692,7673.8443,6918.4736,7479.6823,7157.9271,6825.2577,7600.0603,6204.7132
2024-10,7313.9542,7880.5855,5617.0301,6588.1894,6780.4099,6903.0355,8412.0394,7677.7334,6440.16,6599.9443,5409.7822,8000.7985,7112.7304,7581.5911,7366.7823,7009.2808,7756.8184,6469.062
2024-11,7491.4314,7952.0427,5841.4971,6713.0284,7083.0305,7007.1565,8657.936,7939.9441,6539.2377,6798.7313,5686.2954,8290.1033,7275.1468,7490.4606,7566.7782,7257.6652,7880.4798,6752.9707
2024-12,7694.0075,8127.7647,5987.6081,6817.1412,7457.2259,7073.5091,8840.1889,8118.1059,6869.1427,6988.4998,5812.5191,8670.0443,7430.8945,7385.2224,7808.7094,7502.5373,8031.8883,7053.1491
2025-01,7864.1257,8278.1147,6132.7085,6772.1731,7757.8158,7187.8539,9050.371,8217.8419,7030.3817,7160.6092,5844.2136,9132.8654,7614.4036,7411.5104,7995.938,7698.607,8154.7531,7320.2711
2025-02,8052.9927,8546.6547,6212.9468,6800.5997,8048.663,7260.6442,9236.2844,8359.8681,7191.0294,7370.3538,5980.8655,9339.177,7837.1446,7350.8325,8229.4476,7877.3099,8327.207,7545.3964
2025-03,8353.3158,9051.2822,6262.1312,7112.5925,8279.5282,7368.221,9406.4734,8502.5399,7371.0947,7382.2025,7275.3457,9702.5819,8084.5484,7971.2748,8492.1966,8129.994,8629.4258,7844.6013
2025-04,8585.6078,9318.2093,6440.2537,7385.4063,8435.1033,7437.0978,9641.606,8644.5585,7577.0727,7676.2045,7455.8399,10102.2226,8290.2259,8121.3082,8765.1966,8273.8986,8862.2757,8081.0711
2025-05,8714.4871,9365.3121,6477.8365,7453.7558,8641.5515,7540.4993,9905.8259,8676.0013,7889.7331,7807.3673,7595.3193,10406.4718,8504.0579,7899.4762,8957.7912,8382.4957,8942.4266,8302.8934
2025-06,8855.5681,9418.0826,6658.8334,7490.0195,8939.0041,7683.5823,10119.3057,8816.3323,8030.954,8000.1427,7875.8853,10624.8993,8588.9464,7882.5607,9111.304,8569.0645,9017.1201,8566.1693
2025-07,9023.973,9596.7407,6701.1649,7420.9382,9071.797,7801.8271,10234.5966,9061.1273,8214.616,8384.8501,8027.0607,10917.6195,8772.9432,8201.9212,9246.0737,8766.629,9139.3674,8827.7358
2025-08,9193.2441,9729.0211,6932.52,7401.8179,9314.2826,7874.7486,10410.6938,9384.5631,8369.2742,8429.7057,8230.8327,11291.3028,8970.2821,8137.0132,9435.1467,9000.5641,9288.4688,9044.8689
2025-09,9384.0922,9910.131,7042.0634,7553.7487,9605.6566,8048.6896,10648.1896,9663.0675,8550.2948,8542.3767,8483.1542,11412.4415,9162.4211,8316.258,9614.0254,9237.6711,9472.1622,9256.5425
2025-10,9603.8623,10136.6605,7209.6846,7736.2575,9874.9092,8179.996,10842.673,9997.0294,8739.731,8680.0313,8626.8402,11665.8824,9386.3089,8548.5791,9827.1413,9474.6115,9687.5801,9490.5471
2025-11,9841.3581,10421.9128,7293.6616,7776.5032,10213.7353,8271.6454,11102.6118,10299.7148,8974.1837,8892.1372,8819.1806,11952.2159,9621.3785,8584.9379,10086.4793,9748.309,9908.218,9762.7718
2025-12,10121.3715,10748.4071,7499.3541,7861.3245,10561.7634,8436.8959,11335.1633,10712.0821,9271.0637,9118.0448,8851.3058,12333.0229,9875.41,8637.1055,10392.4922,10069.0986,10162.6429,10090.5744
2026-01,10413.0309,11251.1166,7612.5319,7825.2642,10879.7233,8591.3743,11600.3264,10909.2325,9607.476,9211.9913,8906.6187,12843.2705,10144.8418,9130.0503,10665.8531,10313.8016,10447.6709,10401.8561
2026-02,10714.6255,11624.9808,7659.9125,7824.4543,11614.1853,8811.537,11886.5002,11124.8788,9784.5611,9427.9443,9010.4,13228.6515,10476.9884,9013.6124,10993.8681,10752.23,10692.0487,10822.7791
2026-03,11077.0608,12014.7,7823.3561,8067.5324,12045.2252,8925.2054,12201.3116,11583.956,10069.9375,9763.4636,10103.1575,13684.7468,10653.9253,9107.887,11344.4566,11298.7045,11012.1275,11271.9282
2026-04,11363.0904,12194.882,7969.9785,8326.6612,12470.6962,9182.794,12508.3899,12091.593,10478.7314,9860.2728,10532.1344,14041.1974,10914.151,9103.5096,11603.8447,11828.0421,11289.6872,11566.6891
2026-05,11607.3937,12494.9767,8033.2555,8350.2424,12790.0776,9312.2108,12832.0291,12330.5017,10838.4277,10132.3705,10840.9295,14291.4848,11171.6219,9420.5342,11824.7213,12111.4533,11514.1432,11856.0739
2026-06,11826.4103,12657.4575,8201.663,8384.717,13213.1497,9455.0367,13200.749,12531.7975,10933.5551,10556.461,11025.3986,14524.0788,11373.1428,9738.5609,12010.3199,12389.4344,11669.7596,12197.4173
