ym,Nivel general,Alimentos y bebidas no alcohólicas,Bebidas alcohólicas y tabaco,Prendas de vestir y calzado,"Vivienda, agua, electricidad y otros combustibles",Equipa-miento y manteni-miento del hogar,Salud,Transporte,Comunicaciones,Recreación y cultura,Educación,Restaurantes y hoteles,Otros bienes y servicios,Estacional,Núcleo,Regulados,Bienes,Servicios
1975-12,5.695516966419e-10,,,,,,,,,,,,,,,,,
1976-01,6.2023890883303e-10,,,,,,,,,,,,,,,,,
1976-02,7.3799275917708e-10,,,,,,,,,,,,,,,,,
1976-03,1.01526467013515e-09,,,,,,,,,,,,,,,,,
1976-04,1.35967290545211e-09,,,,,,,,,,,,,,,,,
1976-05,1.52408483825931e-09,,,,,,,,,,,,,,,,,
1976-06,1.56572234633658e-09,,,,,,,,,,,,,,,,,
1976-07,1.63211429531335e-09,,,,,,,,,,,,,,,,,
1976-08,1.72212036545527e-09,,,,,,,,,,,,,,,,,
1976-09,1.90390633643698e-09,,,,,,,,,,,,,,,,,
1976-10,2.06497649891162e-09,,,,,,,,,,,,,,,,,
1976-11,2.22921421620386e-09,,,,,,,,,,,,,,,,,
1976-12,2.54902638836221e-09,,,,,,,,,,,,,,,,,
1977-01,2.75377713177147e-09,,,,,,,,,,,,,,,,,
1977-02,2.98109670325608e-09,,,,,,,,,,,,,,,,,
1977-03,3.20605644640159e-09,,,,,,,,,,,,,,,,,
1977-04,3.39877048150399e-09,3.17762763748991e-09,,8.73593969734959e-09,3.19706263449333e-09,3.3180024471261e-09,2.71559262940804e-09,4.69305843665767e-09,,,,,3.45940246476181e-09,,,,,
1977-05,3.61954905229028e-09,3.38470571207622e-09,,9.13170350242684e-09,3.70600313487529e-09,3.49668781568071e-09,2.7230571501046e-09,4.8297494590846e-09,,,,,3.53851561884161e-09,,,,,
1977-06,3.8963458300257e-09,3.71865556475414e-09,,9.49104732544179e-09,3.85440261541719e-09,3.78320056181138e-09,3.02462378624557e-09,4.93859601398011e-09,,,,,3.70932811060479e-09,,,,,
1977-07,4.1827878121807e-09,3.9461497875391e-09,,9.97907508507693e-09,4.39421817550922e-09,4.09203357510029e-09,3.28737491476444e-09,5.04491125364549e-09,,,,,4.13546032689822e-09,,,,,
1977-08,4.65701828169675e-09,4.33697319591326e-09,,1.07390387107774e-08,5.15912288058426e-09,4.54492396483081e-09,3.57699831779092e-09,6.32575676009036e-09,,,,,4.41954847109384e-09,,,,,
1977-09,5.04341245612092e-09,4.70446386348899e-09,,1.15645583041901e-08,5.47285332602519e-09,4.97929885344041e-09,3.97112501056922e-09,6.50294882619933e-09,,,,,5.14415304141556e-09,,,,,
1977-10,5.67350246043666e-09,5.26736623525177e-09,,1.38517331777041e-08,6.13816106429359e-09,5.50073664748715e-09,4.30328125252468e-09,7.75341854988269e-09,,,,,5.63141814949792e-09,,,,,
1977-11,6.18629790985694e-09,5.74422912532024e-09,,1.52308364984641e-08,6.6201904642444e-09,6.10302957080481e-09,4.77206808130996e-09,8.11792794302114e-09,,,,,6.48727863454297e-09,,,,,
1977-12,6.63856138671293e-09,6.03297179270115e-09,,1.61146280631765e-08,7.19090100343983e-09,6.61597980984521e-09,5.23783924373383e-09,9.45446238452879e-09,,,,,6.84238881478744e-09,,,,,
1978-01,7.52531835789834e-09,6.63524816456133e-09,,1.6670639789328e-08,9.06531591874092e-09,7.46319491937141e-09,5.94474428273933e-09,1.17858037114768e-08,,,,,7.70184535229064e-09,,,,,
1978-02,7.99221593801162e-09,7.03336305443498e-09,,1.73868994365537e-08,9.35414712248021e-09,7.99694043837286e-09,6.44337426526945e-09,1.22996607031929e-08,,,,,8.54601866684665e-09,,,,,
1978-03,8.75084531682534e-09,7.70417935239065e-09,,1.8581474848198e-08,9.8640835925302e-09,8.70012897927958e-09,7.28537219984126e-09,1.30868997397627e-08,,,,,9.5637015125094e-09,,,,,
1978-04,9.71995871326814e-09,8.66811320662691e-09,,2.1793717266095e-08,1.07246013857396e-08,9.56274799988804e-09,7.9527003501136e-09,1.42095380443246e-08,,,,,1.05957685680049e-08,,,,,
1978-05,1.05647455831204e-08,9.49788380127208e-09,,2.33646324923833e-08,1.13221831865795e-08,1.07010970288696e-08,8.69019499493361e-09,1.53663491044932e-08,,,,,1.1600865230064e-08,,,,,
1978-06,1.12505212011295e-08,1.0057869580435e-08,,2.44038159805616e-08,1.19098052907387e-08,1.13881114631399e-08,9.57100843712749e-09,1.62206679946615e-08,,,,,1.26976612298066e-08,,,,,
1978-07,1.19928376726325e-08,1.0466192544408e-08,,2.56493793670931e-08,1.32702998573175e-08,1.21998975771767e-08,1.02114643128923e-08,1.75091074467967e-08,,,,,1.40569690589958e-08,,,,,
1978-08,1.29291668767132e-08,1.14257515097446e-08,,2.70017747010074e-08,1.41826080732664e-08,1.30193856467548e-08,1.09340299163191e-08,1.84532880276345e-08,,,,,1.51627551898837e-08,,,,,
1978-09,1.37555819286234e-08,1.22073983264929e-08,,2.88057778124946e-08,1.49634482930305e-08,1.39436203116924e-08,1.17491555763834e-08,1.94911272719871e-08,,,,,1.61318913273612e-08,,,,,
1978-10,1.50976749048379e-08,1.35300730705055e-08,,3.37977433538372e-08,1.60311277771977e-08,1.49448745320415e-08,1.25642812364476e-08,2.13187368681396e-08,,,,,1.74732188942595e-08,,,,,
1978-11,1.64253555066323e-08,1.48862886294158e-08,,3.82385531666366e-08,1.73975981617849e-08,1.58952958458191e-08,1.34868959945422e-08,2.23996084714044e-08,,,,,1.85700148940021e-08,,,,,
1978-12,1.79137895154196e-08,1.62789615958237e-08,,4.06374159851415e-08,1.90608675074559e-08,1.70921797369133e-08,1.4515506946528e-08,2.49714247452147e-08,,,,,2.03123023099866e-08,,,,,
1979-01,2.02015559824267e-08,1.87974393057572e-08,,4.2397715118154e-08,2.17260823392017e-08,1.86664594495237e-08,1.60069181817004e-08,2.75989299540877e-08,,,,,2.2887075870038e-08,,,,,
1979-02,2.17051942543384e-08,2.02790683464593e-08,,4.53550176616148e-08,2.28953507295118e-08,2.00327863625232e-08,1.79462006586663e-08,2.91227817226249e-08,,,,,2.4305718564787e-08,,,,,
1979-03,2.33873242402216e-08,2.16396587942693e-08,,5.02037312735125e-08,2.46502492846449e-08,2.17364589282249e-08,1.95839164994913e-08,3.12997128205351e-08,,,,,2.59005678299865e-08,,,,,
1979-04,2.50247917031767e-08,2.27202563524979e-08,,5.85050591849183e-08,2.70047215799539e-08,2.36742709423775e-08,2.13530079045757e-08,3.29805061333402e-08,,,,,2.81921522589568e-08,,,,,
1979-05,2.6756652299696e-08,2.42981329489936e-08,,6.18022815609606e-08,2.92914679378346e-08,2.54857708856553e-08,2.31026915558491e-08,3.46967378593672e-08,,,,,2.99497228978885e-08,,,,,
1979-06,2.93507213175645e-08,2.71082699189078e-08,,6.45095002275932e-08,3.111210049106e-08,2.75560565351155e-08,2.53375690523988e-08,3.83747388887434e-08,,,,,3.19131675400507e-08,,,,,
1979-07,3.14498598951838e-08,2.87794774785973e-08,,6.69059350472943e-08,3.43131470042257e-08,2.95585649758137e-08,2.7575432357227e-08,4.05415447257332e-08,,,,,3.52305259327146e-08,,,,,
1979-08,3.50508945895653e-08,3.35962301571788e-08,,6.85812542221614e-08,3.6356876763098e-08,3.19661962779763e-08,2.99581073635685e-08,4.25362211270742e-08,,,,,3.79976882992783e-08,,,,,
1979-09,3.74503173638925e-08,3.56174288288452e-08,,7.14511488086725e-08,3.86057762735921e-08,3.49021817302615e-08,3.29513801628886e-08,4.70394309214722e-08,,,,,4.04843585741045e-08,,,,,
1979-10,3.90759064962816e-08,3.59411706074238e-08,,8.28943071726547e-08,4.11733860778675e-08,3.73683478945367e-08,3.53952642389419e-08,5.06187106568735e-08,,,,,4.40048939306552e-08,,,,,
1979-11,4.10841362506361e-08,3.74461323889243e-08,,8.85466883887277e-08,4.28725103315888e-08,3.96850961213138e-08,3.79608200023491e-08,5.39334679507264e-08,,,,,4.69698391824184e-08,,,,,
1979-12,4.29457082169359e-08,3.87163084661404e-08,,8.98116757656924e-08,4.4418255256428e-08,4.16044234421676e-08,4.09115450336987e-08,6.02630216836619e-08,,,,,4.95661890572188e-08,,,,,
1980-01,4.60419930511338e-08,4.18210212886352e-08,,8.99743516855705e-08,4.70755023308293e-08,4.39196312778364e-08,4.44213626652207e-08,6.41890916055908e-08,,,,,5.46599973642199e-08,,,,,
1980-02,4.85031831444041e-08,4.43015832947711e-08,,9.05036554248765e-08,4.95474990469702e-08,4.5999159273946e-08,4.64666413360777e-08,6.78594986892767e-08,,,,,5.77508044520191e-08,,,,,
1980-03,5.13143880450186e-08,4.65021524113256e-08,,9.22882345459306e-08,5.25931742919175e-08,4.82635342030433e-08,4.9624133590722e-08,7.30309757044286e-08,,,,,6.08685819332543e-08,,,,,
1980-04,5.44835266400212e-08,4.95135342706265e-08,,1.03304065120382e-07,5.54575830572766e-08,5.0880658695925e-08,5.25039456754543e-08,7.66127867550596e-08,,,,,6.46947817487499e-08,,,,,
1980-05,5.7635243683527e-08,5.27203278341145e-08,,1.05948155818106e-07,5.85849278150052e-08,5.35178082732137e-08,5.52777615662956e-08,8.06173274491226e-08,,,,,6.75644316103716e-08,,,,,
1980-06,6.09421709130947e-08,5.59300379902021e-08,,1.08111502752608e-07,6.29233716891028e-08,5.60733171217662e-08,5.79082586597628e-08,8.49382825469516e-08,,,,,7.07181696161885e-08,,,,,
1980-07,6.37296191525773e-08,5.78360312541763e-08,,1.10478801586659e-07,6.74968644048638e-08,5.96762919239146e-08,6.05044189580259e-08,8.91807668726464e-08,,,,,7.50208463823921e-08,,,,,
1980-08,6.59104806444905e-08,5.90580835534955e-08,,1.12525604578562e-07,7.15604206505753e-08,6.24921268697583e-08,6.48024899751044e-08,9.12412574699712e-08,,,,,7.97226849714523e-08,,,,,
1980-09,6.89054037245256e-08,6.12017791143536e-08,,1.15186691267916e-07,7.51100565475643e-08,6.55005107041304e-08,6.88273595346888e-08,9.93161530540801e-08,,,,,8.35578749180928e-08,,,,,
1980-10,7.41524582798696e-08,6.53579235690791e-08,,1.33151454419859e-07,8.44701794880522e-08,6.95440373632322e-08,7.524535442959e-08,1.04429409818939e-07,,,,,8.76340003794314e-08,,,,,
1980-11,7.76209308051348e-08,6.83284731319824e-08,,1.36914852566299e-07,8.93145759535279e-08,7.3374990049399e-08,7.83774673138662e-08,1.0859848600296e-07,,,,,9.21002975324817e-08,,,,,
1980-12,8.05810107821762e-08,7.0361338174048e-08,,1.38988363545047e-07,9.28423005178193e-08,7.61430728708871e-08,8.37429647905526e-08,1.16587316869245e-07,,,,,9.5363715138273e-08,,,,,
1981-01,8.45262003074889e-08,7.38481246271178e-08,,1.40508290796448e-07,9.81428510912687e-08,7.883721691918e-08,8.8902441496014e-08,1.19503392014352e-07,,,,,1.02972962139765e-07,,,,,
1981-02,8.8058023929106e-08,7.67209683379276e-08,,1.43883209134223e-07,1.0144947038925e-07,8.24263282013544e-08,9.41425350249982e-08,1.26515135201807e-07,,,,,1.07539948761645e-07,,,,,
1981-03,9.33320027003994e-08,8.10666913116402e-08,,1.49613286312029e-07,1.06787867810086e-07,8.67394233043967e-08,1.004276614515e-07,1.35146920136545e-07,,,,,1.13329593219302e-07,,,,,
1981-04,1.00696567651305e-07,8.64769705842827e-08,,1.77535272559811e-07,1.14695866974533e-07,9.49497079112597e-08,1.08071330644776e-07,1.48714769770031e-07,,,,,1.22068000692661e-07,,,,,
1981-05,1.08282861439442e-07,9.44684343077543e-08,,1.8566906855373e-07,1.21109911636882e-07,1.01588793587728e-07,1.15087980099542e-07,1.57068110029455e-07,,,,,1.31273894985582e-07,,,,,
1981-06,1.1843487462983e-07,1.04530678777089e-07,,1.93171584858569e-07,1.31248882857798e-07,1.1060008157087e-07,1.24343985763274e-07,1.72534446085538e-07,,,,,1.41684466851991e-07,,,,,
1981-07,1.30566609581214e-07,1.15599147693357e-07,,2.00261341366702e-07,1.41427692865437e-07,1.21506050617134e-07,1.33346197723324e-07,1.90506784219448e-07,,,,,1.64033932879533e-07,,,,,
1981-08,1.40908676060658e-07,1.2433434252978e-07,,2.05918578580383e-07,1.55709897905511e-07,1.29608507846421e-07,1.44169752733334e-07,2.06909706910679e-07,,,,,1.79173313728438e-07,,,,,
1981-09,1.50981500380606e-07,1.31859151437282e-07,,2.16019053605668e-07,1.70191296879197e-07,1.380652550306e-07,1.55351604736779e-07,2.27109602447101e-07,,,,,1.9736933916679e-07,,,,,
1981-10,1.59771464999428e-07,1.36656946263965e-07,,2.57149353348053e-07,1.7923470146524e-07,1.47584872079458e-07,1.67533702513563e-07,2.45208506342518e-07,,,,,2.14432608080818e-07,,,,,
1981-11,1.71285526761382e-07,1.48702473701169e-07,,2.71037506507819e-07,1.86923587302713e-07,1.55564098020086e-07,1.8226866636857e-07,2.60826721312409e-07,,,,,2.28744896864344e-07,,,,,
1981-12,1.86363087693127e-07,1.6592495300303e-07,,2.84707139775212e-07,1.9662433186968e-07,1.65299369824096e-07,1.91868039984344e-07,2.80950677391928e-07,,,,,2.3825645561621e-07,,,,,
1982-01,2.08583484738548e-07,1.88470213799539e-07,,3.02771450878124e-07,2.1640428947748e-07,1.80472222240155e-07,2.0708073316393e-07,3.16439716918326e-07,,,,,2.69416250166274e-07,,,,,
1982-02,2.19606575503774e-07,1.96622090116001e-07,,3.21102841849494e-07,2.33734161701837e-07,1.93457719282529e-07,2.2504036995985e-07,3.23805844237999e-07,,,,,2.91585913570906e-07,,,,,
1982-03,2.29964479757306e-07,2.04584387913474e-07,,3.41036712031607e-07,2.43693858382501e-07,2.05241711260484e-07,2.41029373291879e-07,3.31070718948467e-07,,,,,3.10069623205912e-07,,,,,
1982-04,2.3959384640279e-07,2.10752981262066e-07,,4.14483675857295e-07,2.5281694054199e-07,2.16471162439476e-07,2.42791000176267e-07,3.37120562348473e-07,,,,,3.35224010150828e-07,,,,,
1982-05,2.4692673580552e-07,2.16644498313677e-07,,4.29658668383263e-07,2.59171227024254e-07,2.27962480106868e-07,2.52315728585076e-07,3.46106731415428e-07,,,,,3.47594430606941e-07,,,,,
1982-06,2.66423035707809e-07,2.39073095406194e-07,,4.43692501471279e-07,2.70007377012817e-07,2.44752743186568e-07,2.62571980022147e-07,3.55346032005396e-07,,,,,3.84346086729463e-07,,,,,
1982-07,3.09739347838404e-07,2.89705142938847e-07,,4.88974679168771e-07,2.96659525330276e-07,2.9070260994505e-07,2.85950858843769e-07,4.00935019300005e-07,,,,,4.16908341738213e-07,,,,,
1982-08,3.55241272793138e-07,3.28393743775289e-07,,5.72594957983866e-07,3.40402513151755e-07,3.42613790292381e-07,3.19735279516394e-07,4.63331939722665e-07,,,,,4.96812627358803e-07,,,,,
1982-09,4.15868272001882e-07,3.96000360238817e-07,,6.68452350771905e-07,3.81814931949958e-07,3.96789345568809e-07,3.56087495308635e-07,5.60711636625697e-07,,,,,5.34804921579394e-07,,,,,
1982-10,4.68639735262994e-07,4.43686649245664e-07,,8.96902758254845e-07,4.38386009096133e-07,4.46744229208688e-07,3.75196668291825e-07,6.34752607106946e-07,,,,,5.82200892978106e-07,,,,,
1982-11,5.21807142876305e-07,4.88485511578704e-07,,1.00407462547024e-06,4.96132330450626e-07,5.00719533641046e-07,4.24059420771498e-07,7.38182147409986e-07,,,,,6.33462620769352e-07,,,,,
1982-12,5.77223514410108e-07,5.28384498344066e-07,,1.10872137392933e-06,5.52882682137053e-07,5.62088715392905e-07,4.77639750331396e-07,8.80264871277082e-07,,,,,7.14805327373215e-07,,,,,
1983-01,6.69462710698437e-07,6.15255208929321e-07,,1.2064726057846e-06,6.5853514452554e-07,6.37413840585322e-07,5.49239432852786e-07,1.03176408780025e-06,,,,,8.18641342102938e-07,,,,,
1983-02,7.56728845923147e-07,7.03919623963462e-07,,1.32495894742737e-06,7.35025615033045e-07,7.35998871512001e-07,6.11642825876017e-07,1.16035490149076e-06,,,,,9.12498311261239e-07,,,,,
1983-03,8.41936070516414e-07,7.73480357468861e-07,,1.48787766718616e-06,8.43187920985064e-07,8.22568851794497e-07,6.75091251796766e-07,1.30084289676288e-06,,,,,1.01534541156497e-06,,,,,
1983-04,9.28410317036724e-07,8.2977059464514e-07,,1.95623863650766e-06,9.31430833575755e-07,9.24234664937632e-07,7.49587168348422e-07,1.4828444618091e-06,,,,,1.11495606465634e-06,,,,,
1983-05,1.01250889744384e-06,8.87810787381304e-07,,2.11575815794064e-06,1.05552865421684e-06,1.01542581854482e-06,8.32294057666292e-07,1.65117692461262e-06,,,,,1.23020954594077e-06,,,,,
1983-06,1.17278717121408e-06,1.06397298040966e-06,,2.35613003955198e-06,1.21667654650999e-06,1.13110919077284e-06,9.2903424589369e-07,1.85191022236179e-06,,,,,1.34438421148774e-06,,,,,
1983-07,1.31881144830515e-06,1.17028278067263e-06,,2.5678515352743e-06,1.40391884410648e-06,1.28745888825813e-06,1.04443573586249e-06,2.12706418787673e-06,,,,,1.54846018848902e-06,,,,,
1983-08,1.54624188420838e-06,1.40302687013724e-06,,2.81623581293935e-06,1.63538219496513e-06,1.48832588877123e-06,1.20522151166636e-06,2.44525051230384e-06,,,,,1.77824794056623e-06,,,,,
1983-09,1.87661785168341e-06,1.77124668586289e-06,,3.14814324946733e-06,1.85947537028008e-06,1.75173276827846e-06,1.3754125835479e-06,2.87253652314948e-06,,,,,2.18280384211063e-06,,,,,
1983-10,2.19511548859246e-06,2.03898988652519e-06,,4.69477848771405e-06,2.15288803449246e-06,2.11002774005262e-06,1.5823290972565e-06,3.15604382892384e-06,,,,,2.5870001384092e-06,,,,,
1983-11,2.61735054577771e-06,2.39948073186136e-06,,5.57250005541607e-06,2.68593100084163e-06,2.58955149204443e-06,1.8547841026809e-06,3.75647180151024e-06,,,,,3.17099905761639e-06,,,,,
1983-12,3.08060543785079e-06,2.72234753266002e-06,,6.50509439609199e-06,3.38310976848815e-06,3.14455440833948e-06,2.15933654710049e-06,4.74317847821421e-06,,,,,3.78718264632423e-06,,,,,
1984-01,3.46688874785635e-06,3.09742134099522e-06,,7.13103248780313e-06,3.71297492255176e-06,3.54443994003583e-06,2.43641955535675e-06,5.27019830912691e-06,,,,,4.18400703508355e-06,,,,,
1984-02,4.05447016651999e-06,3.80615334274836e-06,,7.93227209317429e-06,4.03168521633303e-06,3.96342632147422e-06,2.7603797535874e-06,5.87771396435767e-06,,,,,4.67307016939499e-06,,,,,
1984-03,4.87645064168556e-06,4.73508808578695e-06,,9.12927550362267e-06,4.46393605227388e-06,4.66430427571859e-06,3.27244587337132e-06,6.78392481674356e-06,,,,,5.36531026759317e-06,,,,,
1984-04,5.77920376469977e-06,5.50215193953622e-06,,1.27397097254011e-05,5.22087300000438e-06,5.85348621127166e-06,3.92185917397193e-06,8.07489558410891e-06,,,,,6.23555496247086e-06,,,,,
1984-05,6.76589709038024e-06,6.29400683038389e-06,,1.58208402078738e-05,6.099318247239e-06,7.29067111524972e-06,4.70264803883196e-06,9.74050100553332e-06,,,,,7.24784372944637e-06,,,,,
1984-06,7.97748680810981e-06,7.28127342541861e-06,,1.86421748183018e-05,7.28452215223807e-06,8.79871401020628e-06,5.67303572938459e-06,1.19047755272929e-05,,,,,8.68626471271536e-06,,,,,
1984-07,9.43614580161175e-06,8.39103690964525e-06,,2.13688174753679e-05,8.72867817093445e-06,1.03391051184357e-05,7.05098624996932e-06,1.51499216523173e-05,,,,,1.0180424509086e-05,,,,,
1984-08,1.15916668549843e-05,1.0511399729705e-05,,2.42727040451372e-05,1.06110608435801e-05,1.2557268314286e-05,8.74543244808817e-06,1.88532358339948e-05,,,,,1.21366770463317e-05,,,,,
1984-09,1.47845621111188e-05,1.41469324053647e-05,,2.86892338698951e-05,1.26089759977214e-05,1.52945433136096e-05,1.06668000753823e-05,2.24375781998563e-05,,,,,1.5000932829266e-05,,,,,
1984-10,1.76416965565883e-05,1.65677042632047e-05,,4.46800339940598e-05,1.46885606646442e-05,1.78485117710539e-05,1.3298790072989e-05,2.62041752622871e-05,,,,,1.73905096877216e-05,,,,,
1984-11,2.02834372744615e-05,1.85495289347736e-05,,4.98856634301679e-05,1.75390258546503e-05,2.0762931747824e-05,1.57008728331415e-05,3.08238255572711e-05,,,,,2.09164391229596e-05,,,,,
1984-12,2.42745563446296e-05,2.21383961288363e-05,,5.52539687861546e-05,2.11882587184458e-05,2.40578283283266e-05,1.94092467151918e-05,3.71850207305832e-05,,,,,2.59688928266918e-05,,,,,
1985-01,3.0376850700724e-05,2.83055311811286e-05,,6.02143703430431e-05,2.66919871041811e-05,2.96987405666626e-05,2.47224925470023e-05,4.66268265389613e-05,,,,,3.22026497629335e-05,,,,,
1985-02,3.66644470136475e-05,3.38616400837613e-05,,6.83724463250038e-05,3.29466766196385e-05,3.65534809982834e-05,3.22168713263472e-05,5.64989559364613e-05,,,,,3.88733270728433e-05,,,,,
1985-03,4.63730025295723e-05,4.23489245492002e-05,,8.09252001424851e-05,4.40019399351762e-05,4.66738505793505e-05,4.07562830032104e-05,7.10540185096985e-05,,,,,4.88883331688533e-05,,,,,
1985-04,6.00410015674891e-05,5.41319586524212e-05,,0.000110571065541217,5.82044674018039e-05,6.06143901088265e-05,5.23113610414831e-05,9.33802188394293e-05,,,,,6.52863323781194e-05,,,,,
1985-05,7.51027247251478e-05,6.48650194197116e-05,,0.000137011972518465,7.59526468867484e-05,8.02235689165863e-05,6.7942067380077e-05,0.000123781314753269,,,,,8.52084629963943e-05,,,,,
1985-06,9.80358216045264e-05,8.32249698354975e-05,,0.000159616641385148,0.000107624482331262,0.000101126676255259,8.96936806898491e-05,0.000166990865731557,,,,,0.00011661998121853,,,,,
1985-07,0.000104101689080218,8.66082172512741e-05,,0.000162554519938175,0.000111150214956217,0.000107442279799,9.91437638916922e-05,0.000177976773830313,,,,,0.000134186697476702,,,,,
1985-08,0.000107300919445988,9.15372587449481e-05,,0.000161656160380638,0.000110771746482352,0.000109259941306711,0.00010459286400018,0.000178356471114833,,,,,0.000135876842132043,,,,,
1985-09,0.000109439018947864,9.41476091217754e-05,,0.000163040119699006,0.000110572552548738,0.000110985179347927,0.000109370157245978,0.000179900573405211,,,,,0.000138376098590473,,,,,
1985-10,0.000111561280675651,9.5212165420705e-05,,0.000207084018006377,0.000110094487108066,0.000111971029657194,0.000113923514870878,0.000180103078623621,,,,,0.000138825605147744,,,,,
1985-11,0.000114206188948342,9.87412424664719e-05,,0.000209851936643114,0.000110273761648318,0.00011267960956698,0.000119671195807229,0.000180457462755839,,,,,0.000141001216884939,,,,,
1985-12,0.000117833039214487,0.000103378624700165,,0.000211794335686438,0.000110353439221763,0.000113465209032177,0.000126195186896021,0.000180710594278852,,,,,0.000144327565408748,,,,,
1986-01,0.00012139653838428,0.0001073889395249,,0.00021213425551902,0.000110711988302268,0.00011495938840716,0.000132301164825806,0.000181039665258769,,,,,0.000147528052096522,,,,,
1986-02,0.000123455449015716,0.000109693047678748,,0.00021135729590169,0.000111110376169495,0.000115760391783438,0.000140900292668242,0.000181216857324877,,,,,0.000149236177014153,,,,,
1986-03,0.000129188723235561,0.000116561623251294,,0.000213615334789554,0.00011314215429235,0.000116761646003788,0.000148066232536938,0.000190278965848736,,,,,0.000152616466324835,,,,,
1986-04,0.000135302104033517,0.000122321893635913,,0.000245009359327278,0.000118420793533102,0.00012033535337488,0.000153052532362239,0.000194253130760038,,,,,0.000158999459438091,,,,,
1986-05,0.000140750298319778,0.000126871778091612,,0.000250909396421374,0.000124356772754778,0.000125464855765284,0.000162099531446468,0.000199594205895608,,,,,0.000162397729011064,,,,,
1986-06,0.000147148759051317,0.000132544550698237,,0.000258946072463127,0.000130691139843681,0.000129793354779408,0.000170325433254076,0.000210782619212775,,,,,0.000171351899631913,,,,,
1986-07,0.00015711071895265,0.000140565180347707,,0.000265841589066928,0.000141188660145102,0.000135569821435269,0.000179327645214125,0.000224401095150865,,,,,0.000186365418644783,,,,,
1986-08,0.00017090542018327,0.000156314780386665,,0.000270794706627404,0.000152004890740303,0.00014558236363876,0.000195525655125658,0.000241791230781845,,,,,0.000196380424740793,,,,,
1986-09,0.000183258883971886,0.000168637384120851,,0.000280385301903816,0.000160590149279036,0.000157150700861562,0.000210469625560168,0.000262775834039608,,,,,0.000217633094768592,,,,,
1986-10,0.000194361163607552,0.000176789260437312,,0.000340235472426236,0.000171565735021129,0.000165807698889811,0.000224517853511091,0.000277837159658871,,,,,0.000230435041519685,,,,,
1986-11,0.000204655716764731,0.000186253603423686,,0.000351331426961224,0.00018058922021381,0.000171953859411647,0.00023710303540549,0.000291177190921647,,,,,0.000242499797516854,,,,,
1986-12,0.000214348434506569,0.000192290950105287,,0.000360873462261553,0.000190608675074559,0.000179347736731148,0.000251509560349848,0.000309706418406185,,,,,0.000257585237578887,,,,,
1987-01,0.000230597990720824,0.00020751556347628,,0.00036881301835114,0.000205169751621691,0.00019131657564209,0.000272156424596529,0.000328817848393653,,,,,0.000284627552064343,,,,,
1987-02,0.000245485498363515,0.000221223548695374,,0.000375611415002774,0.000217519775505715,0.000203485665397102,0.000292310630477237,0.000351852816987819,,,,,0.000310159524517367,,,,,
1987-03,0.000265757849196115,0.000242223015413986,,0.000392850206512274,0.000225487532850247,0.000218427459146927,0.000317540710431605,0.000366534445322563,,,,,0.000343243207132552,,,,,
1987-04,0.000274627002685377,0.000249368667283513,,0.000441167382714957,0.000227479472186379,0.000227361727574658,0.000333813365550104,0.000368812629029678,,,,,0.000356188995981973,,,,,
1987-05,0.000286030200028714,0.000260451719162781,,0.000462290972311104,0.000234849647730071,0.00023691215244568,0.0003524746672915,0.000387291230209614,,,,,0.000362302285160866,,,,,
1987-06,0.000308994972456269,0.00028480526737117,,0.000484871361189746,0.000258553725830053,0.000254934728411964,0.000374569648553314,0.000420451459724293,,,,,0.000377585508108098,,,,,
1987-07,0.000340195387409567,0.000313533704479271,,0.000502595752460079,0.00029102233700902,0.000274959812818946,0.000410847219138589,0.000462977555590447,,,,,0.000401319454332036,,,,,
1987-08,0.000386916820969075,0.000365594882385829,,0.000527118540382044,0.000326279663258572,0.000303765126542835,0.000452648535039318,0.000526513567866665,,,,,0.000444112478584287,,,,,
1987-09,0.000432054477119786,0.000412843682502706,,0.00057106531873725,0.000367712001450137,0.000342428943359393,0.000486537459001694,0.000581189976837434,,,,,0.000495176423490335,,,,,
1987-10,0.000516628190749537,0.000465488178929224,,0.000809252001424851,0.000473683174132408,0.000420218694324977,0.000557748986446864,0.000774076197373199,,,,,0.000668865757220059,,,,,
1987-11,0.000569684733944233,0.000499174823456997,,0.000903943954786894,0.00053244538454833,0.000496776132403978,0.000615076505396434,0.000845459286862816,,,,,0.000793468974895732,,,,,
1987-12,0.000589006818331558,0.000518715993875706,,0.000942549135772958,0.000540811529760088,0.000517263334143429,0.000645382459424463,0.000852800101030186,,,,,0.000818461539480029,,,,,
1988-01,0.000642538494748891,0.000575589549571945,,0.000994022710421045,0.000571487395536535,0.000557775620289862,0.000693155391882438,0.00092139874376666,,,,,0.000871323510615163,,,,,
1988-02,0.000709532279140995,0.000635525527497984,,0.00107827426892522,0.000634831066425562,0.000627709376603474,0.000767800598848023,0.00103632045521448,,,,,0.000952234690924044,,,,,
1988-03,0.000814219965862469,0.000727106535131929,,0.00124896258485732,0.000713711864136427,0.000731993854630606,0.000878275505157092,0.00126616387811012,,,,,0.00106011626466922,,,,,
1988-04,0.000954542644281874,0.000843332750234242,,0.00160490720954643,0.00087744927756655,0.000872785601922771,0.000981584471597468,0.00152182671635307,,,,,0.00122499526987642,,,,,
1988-05,0.00110452636489494,0.000944684343077543,,0.00180715950993254,0.00106289882976053,0.00104392305404706,0.0011240075264878,0.00190380218457941,,,,,0.00147510071834231,,,,,
1988-06,0.00130297367421718,0.00111792994350609,,0.00199095901940708,0.00124575886081753,0.00121151760662241,0.00127001355131249,0.00235159184878909,,,,,0.00173905096877216,,,,,
1988-07,0.00163715070747332,0.00144808822580426,,0.00221870530723681,0.00154215943403411,0.00148062393323009,0.00151932854257755,0.00285405792196954,,,,,0.00210782614835773,,,,,
1988-08,0.00208931915768483,0.00187434823426608,,0.00256081033874224,0.00199572402087157,0.00193488527104694,0.00192345769308924,0.00382684236490781,,,,,0.00254960119284421,,,,,
1988-09,0.00233369601186219,0.00211015474596049,,0.0028295898063622,0.00216464047657564,0.00214160575777132,0.00217366842683789,0.00403111950397915,,,,,0.00300324321044265,,,,,
1988-10,0.00254354651852777,0.00233516986503561,,0.00389353888234291,0.00226085114651087,0.00227870056640374,0.00235027898651846,0.00420375520267389,,,,,0.00311436123140018,,,,,
1988-11,0.00268877890691444,0.00246189581349724,,0.00414410835893169,0.00238355460961665,0.00240609091105431,0.00259526455577952,0.00446220248766999,,,,,0.00327438556578885,,,,,
1988-12,0.00287281384181664,0.00262609997686638,,0.00437452544544601,0.00247080155253928,0.00254041301569191,0.00284681890325354,0.00475254434456569,,,,,0.00350866838343878,,,,,
1989-01,0.00312906902655997,0.00288305178490939,,0.00456269535276803,0.00263095347516436,0.00272402763579285,0.00316659896989411,0.00517046448905986,,,,,0.00370231580831136,,,,,
1989-02,0.00342919484552698,0.00316669041524064,,0.00489533118893725,0.00290006447947592,0.00297033617399873,0.00347548083631771,0.00565774267085953,,,,,0.00406749493543876,,,,,
1989-03,0.00401234168744599,0.0037495714463121,,0.00591703308572564,0.00339785011957553,0.00353165469383752,0.00399874373714648,0.00628981208382254,,,,,0.0045855062920385,,,,,
1989-04,0.00535126710884287,0.00496943630118147,,0.009685772829535,0.0048599335922971,0.00550289319503867,0.00502392100961184,0.00805641698292903,,,,,0.00561973097900887,,,,,
1989-05,0.009550336152786,0.00887694123677311,,0.0174463854072555,0.00829423620172383,0.0116957275674533,0.0082587456986725,0.0152853470171291,,,,,0.00954374342136655,,,,,
1989-06,0.0204828308493653,0.0203543166666359,,0.0344717562064356,0.0152275831345019,0.0235715298075722,0.0157250591448225,0.034656999855574,,0.0136754663601375,0.00789537069459306,,0.0211719363696324,,,,,
1989-07,0.0607590897577501,0.0588262098580817,,0.0968606396958669,0.047899566379316,0.068335595007519,0.0456139014533241,0.120904538473362,,0.0440274553880256,0.0186602968482559,,0.0601642968955016,,,,,
1989-08,0.0837632940755622,0.0733477842853527,,0.137222233906712,0.069954523666706,0.0974688609955413,0.0719617161851095,0.151532272113205,,0.0704281088337112,0.0373332407106898,,0.108805041896875,,,,,
1989-09,0.0915996704291675,0.0802013348701272,,0.152605068496597,0.0747385552734225,0.103399213684968,0.0805309791285307,0.154506096272427,,0.0812017834589143,0.0440322896065092,,0.125767803550783,,,,,
1989-10,0.0967249268934535,0.08383410070655,,0.168715808447745,0.0767512150328011,0.108263157391404,0.0855805828932862,0.159312008529741,,0.0900973361329387,0.0479222621062169,,0.131476705889904,,,,,
1989-11,0.103030426489271,0.089287397952996,,0.180039027899577,0.085220147019079,0.117698200486315,0.0911274591696655,0.162219452685409,,0.09879335448216,0.0522850532852958,,0.13560013028918,,,,,
1989-12,0.144317756381559,0.128124600535632,,0.241837418424987,0.109560851214693,0.170374499972676,0.142544122350761,0.228931356257237,,0.141751795324764,0.0618077752118313,,0.16589040051767,,,,,
1990-01,0.258624520353536,0.236680034203954,,0.377944720661649,0.165554063115372,0.31452784108847,0.283441286946151,0.406225707749773,,0.255116069728175,0.0897677921151556,,0.322375313825055,,,,,
1990-02,0.417860664207376,0.373593636010363,,0.571655322502962,0.322395375876128,0.53202490031212,0.43044905500657,0.676936638243935,,0.37258575759032,0.202330015466199,,0.525953243984873,,,,,
1990-03,0.81702483733081,0.717069081787527,,1.19337597784723,0.598057878510168,1.04463317954383,0.805145595146634,1.27746989239715,,0.692843412025408,0.46229456706627,,1.11623985955687,,,,,
1990-04,0.909941887929121,0.729883135122681,,1.36174070076048,0.81022531409254,1.08279328243858,0.980209504781722,1.49265394991834,,0.829652231220629,0.586799634361225,,1.32022953198407,,,,,
1990-05,1.03376160315709,0.833620498295244,,1.48450032347498,0.995043419471662,1.19463338053963,1.11425886361442,1.68296542010783,,0.966926622233975,0.707062205119626,,1.43656900990024,,,,,
1990-06,1.17743262420087,0.96578193056336,,1.66586448423328,1.17361831922951,1.35397620664839,1.27788819697836,1.78652486365251,,1.14477901542755,0.827246403178382,,1.54807736438244,,,,,
1990-07,1.30489433630981,1.07444634245766,,1.82021702458047,1.26381237705706,1.47719521141847,1.46168616050134,1.92346017298418,,1.3354268093524,0.966509525482868,,1.64670483426716,,,,,
1990-08,1.50503517318482,1.26221238969232,,2.0186188221566,1.48884515457446,1.72841702166335,1.70725916648831,2.1685152321047,,1.52187270500134,1.09181908170069,,1.82556820337807,,,,,
1990-09,1.74098501748752,1.44055656483915,,2.3716252689093,1.72306092575626,1.99827844674036,2.02288393752441,2.58032349815337,,1.75605469662765,1.2391573072467,,2.08835481499138,,,,,
1990-10,1.87487393286952,1.52623525913943,,2.57794973910952,1.84927650630284,2.16102977100302,2.24622459004921,2.66970417293891,,1.88852741988614,1.37371582193645,,2.36867655635102,,,,,
1990-11,1.99075265841545,1.59741890887365,,2.70124316955714,1.98108143527159,2.26924576723208,2.42998240418127,2.72804555806257,,2.04491969106788,1.52495941279684,,2.71242272656595,,,,,
1990-12,2.083845668441,1.67410687625081,,2.73523249938012,2.06743353455803,2.41143936760307,2.5961711422545,2.76766778218399,,2.15042134015962,1.60383840130549,,2.8898069093572,,,,,
1991-01,2.24427401548402,1.77418842641022,,2.83815832793088,2.34698832516014,2.63508836011713,2.81870583293216,3.05361956149416,,2.44595154299911,1.65167759529114,,3.05059207223638,,,,,
1991-02,2.85001269738353,2.21242653437265,,3.68759846427808,3.08136456022992,3.5292552794627,3.52103169302893,4.17027725728124,,3.12166791341108,1.86892451389814,,3.69030164884288,,,,,
1991-03,3.16471941511012,2.38285644870957,,4.2524653072905,3.3484841427114,3.9464485886892,3.93104619507736,4.34271923051398,,3.24793458431345,2.86775078424596,,4.19762404983997,,,,,
1991-04,3.33911320069789,2.52062176242411,,4.50675151949384,3.52180682533427,4.05155224647417,4.11236976650876,4.35501944517255,,3.45569772998707,3.19776742297899,,4.6463977600121,,,,,
1991-05,3.4327585402065,2.6299920232058,,4.60980296628485,3.67478391182892,4.12393562519451,4.22881489626036,4.42179772874793,,3.51846063819804,3.18340249718984,,4.75655199510413,,,,,
1991-06,3.53998906065421,2.78583470426974,,4.65474289173105,3.71610853291725,4.20860316169566,4.33516617173457,4.46864873525638,,3.62059679758976,3.18588800804727,,4.88491057888783,,,,,
1991-07,3.63171080652086,2.88758961913974,,4.64004381292508,3.79792316650597,4.28184464183737,4.39577985589116,4.4902155984111,,3.93363821914495,3.19770209538356,,4.96589536598143,,,,,
1991-08,3.67895515859204,2.94818087956786,,4.59898147829742,3.84497853664499,4.37066387492133,4.50048351932363,4.50842363338597,,3.92236283588006,3.22454357115642,,5.00853151743944,,,,,
1991-09,3.74394203313443,3.04024108102548,,4.6200399805156,3.88645720394651,4.41293225309033,4.61580149210082,4.51775002388532,,3.90486899063627,3.24439499421812,,5.15684716620021,,,,,
1991-10,3.79451523251312,3.09702187490058,,4.67443180619104,3.90558537515102,4.48859775502797,4.71494372138516,4.5246004402521,,3.93684610663556,3.25812603818285,,5.21513693302847,,,,,
1991-11,3.80927305143164,3.09161719555705,,4.69812916380317,3.96297103836317,4.52727082590476,4.78246756182152,4.53984128906811,,3.94448671138594,3.2540236693385,,5.25002129836963,,,,,
1991-12,3.83400360403564,3.08969985669276,,4.69542924398688,4.04127824660512,4.52900538385812,4.84209684239361,4.54426883530517,,4.10999385050523,3.26107496667037,,5.27982278648311,,,,,
1992-01,3.9506587773741,3.23876806459609,,4.67249955339845,4.19079389169724,4.58979865741789,4.95170765360383,4.53597133486091,,4.40088781827124,3.26447914683855,,5.35509796749544,,,,,
1992-02,4.03575788030444,3.34281186675528,,4.64008568567183,4.41017179367194,4.63331747749771,5.05686188242316,4.53231379666508,,4.51967396855719,3.3002378393878,,5.41990332433318,,,,,
1992-03,4.12049265821038,3.4258645797067,,4.75883854014407,4.47636223260711,4.78742928063156,5.15845471156742,4.62496700562584,,4.34048273838993,3.56075408253128,,5.52653884870071,,,,,
1992-04,4.17351310206787,3.46539304859945,,4.86961114696544,4.56756448841208,4.85384954279002,5.19298467476355,4.74255918192185,,4.31892970553228,3.61279363675444,,5.56490872938218,,,,,
1992-05,4.20160330496978,3.44884005411106,,4.90704363785947,4.66502400942926,4.90879327203486,5.30908779118518,4.76911118334347,,4.38923766439817,3.66008979510306,,5.60377654082656,,,,,
1992-06,4.23454763429013,3.4748819670196,,4.91988286883076,4.72745526092295,4.97536496385592,5.38599320596391,4.80679511136111,,4.3771370412179,3.69035382443032,,5.62674509105766,,,,,
1992-07,4.30775465858136,3.53184341351232,,4.90247950846405,4.86982155228462,5.0660506822508,5.45763161546119,4.83986562913175,,4.58588178805403,3.76379837359403,,5.67180317774642,,,,,
1992-08,4.37222637966359,3.6154865066677,,4.84598183256678,4.99237336207403,5.1397212131032,5.56954283806904,4.85342042585748,,4.45495778571944,3.98792510459489,,5.72284174485147,,,,,
1992-09,4.4174239261312,3.65665481710489,,4.86081699779968,5.08878904755701,5.17906883429518,5.64020130502525,4.85819314811302,,4.45330110107729,4.13501018570861,,5.73875162858768,,,,,
1992-10,4.47334409977475,3.70870884455205,,4.88922503942084,5.14658396787287,5.24526080476534,5.74731839295568,4.94906737297853,,4.48752311783887,4.17594813168314,,5.76673400964736,,,,,
1992-11,4.49396404641828,3.67977462736354,,4.90299855605393,5.23848977802468,5.27493987143952,5.84215274129695,5.02061837880945,,4.54701981333213,4.2556335076979,,5.78949542068109,,,,,
1992-12,4.50671329792822,3.66541274426304,,4.89941756385817,5.26573296578864,5.30900695674571,5.92646794922009,5.02392410298644,,4.59960931278176,4.29268752397531,,5.80895189926453,,,,,
1993-01,4.54422602937672,3.69972649842047,,4.8468585432018,5.39476736211703,5.33814225326784,6.02901395464482,5.02422945100279,,4.6525078118388,4.2941818927208,,5.85275387261542,,,,,
1993-02,4.57741890696444,3.75599699521076,,4.77982376505543,5.40129478300166,5.37838353890801,6.09391321452732,5.02934071127645,,4.65941873076926,4.326405749911,,5.86793744134548,,,,,
1993-03,4.61183434461947,3.77401290342221,,4.81575581585769,5.46027034108584,5.40171747328058,6.13993779963921,5.05722031276915,,4.63747479479381,4.52505778092466,,5.89119545532675,,,,,
1993-04,4.66004314894184,3.82547468826729,,4.85685217209208,5.52531118141505,5.45252441946999,6.21975181473712,5.07463178770138,,4.6793820909478,4.54644644396636,,5.92355298802311,,,,,
1993-05,4.71999745215589,3.90728518167284,,4.85904438485406,5.69908565629006,5.47599372278337,6.29004745016067,5.09306551468835,,4.69332554311204,4.57040227735978,,5.94214240317142,,,,,
1993-06,4.75394872061074,3.95353877017602,,4.85605833460167,5.71584795356352,5.52137788097969,6.35962188356234,5.10107094311697,,4.73103466387696,4.58188462300052,,5.92634140029536,,,,,
1993-07,4.76924187425899,3.90052560769719,,4.82175583152698,5.76902263708204,5.53010688327276,6.43503879684849,5.09829625896841,,5.08405492620494,4.61669096169762,,5.92402834592476,,,,,
1993-08,4.77000663815861,3.90671715024631,,4.744785871866,5.72859815170218,5.54563301246639,6.51722162601003,5.19125481594551,,4.96131382913655,4.62578272564304,,5.93405999102801,,,,,
1993-09,4.80931550259914,3.9580904711807,,4.73558346341946,5.76830528755193,5.55397311585324,6.58218482751508,5.29653350158225,,4.94735300350041,4.65568234947703,,5.94851326130582,,,,,
1993-10,4.83650179705859,3.99156149018894,,4.74198388722951,5.83618678603645,5.55220414206747,6.63875978034914,5.30640420811073,,4.95751524360124,4.66616947003112,,5.96692740482558,,,,,
1993-11,4.83926663099014,3.9748567102538,,4.73820836123116,5.9054225116788,5.58795186718958,6.65724931836992,5.30688214413632,,4.95701265387834,4.67148448236567,,5.98037153542391,,,,,
1993-12,4.83863145208462,3.95824970621994,,4.73818829720668,5.93202307382203,5.59706173802796,6.68800969986404,5.28240119882559,,4.99431597997811,4.67169169333243,,5.98696679435546,,,,,
1994-01,4.84350363542845,3.91927902556406,,4.69415910400222,5.95731539275168,5.59245116367971,6.79689484800894,5.27727002455086,,5.17374175201606,4.67445995018883,,6.00126338241988,,,,,
1994-02,4.84333262572312,3.90335459044109,,4.63675680230544,5.99825144951119,5.586519021367,6.82928351035659,5.27884986863544,,5.21942405542207,4.69133896765841,,6.01352442952555,,,,,
1994-03,4.85008379148145,3.86591107624341,,4.66234541231231,6.03050918639434,5.59507938608126,6.88568002145328,5.29438278946709,,5.16367258408614,4.94202953215155,,6.02782765666681,,,,,
1994-04,4.86188983418185,3.87961925760387,,4.68983748759837,6.02847439686179,5.5906110638403,6.94273527996376,5.30287942992201,,5.14104735981964,4.96202181784091,,6.02888858114563,,,,,
1994-05,4.87874119427558,3.88138574222046,,4.71496985913547,6.12442219571215,5.62491217680687,6.99521945596855,5.30717421615196,,5.12554649999555,4.97932852691182,,6.04199544664055,,,,,
1994-06,4.89762130304748,3.89241020789035,,4.71551333249429,6.16288086747582,5.66006909680597,7.05910605899146,5.32080203088161,,5.14594916082077,4.98904192375752,,6.04668794615013,,,,,
1994-07,4.94283796861258,3.92958367436067,,4.68377030106452,6.21014431496252,5.68229598856943,7.11623566822584,5.3261920871702,,5.40236547359577,4.99538278348908,,6.04839153326694,,,,,
1994-08,4.95303588277961,3.95309738182164,,4.63787340888536,6.23767260318076,5.68535096729283,7.17426343420501,5.42862970865482,,5.26097767732662,4.99667912796092,,6.05486064973855,,,,,
1994-09,4.9869351048024,3.98221597642401,,4.66616193870852,6.25335887615904,5.69052481409816,7.21307005104017,5.6755367698745,,5.22724708162742,4.99947086192193,,6.06177591217372,,,,,
1994-10,5.00291548378823,4.00223582501232,,4.66836636435497,6.26613666466424,5.6962148983896,7.22734539003,5.68281865626438,,5.27105677295477,5.0010570975985,,6.06471038413642,,,,,
1994-11,5.01422655429804,4.02281532423561,,4.66671588025403,6.30055334772937,5.69321613219246,7.22893054746366,5.68325012628748,,5.27008634045278,5.00553714160394,,6.06494540745651,,,,,
1994-12,5.02513081290014,4.02345412679069,,4.65381296781372,6.31316444443672,5.70354317630366,7.24234341805618,5.69201892475697,,5.36530537610265,5.00758883639796,,6.06915856561833,,,,,
1995-01,5.08774267066538,4.10256228052447,,4.60625163395137,6.35779416151717,5.70916442893029,7.25866191493893,5.71281577987046,,5.66588009060533,5.01116041852943,,6.07858605472926,,,,,
1995-02,5.08760352612253,4.08870976330973,,4.5705987347941,6.37546119289351,5.72606948580906,7.26914239298063,5.72095396830619,,5.69922226511126,5.02038487915308,,6.09263699695065,,,,,
1995-03,5.06474558290052,4.01727375863028,,4.62195827572595,6.38974725476973,5.74317300732138,7.3132457553868,5.73851811724659,,5.55428903961167,5.15054194710064,,6.10981228873231,,,,,
1995-04,5.08790836951029,4.03663152468702,,4.65191909837231,6.42745064024929,5.77813146268694,7.38710725152885,5.80831005298333,,5.49679277531179,5.15715228316335,,6.12255267718574,,,,,
1995-05,5.08897797679768,4.03194573101772,,4.65808922207526,6.47250800801116,5.7919310642881,7.39283523129852,5.82076294165007,,5.44230336261336,5.16875201432713,,6.13689175534193,,,,,
1995-06,5.07849752485662,4.00507970694119,,4.63487950749296,6.49958450397726,5.79805249367906,7.39366647239178,5.83362074833849,,5.42372119345109,5.17437018753423,,6.14501532976174,,,,,
1995-07,5.09910153891892,4.01407136506336,,4.58468106293444,6.50816970636654,5.79137926377516,7.39575126669009,5.8391568406349,,5.65464690005792,5.17597581734069,,6.15606009799057,,,,,
1995-08,5.08674422890754,4.02613411768502,,4.52604002581307,6.47955504746567,5.79091694442648,7.406624316554,5.83919666863703,,5.48503465772046,5.17616567566491,,6.1588777222009,,,,,
1995-09,5.09510883405964,4.05489792544558,,4.5284773686133,6.50924113226729,5.78491711764337,7.40894852018328,5.82253528774496,,5.42559752841659,5.17272781095534,,6.16228489643451,,,,,
1995-10,5.11243073638606,4.08653727590304,,4.54115695973762,6.518834532634,5.78008972355095,7.40742135631427,5.81150956915463,,5.46684711456284,5.17256449196676,,6.15679570770429,,,,,
1995-11,5.10075321650768,4.06675395187594,,4.53305458324208,6.52302366995411,5.77288190105032,7.41983644019198,5.81479537933056,,5.43173160496054,5.17100275413848,,6.14793917920149,,,,,
1995-12,5.1059228080347,4.06435611429676,,4.50830778991461,6.50868817533783,5.7655742726357,7.42398074954247,5.81848610752817,,5.54348522201271,5.17114872048452,,6.14389199796063,,,,,
1996-01,5.12122976992004,4.06410096575435,,4.46797386661057,6.49001869397709,5.76057250499242,7.42482686078051,5.8272482679973,,5.7760440349784,5.17310140314171,,6.14636439017536,,,,,
1996-02,5.10458765772661,4.03488459525069,,4.41322263319221,6.49904074383664,5.75437765515899,7.43114964634142,5.83379333634773,,5.75490051967275,5.17218477531831,,6.15025090575672,,,,,
1996-03,5.07704872213567,4.00090700395388,,4.43383187573175,6.48987959254577,5.74772736914337,7.43324931078451,5.8317289182372,,5.55654759095903,5.2193492577324,,6.14887794466648,,,,,
1996-04,5.07712626069772,4.00262785981653,,4.45015788521862,6.46564950272802,5.74654461170295,7.43636311910167,5.85676745557779,,5.51424939168722,5.20912548904739,,6.18418189966385,,,,,
1996-05,5.07259822110871,3.99054648321368,,4.4595879767256,6.48198185012285,5.74500851838314,7.42381271690644,5.88885554929582,,5.44205765208217,5.22912083696778,,6.22875533374339,,,,,
1996-06,5.07272993044698,3.9929433895938,,4.45237714079621,6.48165881291458,5.73992988871415,7.42269299500443,5.88031908083877,,5.45611403181377,5.22854513753304,,6.22195293561448,,,,,
1996-07,5.10023381435919,4.03952289776794,,4.41890424151645,6.47648217039195,5.73944347828278,7.41891449121556,5.87178261238172,,5.58679480554172,5.23037328946144,,6.22042063668011,,,,,
1996-08,5.09628359638323,4.05509627084533,,4.35969966701177,6.48255779902443,5.73367767916004,7.40939165049776,5.86612039807856,,5.52290510358163,5.22978227887153,,6.20666048602426,,,,,
1996-09,5.10553723956864,4.08484435601219,,4.35757549746325,6.49604029147509,5.73236184716764,7.41992714807515,5.86872249421788,,5.46385019065961,5.22618824037912,,6.19943053134694,,,,,
1996-10,5.13127366913506,4.06003814425611,,4.36099684981203,6.50249528764754,5.7247479178446,7.42292199523406,6.36320705469312,,5.48685390842114,5.22574829985364,,6.19248472915831,,,,,
1996-11,5.12330419199776,4.04193190973584,,4.35701719417329,6.47427494106852,5.72209675155477,7.41774272380681,6.37824212549812,,5.51192879222592,5.22458465206002,,6.18681362972271,,,,,
1996-12,5.10869613934291,4.00877749840796,,4.34463420167176,6.45044376196703,5.7183442786279,7.42040299270814,6.37710038943699,,5.54678990456107,5.22453361487609,,6.17954251276898,,,,,
1997-01,5.13255677301109,4.00852421226367,,4.30736920176472,6.44063078826659,5.7099754953807,7.42859495546804,6.39227485824945,,5.87686477435463,5.22418758276904,,6.17016946408813,,,,,
1997-02,5.15229193030965,4.01534617657634,,4.27619843120715,6.48499379847046,5.70528805900674,7.43048197684075,6.39622446846091,,5.8614011433989,5.22341283831697,,6.1720722235101,,,,,
1997-03,5.12689327146556,3.9844443357743,,4.30564805740364,6.47956539385313,5.69775558048706,7.43510213082423,6.39648335047477,,5.69438127126179,5.23032327302119,,6.16936480797529,,,,,
1997-04,5.10994844022854,3.96510146890252,,4.32631225792328,6.47528658784176,5.69493807100727,7.44067694810265,6.38561694389298,,5.5630663658094,5.24089919827532,,6.17436934409628,,,,,
1997-05,5.10570824927398,3.96442262478787,,4.32481443487818,6.45894504365809,5.69176952003691,7.4386293291663,6.37703400943344,,5.54589641172036,5.23858108938119,,6.17087851749451,,,,,
1997-06,5.1173337227203,3.98958827938106,,4.3164110980154,6.4546443952732,5.68625380929633,7.47150870629172,6.38464779584109,,5.53673314625394,5.23867193556858,,6.16442533480731,,,,,
1997-07,5.12870533703883,3.9930895878462,,4.27912167233942,6.45868638397174,5.68455137278656,7.47645600346039,6.37763142946542,,5.68381695938264,5.24371032636623,,6.16382117881499,,,,,
1997-08,5.13714535640882,4.03250445045364,,4.22347017486601,6.45298667408341,5.68850231034699,7.49063766053809,6.36774080893587,,5.62142882177986,5.24238029735299,,6.1529928444911,,,,,
1997-09,5.13468536586504,4.04464728619445,,4.24662056972375,6.43548633450493,5.68175107122297,7.48509704459267,6.36410318474111,,5.53822974676213,5.24386241717434,,6.15047265092313,,,,,
1997-10,5.12664153668194,4.03173993602549,,4.24873078169002,6.41537295729511,5.67102480345583,7.47940475317047,6.36484664078091,,5.54433155828684,5.24315402106138,,6.13843334898387,,,,,
1997-11,5.11673359549351,4.01229929325242,,4.24582673223333,6.39148429826334,5.67834046223134,7.47992966928124,6.37489657331899,,5.54991961142813,5.2472676180862,,6.12232562075786,,,,,
1997-12,5.12545190394919,4.01580805131004,,4.23227130282289,6.3891609594807,5.67825901142797,7.4869900140233,6.36364516271658,,5.65962812264489,5.2443370629849,,6.1188547113866,,,,,
1998-01,5.1576697075649,4.01205718149685,,4.19175767564739,6.37189973641226,5.67871444761017,7.47357863044525,6.57810567819903,,5.93957804407445,5.24628872489841,,6.13635930137947,,,,,
1998-02,5.17565334309891,4.04160226526865,,4.16402483206753,6.38236683171949,5.67184275307272,7.47437269617656,6.68576076796301,,5.93528183266536,5.24307950677284,,6.13105335116999,,,,,
1998-03,5.16915178778005,4.04870917649363,,4.21812093146908,6.47185273680577,5.66970094110254,7.48303604252601,6.67453590936201,,5.71293986214077,5.23892303851352,,6.12035248712141,,,,,
1998-04,5.16973492025351,4.05675008037568,,4.22847658514894,6.4666680470929,5.66757518985414,7.48673573454754,6.65268361219202,,5.67593808987474,5.24502708571164,,6.12990346306153,,,,,
1998-05,5.16600138538244,4.07460116635353,,4.22664814187432,6.38087695192617,5.66419211352844,7.47934675960583,6.63107692103517,,5.63227483209629,5.25396471736159,,6.12405576418202,,,,,
1998-06,5.1758636531713,4.09493110422878,,4.21740996712327,6.40291015880794,5.65938307454664,7.48682049437279,6.62301838860371,,5.63875265519146,5.25784354334033,,6.11861437680504,,,,,
1998-07,5.19204053399246,4.10998673062888,,4.17723830071288,6.38010557126158,5.65768293242569,7.48306726983005,6.62011094444804,,5.80660273109306,5.27325064842535,,6.11354079428492,,,,,
1998-08,5.19308889783819,4.12588229858099,,4.12207182922261,6.37635558060895,5.65481724078053,7.48229550931591,6.61885636238087,,5.78855293474838,5.27391311107277,,6.10469223267433,,,,,
1998-09,5.19148289364898,4.12502838904309,,4.13637747867894,6.3668518489335,5.64844113422975,7.47486638498329,6.61796687033325,,5.77859917631038,5.27663441371995,,6.11098740533276,,,,,
1998-10,5.17249019463631,4.08331532715587,,4.12759815944432,6.35985769101486,5.64599072696231,7.48136166422366,6.6167388402675,,5.7778148881502,5.27578515497935,,6.10592444533559,,,,,
1998-11,5.16020829884281,4.05943286486719,,4.12394650698843,6.36964192475016,5.64467718935874,7.47926348679505,6.60671545973083,,5.75863581613184,5.27698044582701,,6.1079360856177,,,,,
1998-12,5.15950938961232,4.02921545537416,,4.11218026515253,6.37243544936263,5.63713782767258,7.47560691819339,6.58992131883166,,5.94512142257371,5.27962825492933,,6.1068167372627,,,,,
1999-01,5.18383206813652,3.99444448247833,,4.06769657817608,6.43512536054266,5.61737510950953,7.68739644225225,6.58772414071402,,6.23931138615213,5.28115120449783,,6.10759085362209,,,,,
1999-02,5.17550463900732,3.96296716065728,,4.02317712489513,6.51295893415896,5.59324158063068,7.73387605379443,6.57361838995878,,6.26804462675472,5.27973441227191,,6.11153048181817,,,,,
1999-03,5.1366461355299,3.95921349724692,,4.05661513021927,6.50471746175285,5.60394031573189,7.50013670902424,6.5841396205221,,5.97866463296881,5.29063901699055,,6.10796662537116,,,,,
1999-04,5.13161568854573,3.9756202934829,,4.09046401187087,6.48740335714854,5.59680935525697,7.49905862352761,6.58147114437922,,5.81617923699831,5.29668590254267,,6.11045229573956,,,,,
1999-05,5.10634980121199,3.93902417042971,,4.08294959852757,6.45379369230479,5.59315554104966,7.5100625306656,6.58558006659922,,5.72487916022479,5.29512314397071,,6.11085462379599,,,,,
1999-06,5.10603964696381,3.93902323923065,,4.07318888679106,6.45878409985325,5.59178464372541,7.50939486116493,6.57131500383545,,5.74170288583805,5.29379005272644,,6.10781658223461,,,,,
1999-07,5.11553015452369,3.92794290161716,,4.02095525227087,6.48132657891746,5.5863836524262,7.51543362696053,6.55992419522558,,5.94944741707749,5.29622963011833,,6.10686984987741,,,,,
1999-08,5.09627403683448,3.90832905581896,,3.96386088973246,6.49738187304825,5.57692388729167,7.53536556902507,6.55720261507986,,5.83928223174214,5.29549265318237,,6.10851766874877,,,,,
1999-09,5.08612073389493,3.89725896139514,,3.96130926922756,6.49515854934433,5.56789202567342,7.5453003127533,6.56153059131158,,5.7773706236544,5.29609897492747,,6.10107924705871,,,,,
1999-10,5.08532516700491,3.89188408042152,,3.96743054139264,6.4682889811273,5.55527288712385,7.54651817761087,6.6042195715972,,5.79891993362521,5.29635722307816,,6.087453205755,,,,,
1999-11,5.06925131687579,3.85099885449854,,3.96373439914333,6.45469267841465,5.54653356008106,7.54228910843514,6.65062583208184,,5.80078634089248,5.29663996907713,,6.084918406218,,,,,
1999-12,5.06609879013402,3.82352010144061,,3.95098502010776,6.43752917122772,5.54590833912565,7.53897009212,6.70300629288635,,5.89267463378613,5.29987980951306,,6.08102392374443,,,,,
2000-01,5.1089191954803,3.82728866403593,,3.89682174984164,6.44406119050676,5.53943127946648,7.65374381759821,6.78045848103322,,6.27118177939545,5.29870901651369,,6.08473782332798,,,,,
2000-02,5.10912844338062,3.82087177131432,,3.85854133582599,6.44330590422265,5.53637171196542,7.67788252362132,6.80537089636706,,6.30245278785812,5.29908362944374,,6.07653059654001,,,,,
2000-03,5.08213440206816,3.84556717038227,,3.89508054145608,6.44195397626204,5.53012064960573,7.67473302695669,6.80471373433188,,5.85463417609278,5.24926827569629,,6.08137845044761,,,,,
2000-04,5.07641991626265,3.83135148553418,,3.90901457028503,6.45632970682953,5.52483896652552,7.67792564704118,6.77847371892696,,5.86205513051981,5.2474584971541,,6.08558762516334,,,,,
2000-05,5.05668794548035,3.81827651953444,,3.90579298583218,6.49846479493505,5.51752789652767,7.68795109865258,6.76215751405337,,5.66951611008212,5.24592840237986,,6.08315905085575,,,,,
2000-06,5.04733870680748,3.80845609424897,,3.88883801279521,6.49704044226227,5.50688422675831,7.67779478976711,6.76310674810419,,5.64095908612311,5.24390324692149,,6.08522247593721,,,,,
2000-07,5.06925981425245,3.8106462744378,,3.82669100548267,6.5031436612613,5.4923974557034,7.67497243628766,6.76940621044147,,5.85577958427608,5.24504443835418,,6.24082251980538,,,,,
2000-08,5.05835343130619,3.82215961961413,,3.78105669031958,6.50048693888293,5.48546954863969,7.66842065049712,6.75518761368019,,5.7167545801857,5.2439216203077,,6.24829015343353,,,,,
2000-09,5.05058576686462,3.8234064951553,,3.80002940634041,6.49769571346767,5.46722571588025,7.65444271440292,6.74789908928996,,5.6414095554303,5.24355925630179,,6.24762359011893,,,,,
2000-10,5.05963653518222,3.85410067856699,,3.80280173111462,6.4479479833935,5.45452397933289,7.65262855673963,6.74420836109235,,5.6661096686269,5.24401144575142,,6.22223443247244,,,,,
2000-11,5.03476471369121,3.80451339742945,,3.77906511780242,6.43940991454706,5.435887806084,7.65841601708842,6.779389762976,,5.61945569175661,5.24530779022326,,6.18650690437276,,,,,
2000-12,5.02913626382441,3.76701121769099,,3.76796709521669,6.43300894950909,5.42622613473269,7.65837884172647,6.83714036606804,,5.70749824254837,5.24897021854213,,6.17982533744231,,,,,
2001-01,5.03318101511574,3.76364865788578,,3.61780793598643,6.43035107753212,5.43240721823315,7.71248237649791,6.79532096382898,,5.92311171559748,5.24044088436362,,6.16848313857111,,,,,
2001-02,5.02171592965392,3.76153669841797,,3.47395847628161,6.42871864751166,5.44054197381997,7.73585824409375,6.78536396329587,,5.89275529633425,5.25968802716759,,6.17142026616454,,,,,
2001-03,5.03128397577585,3.78449913603549,,3.61640170957484,6.43610136975912,5.44505618383748,7.75110014249435,6.86833896773844,,5.67649528193791,5.185769852937,,6.18419517781753,,,,,
2001-04,5.06491553043377,3.80776980054184,,3.81334232275929,6.44645235560715,5.43849882056935,7.76210702366129,6.96923657314061,,5.66891052049008,5.19387557848888,,6.18165905046515,,,,,
2001-05,5.06819339348131,3.79651253510698,,3.84127755128176,6.5171756618456,5.44692037475957,7.7623375109054,6.98649537406467,,5.63570609279708,5.17773864167366,,6.18621876843796,,,,,
2001-06,5.03163767907942,3.75087633158049,,3.80719488012749,6.51579614351846,5.43832674140731,7.76983206387506,6.87829596827155,,5.57626648156865,5.17505510654258,,6.18171747434133,,,,,
2001-07,5.01518038482841,3.74831646536489,,3.68897154143183,6.51913687706737,5.42271113104942,7.76326540793974,6.73889796080803,,5.67867068881259,5.17814693914511,,6.1678125918104,,,,,
2001-08,4.99724348486605,3.7366327107606,,3.56846613803845,6.42890488248583,5.42845972225596,7.76060960008184,6.83913176617466,,5.60287519474999,5.17523475743002,,6.17213197520165,,,,,
2001-09,4.99346002790709,3.73107345237314,,3.61906150134217,6.41935056847172,5.40323406429537,7.76902461501345,6.81257976475303,,5.55131321206718,5.15332755659958,,6.18097256992003,,,,,
2001-10,4.97143057890967,3.6909806768501,,3.64828955092046,6.40307110261277,5.39198123429239,7.77083877267674,6.76213096205195,,5.54313278872555,5.15049907586614,,6.19002827072799,,,,,
2001-11,4.95512623743858,3.70011015243314,,3.65583798587049,6.33612997578791,5.37963856959649,7.75134847391219,6.71433735949303,,5.46148243463173,5.14671211681848,,6.18015994691498,,,,,
2001-12,4.95135871306086,3.68753617152762,,3.64684406880879,6.33191324810126,5.36709285148939,7.75276411169535,6.70039755874668,,5.51264358649849,5.1477420471902,,6.18273723654375,,,,,
2002-01,5.06487410572254,3.76515626916372,,3.59728505598706,6.36271559314927,5.56138972773715,7.78311556420799,6.96658137299845,,6.00369360116928,5.1513268989895,,6.24819189509631,,,,,
2002-02,5.22393543729499,3.91517336890906,,3.60204022978952,6.4244421406975,5.97401146722547,8.01814712455966,7.07411697875602,,6.24370191069441,5.2138270344311,,6.65857315172572,,,,,
2002-03,5.43056720776804,4.11985744066358,,3.90824515856355,6.47704547370887,6.38818650794979,8.20546485135231,7.28719679016455,,6.52332918193148,5.24012037084854,,6.99102758005341,,,,,
2002-04,5.99472928783023,4.66448783481421,,4.75458932869814,6.60582350954813,7.245048959354,9.39364889993887,7.94900542559852,,7.07244258066354,5.31818684738902,,7.76031069150509,,,,,
2002-05,6.23516256049445,4.89597460910919,,5.02165021805487,6.70532126889368,7.55175138582928,9.77709045326353,8.25568104201827,,7.43199899131379,5.37673670479438,,8.0961683106203,,,,,
2002-06,6.4610015887409,5.1287371261162,,5.2179723358759,6.9234461083879,7.78780958031522,9.82134400413199,8.68914246522627,,7.74527991858878,5.42013872600909,,8.3374190847843,,,,,
2002-07,6.66702048592217,5.33975614507507,,5.34517825109769,6.94628863268826,8.02147013847675,9.90287700796659,8.9513434792648,,8.29467873864495,5.45457861772556,,8.74710323834564,,,,,
2002-08,6.82315978209482,5.58857253387437,,5.35232278851139,7.17876046278481,8.10559390482585,9.98542118164631,9.14052648939387,,8.26246335788814,5.47279889238884,,8.81709238637902,,,,,
2002-09,6.91532445372,5.74951166739302,,5.58137543670632,7.17822015144001,8.11347513044727,10.0192358908785,9.25735529564901,,8.27375611462492,5.48902871687882,,8.68853330247479,,,,,
2002-10,6.93043916245834,5.73150227757499,,5.78278334855934,7.17993305336289,8.15387931769417,10.0238456357606,9.29784709781699,,8.35043517383,5.49806229843456,,8.60335394663451,,,,,
2002-11,6.96572451904919,5.78980465071392,,5.82047754412053,7.17312742961562,8.24711180768723,9.97606786057901,9.34630450041145,,8.35845179015084,5.50331912837943,,8.64883162297948,,,,,
2002-12,6.97876799222607,5.82426832791999,,5.78844489285908,7.15935523831626,8.27730596465312,9.91462442234364,9.29386429760374,,8.49192969285513,5.49535732768623,,8.68849346801376,,,,,
2003-01,7.07083706836379,5.91454807677513,,5.65974726103444,7.25270264511994,8.32391647367758,10.0579726180331,9.38945150272159,,8.90002013822799,5.50383970765552,,8.66995716548016,,,,,
2003-02,7.11085971244396,5.98535645328822,,5.61603385812836,7.29937634852178,8.37880972636822,10.1305835349991,9.40936550378781,,8.8037214653956,5.47866816854087,,8.76411255320634,,,,,
2003-03,7.15236939744006,6.0570494689082,,5.92479302445396,7.33935938803695,8.38462600204516,10.1908968422311,9.37551170197524,,8.60096063866769,5.52580611161932,,8.76355487075189,,,,,
2003-04,7.15632067758811,6.04167537242962,,6.18197020088062,7.34087685819682,8.38748251613502,10.1884432683422,9.36953750165537,,8.54923733088864,5.52105965351376,,8.69788112266365,,,,,
2003-05,7.12887415096837,5.9832333194317,,6.23467752084839,7.34038253079626,8.37308522624437,10.1605022662986,9.33369229973618,,8.54505528800919,5.52998095326485,,8.67564021525407,,,,,
2003-06,7.12276666149223,5.93640331871046,,6.22711425596722,7.49017522915241,8.35235542319067,10.1729783177699,9.33501989980726,,8.54331794081892,5.53703429208408,,8.6287550546193,,,,,
2003-07,7.15439814611823,5.9383774607174,,6.09483127020236,7.48795650384291,8.33708626554568,10.1857815124264,9.33170089962956,,8.86524837517692,5.55398884458588,,9.02132366809053,,,,,
2003-08,7.15614010833403,5.96759848721636,,5.96899494273875,7.48021970522483,8.34850084996098,10.1753872812245,9.31908869895429,,8.70049822304768,5.57557757338859,,9.30444046079925,,,,,
2003-09,7.15897610779512,5.98948166512348,,6.11928320960482,7.47118386018201,8.31379821894966,10.1676250656488,9.29519189767483,,8.58055921880475,5.58036486124129,,9.26237526994937,,,,,
2003-10,7.20117620464505,6.07791763984006,,6.21577372038991,7.47951845007519,8.31002394932892,10.1676548059383,9.2898814973905,,8.57601729686446,5.61140567650797,,9.23678826781309,,,,,
2003-11,7.21893572186959,6.11301453240685,,6.21522414058885,7.47947246613095,8.28549693276621,10.1939006114769,9.29917469788807,,8.59506606784355,5.62059236961551,,9.23985552131256,,,,,
2003-12,7.23426286502449,6.09625294932905,,6.21604414854598,7.48576077050553,8.29140498399624,10.2181835579044,9.31045929849226,,8.85860922698551,5.61335529693413,,9.2230586569107,,,,,
2004-01,7.26467285175526,6.11965398170378,,6.01994011794759,7.49193411501952,8.31567961778796,10.2643107470153,9.3177610988832,,9.20339818651841,5.61409023238273,,9.2593611290646,,,,,
2004-02,7.27198059568498,6.14117399197755,,5.89269930877018,7.5533801605079,8.31322462174286,10.3077910503551,9.34364930026929,,9.16113101130358,5.59324664646541,,9.24885810950581,,,,,
2004-03,7.3151260256886,6.16483576008904,,6.29573321969884,7.57988990436127,8.37846556804415,10.5244341896705,9.3781669021174,,8.79421569434024,5.70437501075623,,9.40639012473404,,,,,
2004-04,7.37788977406168,6.22232799004588,,6.45310495955627,7.61100953862451,8.43694953924935,10.5261888667547,9.43658130524497,,8.90937699380991,5.75288075036402,,9.54862570692595,,,,,
2004-05,7.43179500726414,6.28068623512841,,6.5288597372127,7.77641378604956,8.47703251206044,10.5800782714413,9.48304730773281,,8.82254686316451,5.80309113191509,,9.61185627473755,,,,,
2004-06,7.4738570217433,6.32376350363835,,6.55224741096867,7.79148502377365,8.52282851305125,10.6148595400842,9.51358210936768,,8.93371226409655,5.80827650980246,,9.73157210829265,,,,,
2004-07,7.50830326238873,6.3044131871741,,6.43673969436932,7.80348683321983,8.5362047999138,10.6273950721346,9.5222115098297,,9.41735249300081,5.8316821623531,,9.96302360504275,,,,,
2004-08,7.53409280055929,6.38288533194998,,6.34124366131947,7.82268512993931,8.59057034317418,10.6687489447708,9.5613757119266,,9.24745234741468,5.8684595570936,,9.92317586585699,,,,,
2004-09,7.5815081623358,6.42543181699579,,6.63209350492183,7.85147107903247,8.63763972996408,10.6758717441209,9.57797071281512,,9.22631875980726,5.95957113784678,,9.96273148566185,,,,,
2004-10,7.6115145236751,6.43802162828534,,6.76595544217861,7.86945080122963,8.66330246899626,10.719604839922,9.6071779143789,,9.31491105688851,5.99863499842738,,9.92751782210949,,,,,
2004-11,7.61168447120835,6.42346698697945,,6.79640041845923,7.86838167452609,8.71958382692735,10.750787533528,9.60452271423674,,9.28294386858745,6.01721253337817,,9.950090683361,,,,,
2004-12,7.67531920068933,6.4657061763355,,6.82164619535211,7.8813721387734,8.76819045423148,10.778906977309,9.6284195155162,,9.57746144620746,6.02101990729941,,10.3031833459494,,,,,
2005-01,7.78936461722033,6.51146529813789,,6.68909278143117,8.05808843648106,8.86289135307394,11.0052305808768,9.73661892130932,,10.1300743585656,6.01715128875746,,10.6413513638045,,,,,
2005-02,7.86304749460466,6.62819110029355,,6.58436729711917,8.22098655894511,8.95092705237341,11.133931683957,9.76914512305081,,10.1183100361629,6.02567449847389,,10.6402492770493,,,,,
2005-03,7.98459184604028,6.80446708232838,,6.9589539107266,8.25172682566839,9.05486286624534,11.2078660438085,9.8687151283819,,9.89205779349794,6.38480274692102,,10.7035329574756,,,,,
2005-04,8.02374350901255,6.82927422528352,,7.20144073183619,8.27010890737764,9.1690431262307,11.2236432674212,9.93841413211366,,9.7760650493015,6.48813262950722,,10.7325590014143,,,,,
2005-05,8.07194487813034,6.84330739511588,,7.27358398508569,8.45895347037814,9.20113015397902,11.2971612632188,10.0114321360231,,9.73377305484108,6.64081546895446,,10.7664979622136,,,,,
2005-06,8.14587205509372,6.8963764295383,,7.28478494484051,8.80927065357131,9.24081160874535,11.3024401646161,10.0691827391152,,9.77881998556036,6.69549670781787,,10.8321451539945,,,,,
2005-07,8.2276699271907,6.97677615636814,,7.07712229144217,8.97008800255859,9.27355253730942,11.3640174341545,10.156140543771,,10.1604779343955,6.72600673637167,,10.8739315036172,,,,,
2005-08,8.26361383047289,7.07552981666816,,6.98509820697676,9.03338490180256,9.32611698534046,11.3992150668513,10.24708114864,,9.86983215908521,6.76207981797393,,10.908096193029,,,,,
2005-09,8.35971916052528,7.25408723639969,,7.29890827337871,8.92265556407682,9.37854377004186,11.481075213871,10.2908919509857,,9.82459908402412,6.7977752244151,,10.9646080150799,,,,,
2005-10,8.42504274361792,7.26834389400642,,7.57652458431124,8.97350231041828,9.43580024322451,11.592467468426,10.3406769536512,,9.99538031282817,6.91088383144243,,11.0372793501561,,,,,
2005-11,8.52668199022173,7.42466428018808,,7.68185198935773,9.01746296111006,9.47608971103005,11.7064025177386,10.3831601559258,,10.0942601872004,6.98171323530153,,11.0734224844659,,,,,
2005-12,8.62160830926221,7.48061071970552,,7.72717051422244,9.05760694443007,9.56986138239751,11.9927717659324,10.5126011628563,,10.4756327147114,6.96752489816878,,11.0374121316929,,,,,
2006-01,8.73160685015772,7.54633474935169,,7.54784175278956,9.12601955747055,9.62461697175852,12.2083888652579,10.6281023690403,,11.2249381482543,6.9736289453669,,11.0716299337194,,,,,
2006-02,8.76621241661557,7.61956424342046,,7.38987681568655,9.16311710448477,9.70364719491124,12.3281530113247,10.6732407714571,,11.118116115298,6.99723874665326,,11.1102428046132,,,,,
2006-03,8.87187729541323,7.73546127841283,,7.8385084031249,9.22001073949357,9.78757593821003,12.4043625033276,10.7734745768237,,10.7696787266655,7.66474386784678,,11.1646832346904,,,,,
2006-04,8.95815753369965,7.77343557607464,,8.2707660018874,9.31668048626846,9.86162733760775,12.4694788673239,10.8259147796314,,10.9266604549296,7.71601582282362,,11.2712404179512,,,,,
2006-05,9.00008146580805,7.7486284331195,,8.44646579193554,9.52136651805904,9.93661943642461,12.5667742246265,10.8962775833987,,10.8847655683984,7.81366016311993,,11.3095611694641,,,,,
2006-06,9.04366238636562,7.79059757474819,,8.46538703937184,9.59794128120182,10.0052675501343,12.59574126666,10.9440711859576,,10.9322571948069,7.82921629678203,,11.3839453863647,,,,,
2006-07,9.09946890759631,7.79186400546962,,8.22659897755823,9.83654047186812,10.0556523287795,12.6150427145858,10.9905371884455,,11.2662497825145,8.14114535753,,11.398870031098,,,,,
2006-08,9.15065498026679,7.85130244146161,,8.15770958567053,9.89380197843082,10.1069204471232,12.7937372444199,11.0436411912887,,11.1724330342396,8.37701880678436,,11.4769588528746,,,,,
2006-09,9.23295207324268,7.91396282620078,,8.62449475352148,9.93827994849528,10.1474508257556,12.8061538153121,11.1146677950916,,11.2505267904425,8.4335169693957,,11.5280664663788,,,,,
2006-10,9.31197767620353,8.0142157169872,,8.78549546476365,9.96674400997877,10.2478532808336,12.8498720409685,11.1730821982191,,11.370081096379,8.4050688430727,,11.5776338140564,,,,,
2006-11,9.37787483222089,8.12337087078606,,8.82752523431094,9.99541499921133,10.2943834862491,12.921903022288,11.2374708016666,,11.3754916919145,8.39464705011404,,11.6154898301905,,,,,
2006-12,9.46989079975447,8.26787434089787,,8.85239590118087,10.0353290628101,10.3705686672561,12.9555987703619,11.2739798036213,,11.5977480360418,8.35382751040622,,11.6314501709107,,,,,
2007-01,9.57550849481928,8.39684975757164,,8.66412015198243,10.1025932404903,10.3960362970638,13.0811397099961,11.4635483180394,,11.9363754989866,8.35202387726256,,11.7972455832435,,,,,
2007-02,9.63873035454117,8.52460265844756,,8.67305294300279,10.1131285936209,10.4679448988736,13.148999677366,11.4577154406727,,12.0169086778531,8.3297790684907,,11.7577295782315,,,,,
2007-03,9.73914154351123,8.61384631169102,,9.02418034388018,10.171478241729,10.4836749055194,13.2406106333153,11.691030535341,,11.6190941798377,8.6297833813869,,11.8779956804418,,,,,
2007-04,9.96004615924537,9.01483149338768,,9.17809920453876,10.345716774274,10.6185035339128,13.4396665376002,11.7153341910357,,11.7161221061829,8.65683787854187,,11.9424239494831,,,,,
2007-05,10.1675626164502,9.25872339505989,,9.367062091508,10.5369739541838,10.8177502847608,13.5154435011632,11.9107355828204,,11.6724595393276,9.54121932998538,,12.1640571949849,,,,,
2007-06,10.4375571467919,9.74711845630323,,9.42821735310896,10.662587779972,10.9510808172831,13.6511634359029,12.1012762434663,,11.7161221061829,9.72579112168705,,12.3126717355733,,,,,
2007-07,10.7038327442088,10.1701089223613,,9.51891953885419,10.7703725466161,10.9982708372208,13.8174203559591,12.3501456777792,,12.0033247681647,9.85925997431822,,12.5085336734587,,,,,
2007-08,11.0593627318213,10.6371099571422,,9.68451974161633,10.8846406074944,11.626722055121,14.0639782374029,12.685536126365,,12.411812338078,10.0330099671579,,12.6107598603375,,,,,
2007-09,11.2810111341404,10.9512965171911,,10.0590098267008,10.9170570786656,11.828964997711,14.1160042123864,12.8702439096441,,12.5078699851598,10.0817080620368,,12.7602334445131,,,,,
2007-10,11.4424128230775,11.1707381029061,,10.2301071316293,11.0921060229898,11.9113602706181,14.161244190633,13.0588402778344,,12.5573542275958,10.0847141172763,,12.8186484084438,,,,,
2007-11,11.3962980548098,10.8064283951452,,10.4870966579075,11.2412217903771,11.9607974343623,14.2324971563714,13.3154868819696,,12.665055225839,10.3071622049949,,12.9217336389098,,,,,
2007-12,11.5078660425543,10.8449376427776,,10.6575068250652,11.4170811464806,12.109108925595,14.5910239839754,13.4486709151761,,12.7203611438558,10.3167815817611,,13.3022899480467,,,,,
2008-01,11.7406712436478,11.1811294871879,,10.5647432260076,11.5743010316607,12.2222151638583,14.6894209366617,13.6022700191661,,13.5004656716712,10.3131743154738,,13.4440321399374,,,,,
2008-02,12.0032279081399,11.7324841120208,,10.8196713389734,11.7833872707147,12.4027357163183,14.7663288996809,13.4826960331486,,13.4461300329179,10.3414312347245,,13.5840562446537,,,,,
2008-03,12.4911519078759,12.6126954864769,,11.3501416980288,11.8506514483948,12.6851267880088,14.973301800159,13.6081028965328,,13.4306055647026,11.4494631959825,,13.7300936544805,,,,,
2008-04,12.8645327735276,13.094366710832,,11.7431845029249,12.0573064521109,12.9263202232459,15.1282487256535,14.0961203028808,,13.5383065629458,11.9099908586648,,13.9328279410636,,,,,
2008-05,12.896515596681,12.8333595879899,,12.051022224242,12.2704447500612,13.0379283656381,15.3612346136233,14.4081792419998,,13.716837947421,11.9953628274649,,14.1759372762458,,,,,
2008-06,13.2089059623657,13.0711389106728,,12.2990789594998,12.9495698210969,13.1360536451911,15.6202334890849,14.7348203745355,,14.6230787794851,12.0344415455776,,14.3348603398809,,,,,
2008-07,13.3941088220216,13.2117282274262,,12.2798391019175,13.1367749421104,13.4985928459821,15.8520883775986,14.9525811295593,,15.1033670148939,12.1168074591383,,14.6260761159472,,,,,
2008-08,13.5034454500112,13.2257871591015,,12.4062724517442,13.4917353014345,13.6004633652127,15.8939353574767,15.1013195024104,,15.34399627223,12.2923610851217,,14.8648902331934,,,,,
2008-09,13.649227620664,13.2172295485165,,13.1037172891034,13.5606203026732,13.9420292238092,16.2513311856246,15.1489546675719,,15.6214961415773,12.6861543214884,,14.8520045793852,,,,,
2008-10,13.7288127852551,13.2881354647922,,13.2115979191186,13.0346630579212,14.073112612525,16.3960991160136,15.284082993234,,15.9484802533606,13.0925629628156,,15.2179571475394,,,,,
2008-11,13.8165796022808,13.3364248388075,,13.3895666017551,13.3037197686418,14.1547588374965,16.453780088278,15.320052403662,,15.9669155593662,13.4737407942219,,15.5160452723035,,,,,
2008-12,13.8783138888328,13.3095294912546,,13.3187914113629,13.563051538011,14.3450170131182,16.6765869811424,15.3822697622403,,16.2890482748322,13.4112148452416,,15.617412415595,,,,,
2009-01,14.0389717911849,13.4482850343113,,13.111962942353,13.7008215404884,14.4783475456406,17.0656507940629,15.5475346209637,,17.0652716855938,13.5284509995798,,15.7634498254218,,,,,
2009-02,14.0374842180149,13.4024406918917,,12.9037601978014,13.7745690124028,14.5060623192548,17.1346417608889,15.6214177342753,,16.9740654348293,13.7106179470899,,16.1637641370647,,,,,
2009-03,14.3654941019838,13.6701716516221,,13.8685016280007,14.7033009114564,14.7232862205552,17.2986366820327,15.7808497156321,,16.5713995404968,14.7086282865843,,16.3244052878742,,,,,
2009-04,14.6273069798909,13.9660204747031,,14.1612223183604,14.9196808565239,15.0333920658599,17.7747874530779,15.9606967677723,,16.747990366445,14.8270668630182,,16.6559961125397,,,,,
2009-05,14.7537506993347,13.9984171433463,,14.4250832223465,15.2762620394066,15.6266380307907,17.9059833899929,16.0238862725783,,16.6402893682019,14.8312753403534,,16.8174963069364,,,,,
2009-06,14.8318482907559,13.9770231168838,,14.6951283662698,15.4448276894966,15.8086566791217,18.0360483274518,16.1074908481678,,16.8023260051983,14.9539223941226,,16.8552942247739,,,,,
2009-07,14.9806056077486,14.1041647598608,,14.4903613105722,15.5753039859605,16.0708234565533,18.2045672464203,16.3446945277473,,17.404869427802,14.9659466150804,,16.8939511861987,,,,,
2009-08,15.2587817905249,14.4256864146969,,14.7830820009319,15.8176171079648,16.2872983099182,18.5992860566216,16.6052297167936,,17.4786106518244,15.0964094124721,,17.4342896025578,,,,,
2009-09,15.4938183513733,14.5876697579127,,15.3602777284015,16.1547484081448,16.6168794015464,18.9793018738928,16.7559123821003,,17.608628073127,15.2659509279766,,17.7272234657986,,,,,
2009-10,15.7511685097707,14.9067463811531,,15.5705418862655,16.286035116388,16.9135023840118,19.0539478379997,17.1797681374145,,17.5746682989061,15.3453107862978,,17.9608833215215,,,,,
2009-11,15.9319086499168,14.9507569498759,,15.9264792515385,16.6620661819734,17.023612430533,19.5187886144832,17.3790581141104,,17.9734530761849,15.4162536899486,,18.2692799693322,,,,,
2009-12,16.4421462472017,15.8780351825494,,16.0481026369696,16.8484608912075,17.2123725102837,19.7201065176805,17.6143175012344,,18.628391579015,15.48419053836,,18.4608466892815,,,,,
2010-01,16.8066016738338,16.5406387449872,,15.8240957236897,17.2504251337299,17.2318477566072,19.834337462753,17.7795823599578,,19.3939419178786,15.5310850000953,,18.518402609625,,,,,
2010-02,17.5384876734378,18.2717211147508,,15.6784225162807,17.3760389595181,17.4318435553907,19.9824983915106,17.8272175251192,,19.5016429161218,15.5629491856334,,18.6558495835796,,,,,
2010-03,17.9996353561152,18.8139068710998,,16.544903245256,17.491927843955,18.0116066574822,20.3104882337982,17.995398822526,,19.416258340938,17.6515563659969,,19.3173131457363,,,,,
2010-04,18.2458287157381,18.9856703406985,,16.8389982111572,17.7277576717251,18.2490548530416,20.6497880706475,18.3589815117176,,19.7131637955544,17.9431437242227,,19.7167684137919,,,,,
2010-05,18.5344179107039,19.3316423114917,,17.3144975485489,17.9449480285718,18.6003583347999,20.9608129210927,18.650625380053,,19.5773246986711,18.2082777963413,,19.8542153877465,,,,,
2010-06,18.735984075229,19.5229660338561,,17.4134453875437,18.1783466210042,18.7351869631932,21.025279890094,18.8353331633322,,19.7471235697752,18.9730182492551,,20.4959209473972,,,,,
2010-07,19.0104413250805,19.6427725820459,,17.578358452535,18.5073738033914,18.9636465835264,21.3102917530474,19.3437656404637,,20.4243784956647,19.4533858765178,,20.9915890972211,,,,,
2010-08,19.2120074896056,19.8438764307932,,17.3763399479206,18.6872852183913,19.2153266898607,21.9696644359912,19.5381948860206,,20.8056982462013,19.8784420873747,,21.2948314835085,,,,,
2010-09,19.5169599894406,20.1592855066399,,18.5135529585901,18.7480661018372,19.649025444526,22.2015193245049,19.6742953579105,,20.7164325539637,20.0744368889862,,21.4735125496495,,,,,
2010-10,20.1543850927542,21.3029490355339,,19.02203490898,18.9587731644497,19.9651236733149,22.6460021107774,19.8026186599781,,20.8212227144165,20.4057041763726,,22.4725802415823,,,,,
2010-11,20.5366913974254,21.9166519660575,,19.2886443640494,19.0981639904857,20.0445227544799,23.1255458801911,19.9776049809794,,21.1035739800811,20.8217422215112,,22.9244371684581,,,,,
2010-12,20.8862710923582,22.3347523689241,,19.7284125373596,19.1848780508685,20.2317847383595,23.4852037072513,20.1263433538305,,22.0136959291991,21.3165389139232,,23.1761369395125,,,,,
2011-01,21.1161011471119,22.4331648906515,,19.6810000311746,19.4288119964314,20.4527538793376,23.7114035984842,20.6201936375452,,22.9335206709516,21.3862793954782,,23.39605209784,,,,,
2011-02,21.3436998421108,22.6984508187862,,19.7799478701694,19.6565377064088,20.5853353639244,24.0767164228253,20.7494890858406,,23.370146339505,21.4794671079009,,23.8401776324309,,,,,
2011-03,21.9112090064379,23.4252364606114,,20.8883010944653,19.9312672995843,21.2677180331819,24.5607841900636,20.8418429774802,,23.136309037013,23.7851114765521,,24.4492395357673,,,,,
2011-04,22.4802057439349,24.0676685123845,,21.8296798404576,20.1881678336157,21.5890595975194,25.2427768621306,21.5874791341912,,23.2362478011486,24.4326157751276,,24.7542000092292,,,,,
2011-05,22.8714374876257,24.4258656411562,,22.4254282877388,20.5941841350344,21.9605873735367,25.5515397136635,22.0832737103615,,23.7504958107781,24.5696918940461,,24.8366681936019,,,,,
2011-06,23.2158106764637,24.7755051593429,,22.9002404873597,20.8454117866109,22.3965332720085,25.7607746130539,22.3865833334304,,24.2356354425041,24.8757083174212,,25.13046110043,,,,,
2011-07,23.6196867920989,25.2675677679798,,23.0452265569979,20.9961483775568,22.8324791704804,25.9835815059182,22.8804336171451,,24.7731701544565,24.9009591814325,,25.8400311034707,,,,,
2011-08,24.1938900356906,25.7981396242492,,23.5509599563047,21.2619634411602,23.6129871192909,26.9788610273428,23.4783035472328,,25.8123392456136,25.1907429065146,,26.4636967477899,,,,,
2011-09,24.6580128647078,26.307928711955,,24.3927037255313,21.671221389696,24.1051116129266,27.4527497994756,23.9079921799137,,25.8802587940553,25.5184029276137,,26.7480401751585,,,,,
2011-10,24.9294949682195,26.3776121124328,,25.1306896913675,22.0772376911148,24.8758819385754,27.5432297559688,24.2190789728049,,26.0335629176807,25.898368309879,,27.095093784394,,,,,
2011-11,25.2760995168124,26.5628232558079,,25.8301959420391,22.2765989888174,25.7238042015825,27.9175905759592,24.5544694213906,,26.3285278137701,25.9194106965551,,28.1766296606995,,,,,
2011-12,25.7476602116793,27.2388744920221,,26.1167323924616,22.5594326997857,26.0076933691441,28.4977932969714,25.0279046343219,,26.704025888726,25.9212143296988,,28.3252442012879,,,,,
2012-01,26.0451748456646,27.350123429627,,26.2156802314564,22.8082291160243,26.6391407787863,28.9434070827002,25.429401026397,,27.9178452473045,26.1629011709498,,28.5580450134236,,,,,
2012-02,26.4282249369208,27.8519661646467,,26.7495862793658,23.1980371818574,27.0308928490626,29.4387848445001,25.6860476305323,,27.886796310874,26.2542852502288,,28.7874096512104,,,,,
2012-03,27.3237439852168,29.1123799522359,,27.4442825656418,23.8066564280958,27.2039229221674,29.7905256753672,26.5463970421219,,27.7286407909314,30.0238785204877,,29.5742935771007,,,,,
2012-04,27.8704271251649,29.806768925418,,27.8297668550591,24.3601676733433,27.5020440005038,30.5245443224178,26.9012304152634,,28.0459221100802,30.6912227836436,,30.6420847560107,,,,,
2012-05,28.4022345334138,30.3306169447991,,28.4763634973793,24.7054030913161,28.5147568093251,30.9780751043397,27.2755067129605,,29.0249338869032,30.7838092850184,,31.0071782805777,,,,,
2012-06,28.7815656917451,30.8263471008296,,28.7766427032177,25.0117387438835,28.9214898383117,31.5028588519999,27.5963149681296,,29.1559215874693,31.0603663670469,,31.2356838747773,,,,,
2012-07,29.496344599895,31.39053814154,21.8482521056097,29.236337871881,25.0555009799646,29.7439444715112,31.8161457013574,28.0882209593887,38.7464782902714,29.7875733879765,31.5912357223322,30.962593712317,31.6179582710886,30.7074539089848,30.6293781903967,23.5276355029586,30.1637009672503,28.707910718232
2012-08,30.1778218907316,32.0404851757449,22.2832616004515,29.0132002759117,26.4493198635232,29.9787863962795,32.2115972850679,28.8236086090279,39.7212089730436,30.3194003125276,31.9484740599787,32.0894012919897,32.1664623609867,31.3473045507584,31.3528420753627,24.0290017982018,30.589148633098,29.6024549907919
2012-09,30.6294986997745,32.5653378016929,22.5785891474084,29.579013465691,26.5446047792514,30.6050315289949,33.2061285067873,29.269453386161,39.7734933774834,30.6063762272606,32.1595694413153,32.4750320413437,33.0251153603559,31.8231598599766,31.8789976280652,24.1129214785215,31.1438462227475,29.9633662246777
2012-10,31.0811755088174,33.2071265049246,23.2510579536546,30.5751634476968,26.6952879017983,30.8560694485747,33.3979520361991,29.4513785538418,40.9386886764294,31.3330308370433,32.2407599725986,33.0028812230836,33.4845952262391,32.7990665110852,32.2900566536141,24.4615109198494,31.698543812397,30.3216995211786
2012-11,31.7256734117792,34.2459539821895,23.5244354802295,31.6217850287908,27.5838751391703,32.8211834857161,33.5514108597285,30.2175141191453,40.8490582688182,31.4725695845741,32.1893393027858,32.8579278208441,33.7430526507984,34.5331155192532,32.7422215817178,25.4341184968877,32.430960047274,30.8888457458564
2012-12,32.3516816208036,34.5233372352811,23.8237539399831,32.1504086192419,27.6813759831713,34.214039039514,34.8144950226244,31.1911981151832,40.8789350713553,32.5019969484329,32.235347270513,33.5170555555556,34.1680715267404,35.0761820303384,33.3807332680704,26.0430741258741,32.826787938917,31.7060518968692
2013-01,33.093910763149,35.1460898329085,24.4962227462293,31.6749130278311,28.3461544649957,34.5433576006833,35.091901357466,33.5177904004528,41.7080163417592,33.2444483975587,32.5249268320901,34.3484863910422,34.89749581383,36.1085460910151,33.9096292142765,27.637548051948,33.3653292880913,32.6160637937385
2013-02,33.4557804873529,35.5186536140218,24.8753594619171,31.0028438399712,28.660816279726,34.7134155462052,35.9624850678733,33.8252695570964,42.0590687715698,33.8894860040687,33.4423798355914,34.7724067183463,35.3081559439631,35.1407047841307,34.4412655539864,27.9172803196803,33.5995947749821,33.0852483977901
2013-03,33.9734919176009,35.9102535007394,24.8993049386974,33.3962601967371,28.924511744183,34.7377095384226,36.2162823529412,34.0635659034951,42.1001493750583,35.2743422531474,34.4816186360177,34.9720595176572,35.5436393752283,36.9446534422403,34.9098728431121,27.9732267732268,34.3158547693839,33.4306920073665
2013-04,34.6549692084376,36.1713200918845,25.0270141481923,34.6128913747601,29.1305930735486,36.7379148976557,36.617636199095,35.1858648252441,42.0964147747412,36.1905589350473,36.0756594002131,35.3686301464255,35.9284537629055,37.7484994165694,35.6141539735524,28.4788966418197,35.0051876963269,34.1009557274402
2013-05,35.1726806386856,36.4568616759495,25.6755374776583,35.9065581513916,29.5272442343706,37.0699327912936,37.0898171945701,35.5676514447432,42.1449645788639,36.2300510334051,36.3625326107475,36.9248279931094,36.433881615377,38.0657362893815,36.2252617248684,28.6574949358334,35.5787342331975,34.5649844567219
2013-06,35.8356682355848,37.4467391673746,25.847146727917,36.7831701355567,29.8197467663733,37.148213432883,38.3676570135746,35.8597566435545,42.4586710055032,37.0014633546599,36.9335726807734,37.9312968992248,37.2092538890549,38.5792298716452,37.0062738734112,28.8468521632214,36.300379641091,35.173377679558
2013-07,36.7152493900367,38.6568915950785,26.0746287573296,36.6875397372841,30.9631657551114,37.6151979499509,38.5830895927602,36.2825404839394,42.6827470245313,38.336296279152,39.1608995889786,39.5941585701981,37.9157041828504,40.114333722287,37.9544500256772,29.0491201106586,36.9816344477965,36.217442320442
2013-08,37.4786096111677,40.0274911985902,26.4497745602208,36.6158169385797,31.3531691311151,39.0863341453383,38.7483529411765,37.3997147530777,43.9076959285514,38.3810539906241,40.500543355153,40.578747717485,38.5561042459251,40.9800140023337,38.760125715753,29.5504864059018,37.8109881255248,36.9160633517495
2013-09,38.2789492201736,40.8650798451807,27.1561661252391,38.4168561060461,31.6944220851184,39.547919997469,40.4747647058823,37.6943822781944,44.228871555825,39.1998568299083,40.2407336550464,41.8450387596899,39.480807476015,42.3833838973162,39.6260900629092,29.7075668331668,38.7399719528504,37.6017946961326
2013-10,39.1215509867507,41.9854906321784,28.2476807751403,40.2205516734645,31.9182308406659,39.8610425638267,41.5784877828054,38.2170968444885,44.1989947532879,40.0607845741074,40.6331545562491,43.4887556416882,40.1585402781928,44.5475845974329,40.4098426049557,30.1185580880658,39.7362734488228,38.3055716022099
2013-11,40.0513184533185,43.2853847005884,28.50309919413,41.3760856525912,32.5874411790359,40.5925616628175,41.6817773755656,39.908232206028,44.6284737897584,40.5241585281717,40.9470912772112,45.0230737295435,40.9626300434884,44.7626604434072,41.4183074143022,31.0631924383309,40.7729655459833,39.1382453775322
2013-12,40.9573134562525,45.0176703105824,28.8463176946474,41.86220684381,32.9597171288576,41.7208826346926,42.4815339366516,41.40463076836,44.6658197929298,41.2903052363122,40.9335595219973,45.5509229112834,42.1371754506524,45.3783150525087,42.4377337976634,31.5925319603473,42.0573866637639,39.7131254143646
2014-01,42.9225037833163,46.7118837093678,29.0698088112634,41.338896053263,33.6488708216823,42.6089630168623,44.4735475113122,47.0776212084336,46.5854043559369,44.6787272754076,41.1338294991628,47.4380521102498,44.3082178169505,48.6824177362894,43.8654788130697,35.3775247214324,43.5383753739931,42.0796719337017
2014-02,44.8005284103894,49.798452260927,30.7400058166881,42.6750652291267,34.3225130165978,45.4513601062988,46.3416135746606,48.7585072647517,47.8514338634456,46.7744412949258,41.8428934723702,49.2048426356589,46.6515651329549,50.6745577596266,45.9289951213249,36.3070965649735,46.3414830964451,43.1469380110497
2014-03,46.4355456314278,51.3675712514553,31.4643564892917,44.5451707953455,34.8853587978759,47.6783093928944,47.6460135746606,50.8134929616527,49.222032179834,47.7617437538697,46.9524842411326,51.7483645994832,47.9840567440162,51.9757666277713,47.7869819168057,37.0774361945747,48.1240549622119,44.6472975690608
2014-04,47.8856659130918,52.2078793417036,31.8135613590041,49.5524847048945,37.0303773658962,48.6554677465279,47.8821040723982,52.4021352709778,49.9465446413581,49.2835059439219,47.3611432485919,52.9626912144703,48.9977841981211,54.726049008168,49.0091974194377,38.8827852147852,49.8850851740117,45.8151032044199
2014-05,49.0795718644801,52.8741430378551,36.0798471386912,50.7717722828695,39.4390913983735,49.9025593470214,48.4634769230769,53.0452791736239,49.998829045798,50.0759807176342,50.2731769706196,54.0785589147287,49.5922362746075,54.7798179696616,50.1437203299525,40.9936879428264,51.0267928342612,47.0447793370166
2014-06,50.2259328886006,53.8150705434406,36.3991201624283,52.1424746581094,41.6040533208486,50.5423011420798,50.0482343891403,54.4033121154662,51.164024344744,51.5714148421145,50.6304153082661,54.1879577088717,49.9626919164758,57.0112298716452,50.9356940525099,43.2315460846846,51.8803808727024,48.4394434622468
2014-07,51.3432386793909,54.6825730702665,36.8241523752783,52.3390482545586,42.6721307483133,51.8946667088487,50.4584416289593,56.4787964228102,53.7035525603955,53.2090205206828,51.7319001826762,54.8963149009475,51.2779530325665,58.0220863477246,51.9770435839004,44.770073557212,52.6855001897179,49.8134840883978
2014-08,52.5107307822972,55.9144810472324,38.3766174532,52.4293658529271,45.843124106616,52.9042170521054,50.8568443438914,57.2449319881138,54.8575440583901,53.8066676091635,54.1865605784747,55.0713529715762,52.3634742157156,56.384821470245,53.2568073501091,46.9455298854991,53.6764162721986,51.1230762799263
2014-09,53.6914298094444,57.1545473551716,40.3201919851996,54.8121566098849,46.4037539596213,55.2688322945996,51.5385556561086,58.8848208235461,55.9853933541647,54.4938301205885,54.5546243202923,55.8097948320413,53.5782241111443,56.9816569428238,54.4982056072667,48.161289356797,55.1035508475103,52.0846469244935
2014-10,54.7268526699404,58.4789164165014,41.1383291085259,56.6397597768714,47.0751802262641,56.4268459236293,53.6928814479638,59.4664688948634,56.5306450004664,55.7786397204941,55.1202516882326,55.9547482342808,54.6666170434552,58.823243873979,55.6135457632559,48.382923384308,56.4337479799708,52.860606077348
2014-11,55.7252961425615,59.4252828094024,41.5513885829858,59.0252069337812,48.1188824427285,57.1367703628713,54.1916226244344,60.0404299872647,58.8423625967727,57.5268232744641,55.999815777135,56.1106415159345,56.0594153869137,60.7831225204201,56.6960011972012,48.4496287712288,57.6481587223587,53.6649225414364
2014-12,56.5362012909602,60.1404964913936,42.8304761343326,59.7796245201536,48.5266132449142,57.584859552659,55.3602705882353,60.5990171218339,59.5071214532226,59.0380542382876,56.473427209621,57.2374490956072,57.1851410583276,61.9956126021003,57.581148298883,48.6970842388381,58.3994239044568,54.5233756906077
2015-01,57.6429415423577,61.4621461090657,44.4567730989935,59.2988161288388,48.9565033298273,57.9951580878863,56.2839746606335,60.7655683316825,61.4192368155956,61.652431149571,57.1121260557163,59.5266188630491,59.890328768715,64.5254422403734,58.7375943574271,48.7896110658572,59.1076057786209,55.9644426887661
2015-02,58.4802605392384,62.131129248875,45.8595789470384,58.9109817358446,49.7232145121982,59.0290024233604,57.20472760181,61.4394601499929,62.2483180859994,62.9741000412772,58.1134759415436,60.8147896640827,60.9672347043788,64.3157432905484,59.7981266433432,49.1382005071851,59.8130949460392,56.9053898342541
2015-03,59.4522901633775,63.0122289939897,46.6398023987959,60.1169873140595,50.2904921500218,59.4851896105539,58.9311393665159,62.138975231357,63.1670297640145,63.5928095822154,62.8089950007612,61.7665591731266,61.751222225542,64.2781050175029,61.0340441134934,49.4157809882425,60.7824693745529,57.8721163535912
2015-04,60.8601482874703,64.1761508795116,48.8308135241918,65.0047632257678,50.9175998512096,62.3896713467683,59.4062714932127,62.9281717334088,64.9708417171905,65.0355875755521,65.6181873831634,62.3162881136951,62.6385927165289,67.2461516919486,62.4508275548851,49.9386651502344,62.5865828942867,58.9316486187845
2015-05,62.2072545600543,65.413497743793,49.2518548242451,65.7910576115643,52.6349442625894,63.7393375810687,60.2355393665158,64.7807336521862,66.5132316481671,66.9391067163959,67.6235935058609,63.0547299741602,63.787292381237,68.197862310385,63.8703513897804,51.1501210481826,63.7498322085031,60.4242743646409
2015-06,63.0472149417832,65.6636865603071,52.48848510238,67.291923584453,53.4858607193248,64.1523354487646,61.4307475113122,65.6211766803453,66.8904262801977,68.115971247457,68.6303560937738,63.2653226528854,65.2662431995486,68.4021843640607,64.7883832135062,51.9807107046799,64.7999878393929,61.0790704604052
2015-07,64.3335693628586,67.1675389030491,52.9354673356119,68.0171207713532,55.2408759113414,64.4276673605619,62.0947520361991,66.7793481703693,68.1639249883406,70.8804181324999,69.6993647556706,64.2116222222222,66.6532980446835,71.3890501750292,66.1092528822699,52.1722197187428,66.0897943706652,62.35514946593
2015-08,65.5116270051576,68.9406161679096,53.4981860399486,67.8577367742323,55.8148013339832,66.0931554936885,64.1251303167421,67.4455530097637,69.4299544958493,71.7624083291564,74.614098249353,64.8871597760551,67.9685591607742,71.8622170361727,67.5835845872384,52.3314519326827,67.2718926321027,63.5177992265193
2015-09,66.5972361777695,70.1725241448755,55.5255697406792,70.1661483325336,56.8895265462661,66.7868839381189,65.0104696832579,68.3064946483656,69.8556989320026,72.7128514962998,75.1039477880956,65.7760249784669,69.3757162500415,73.6957386231038,68.7345498587752,52.6929520940598,68.752881342332,64.2550893186004
2015-10,67.7303902776491,70.6185129047484,56.3117795616318,72.5170622900672,58.2080038685513,68.3740914296561,67.586807239819,68.9368269194849,70.5540691913068,73.7659741191733,75.474717880956,66.4406226528855,70.6737468711616,74.4243080513419,70.118448578123,52.8672468147237,69.7734171990172,65.4796095764273
2015-11,69.0537240865993,71.9619180716825,57.1219348593647,74.5306134536948,59.0013061901952,70.957352602107,69.3574859728507,69.8823253261639,72.4699191539968,75.7906023616475,75.5342576038971,66.9903515934539,71.8368052816785,76.0131808634772,71.6421073661574,53.1017915622839,71.3782704195565,66.5520315285451
2015-12,71.7585021711603,75.4971948267724,57.8822037471387,77.2454542046545,59.5331289756548,74.4259948242589,74.014371040724,71.9936822017829,73.6201760516743,80.2742719285314,75.5342576038971,70.2914602067184,74.3380988015802,78.5591411901983,74.8346657979201,53.5751846307539,74.9218724971231,68.513841878453
2016-01,74.7274187405417,79.03519102552,58.5466907277915,79.0757137715931,60.7452417408481,77.6462984592996,75.265650678733,75.0479751577756,75.1476275813823,84.3682861249521,75.6722815070787,77.3011879414298,78.5279808286027,84.4065157526254,77.9093873090255,54.4810868208714,78.5274068298448,70.9190574585635
2016-02,77.6936939250749,82.0021040561377,60.7536655043743,79.5033941638676,68.0157024037351,81.1527313360119,77.8183791855204,76.4956895203056,77.6199329913254,86.3771175280832,75.9672737707414,79.6177074074074,81.396858241211,85.6028751458576,80.2305006066247,61.4722417275033,80.7892804963767,74.4637213627993
2016-03,80.2716855369221,84.9173476572579,62.4877171145464,81.8038365223129,71.0271489264,83.0098720744092,79.6687384615385,79.7575309070327,79.5096407517955,87.7567081640475,83.5829456051149,81.5950906115418,83.7804100454802,87.2051901983664,83.0531059153935,63.4303676016291,83.3473519049544,77.041658747698
2016-04,85.5254,86.4212,63.6371,88.575,86.3791,85.3232,81.525,90.5398,80.0773,89.2969,88.8901,82.5578,86.5057,89.856,85.3797,84.0036,86.5786,83.9892
2016-05,89.1118,89.9991,82.4693,90.5764,90.8834,87.7981,82.9161,96.0543,82.0829,91.3072,91.9974,84.3768,88.6513,93.7059,87.6489,91.3453,90.6974,86.7991
2016-06,91.8528,92.8351,84.325,90.8905,97.305,91.9257,88.6965,96.7934,84.0739,91.7896,93.9262,86.8693,89.8747,96.2581,90.2893,94.4671,92.6532,90.6853
2016-07,93.7328,95.1422,86.2302,90.2628,98.1246,94.1324,90.5779,97.651,87.8567,95.7578,96.1933,89.7079,91.6354,99.5762,91.9791,96.2589,94.0201,93.3136
2016-08,93.9221,95.2368,88.7153,90.9888,92.6253,94.8352,93.3781,97.7657,90.6632,96.3118,97.838,90.5638,92.5606,95.2761,93.4982,94.5591,94.7672,92.6895
2016-09,95.0014,97.3853,92.3307,95.3605,87.6714,95.191,94.4068,98.5274,91.5041,97.6783,98.0276,92.2985,94.9263,99.189,94.9462,93.2777,96.8993,92.2331
2016-10,97.2428,98.5102,94.2334,98.7205,97.0615,95.6143,97.6188,98.678,90.7212,98.1813,99.0132,94.1914,96.9199,101.1247,96.6551,97.2229,98.2076,95.8356
2016-11,98.8166,99.75,97.8577,99.9637,98.5085,98.092,99.1622,99.2062,94.5213,99.1563,99.5182,96.9479,98.655,101.5561,98.3164,99.054,99.418,97.9394
2016-12,100.0,100.0,100.0,100.0,100.0,100.0,100.0,100.0,100.0,100.0,100.0,100.0,100.0,100.0,100.0,100.0,100.0,100.0
2017-01,101.313,101.3069,100.5008,97.8719,99.9812,100.8651,101.3559,101.7583,103.8174,103.243,100.4869,103.2868,102.117,101.5562,101.3389,101.1274,101.0205,101.7397
2017-02,103.8085,103.1646,105.4806,97.4253,108.4042,101.2178,104.6961,103.5441,108.0484,103.3096,104.936,105.1373,104.1416,102.0783,103.2097,106.3489,102.4793,105.7472
2017-03,106.2627,106.7878,107.1121,102.0665,110.7756,102.1399,106.6572,104.5685,110.6652,104.8017,111.9338,106.1813,105.5869,105.879,105.0891,109.8871,105.1793,107.8429
2017-04,109.0613,109.2144,109.5812,107.2381,115.889,103.1802,108.1913,105.0876,118.2386,108.3531,116.2786,108.3494,107.5817,108.5334,107.4973,113.8991,107.7352,110.9956
2017-05,110.4607,110.3615,111.639,107.9072,118.0458,106.2886,109.7879,106.2149,118.1821,109.3191,118.5362,109.4833,109.0808,108.0039,109.2199,115.2166,109.0355,112.5395
2017-06,111.9943,111.7923,112.1628,108.5621,120.9192,107.7485,111.1892,106.5466,120.4465,112.5701,119.4016,111.3293,110.1832,109.5654,110.8829,116.3567,110.2676,114.5127
2017-07,113.9199,113.1579,115.9318,106.5553,123.9173,110.4314,114.9895,108.0683,121.0689,116.1042,120.2404,114.0646,111.7819,110.1248,112.8387,118.809,111.4245,117.5597
2017-08,115.6031,115.6549,117.4477,105.6182,127.1644,111.5098,118.3191,109.2582,123.3833,116.1082,121.9879,115.0985,113.4518,111.4882,114.5355,120.5959,112.9325,119.4983
2017-09,117.9656,117.8695,118.2786,111.8326,128.2415,112.5568,121.1943,110.258,124.5391,120.017,128.2949,116.4971,115.5821,117.1944,116.5488,122.4798,115.3613,121.7642
2017-10,119.4985,119.695,122.1014,113.6026,128.9128,113.4367,122.1487,111.165,130.4597,120.605,129.2551,118.4669,117.3347,119.8444,117.8751,124.1174,117.0753,123.033
2017-11,120.8941,120.909,123.4181,114.8528,130.1608,114.2362,123.5655,114.133,131.1853,120.7139,129.7823,120.4916,118.7033,121.0014,119.4138,125.1994,118.7271,124.0548
2017-12,125.0392,121.5528,124.1072,115.6853,154.7145,117.6715,127.1571,117.4772,134.1889,121.4988,129.748,122.6855,119.6537,121.1666,121.7707,136.3959,120.0339,132.3399
2018-01,127.0147,124.7282,126.72,113.6271,152.2688,119.0239,129.5154,119.9686,136.6736,126.2139,129.8915,126.6387,123.6102,125.177,123.5396,138.0631,122.2566,133.955
2018-02,130.2913,127.7802,128.8967,112.9568,159.7757,121.135,133.0564,125.3874,147.1762,126.5606,131.8309,128.916,125.3827,124.0173,126.2302,145.0608,124.5606,138.6501
2018-03,133.5028,130.2899,129.7445,120.665,161.3686,126.9603,134.3951,127.0591,150.5486,128.1069,151.1936,130.7344,128.3929,127.2642,129.3424,148.5483,127.2606,142.6077
2018-04,136.938,131.3352,131.1986,124.603,172.2109,128.378,136.3736,133.7633,151.5764,130.8525,152.0724,133.5964,130.1922,126.8401,132.0556,155.8449,129.7698,147.3934
2018-05,139.58,136.169,133.0263,126.7286,170.0052,131.3665,139.4698,136.4371,157.0028,133.4245,152.5495,136.359,132.2034,130.801,135.4453,155.6943,133.5831,148.3271
2018-06,145.0582,142.6321,134.4741,129.4344,176.5691,136.5173,146.1936,145.3092,157.3577,138.5918,154.778,140.6163,135.9377,134.963,141.1129,161.208,139.1698,153.647
2018-07,149.1178,148.2702,138.0029,128.5779,176.5774,142.4208,149.7694,151.5932,158.0181,145.2476,158.2487,144.8046,141.7807,140.4659,145.2069,164.5163,144.3138,156.1248
2018-08,155.1747,153.4382,139.4902,129.5497,191.835,146.89,157.345,156.6031,182.2124,147.2747,161.3912,148.3622,149.6257,142.5765,149.8703,176.4489,148.4797,164.94
2018-09,165.4903,164.5645,145.5596,146.5657,193.24,161.5882,164.1223,173.2611,184.712,159.1452,165.0215,157.6511,160.8222,150.7758,161.5802,183.6169,162.5426,169.7897
2018-10,173.8549,174.56,149.2238,153.6809,206.9187,167.8866,173.6915,185.6149,185.1122,162.6265,169.7671,161.7351,170.4386,160.1883,168.4619,195.871,171.8817,176.733
2018-11,178.877,180.0567,156.5632,156.2891,208.9736,173.9992,179.6549,191.1071,193.5709,169.4774,171.616,166.2958,176.4477,162.6491,173.8085,201.0923,177.9269,180.2629
2018-12,183.9381,182.9765,158.6651,156.8619,218.8376,176.638,190.5132,197.0384,206.5853,173.7047,175.1903,170.1262,182.4813,165.9782,178.9256,206.7685,181.2585,187.8466
2019-01,189.1236,189.9154,164.645,155.5131,221.858,181.3132,194.6462,203.4532,223.5279,179.1848,175.7777,175.7302,189.548,168.3449,184.0826,213.3075,186.3028,193.2381
2019-02,196.3597,200.3367,168.4551,157.0732,237.6627,185.7125,201.7245,208.7417,226.7862,183.6484,179.2309,182.0486,193.9828,171.1095,190.9251,223.7149,192.8064,201.5427
2019-03,205.7679,212.0319,175.4443,170.2354,246.3054,193.4887,207.4407,217.7008,236.2025,185.2328,210.87,189.6348,200.4224,181.0118,199.1109,236.4956,202.7853,210.1183
2019-04,212.4469,216.2942,177.3908,180.8128,254.7437,202.1052,213.8031,226.1383,243.883,191.4187,213.02,197.2612,205.7455,181.6677,206.4935,243.8179,210.0294,215.973
2019-05,218.8793,221.9977,181.1723,185.3862,263.5952,208.7736,225.6527,232.7179,246.7191,196.6069,224.273,201.3577,210.9243,182.0922,213.2333,252.0521,216.4907,222.3634
2019-06,224.6105,227.9555,186.2069,187.7146,270.5535,215.6745,231.8228,237.3329,266.2708,202.8122,228.9437,205.682,214.0628,186.9309,218.7778,258.7342,222.3189,227.953
2019-07,229.4286,233.6669,188.3557,187.6964,276.9197,220.6806,240.7959,237.3299,266.7107,211.161,234.0668,211.426,220.5043,194.6997,223.4054,262.7838,226.5723,233.5948
2019-08,238.3069,243.7857,196.6496,193.4764,281.3647,234.5388,253.7682,247.2147,270.3128,222.3902,238.4995,218.1493,229.5674,200.5743,234.0155,267.9214,238.1722,238.5033
2019-09,252.1482,257.577,208.2246,216.0233,285.7905,252.4058,272.9536,258.2652,288.495,239.5231,240.667,229.7003,248.064,221.4755,248.7065,276.0843,255.9431,246.613
2019-10,260.2101,263.9796,221.6366,225.8875,291.3924,274.3482,285.3789,264.6173,288.7268,244.9917,243.7719,235.7793,257.2619,227.3906,258.1791,280.964,264.5957,253.8132
2019-11,270.8019,278.9293,233.7037,235.2338,296.2231,274.4191,302.0045,274.2968,308.4409,251.8864,262.1762,243.0714,268.2379,246.5681,267.6554,290.97,278.2049,260.004
2019-12,281.1775,286.7624,240.841,239.8547,304.2973,289.603,321.226,286.4677,339.7093,259.0867,271.9906,251.95,277.808,250.1103,278.0997,304.2211,286.9065,272.8213
2020-01,286.4913,300.0787,251.6766,241.2054,302.4597,284.2234,313.7127,288.7529,340.007,273.4152,275.0782,262.5728,287.0117,258.9888,283.8423,306.6681,293.3383,276.5043
2020-02,291.737,307.382,254.7114,246.8443,305.987,289.6399,314.5439,292.7309,348.3377,276.1504,277.2068,271.2264,294.6889,265.6065,289.8974,308.9154,299.3352,280.6542
2020-03,302.2274,319.0265,262.8594,256.9769,312.0891,298.1909,322.7929,299.2677,377.4036,285.3886,332.7222,276.4127,301.2623,277.9951,299.3463,321.6141,309.1161,292.1795
2020-04,306.4483,329.2541,265.5114,260.5659,312.7519,301.065,325.5447,304.8307,366.5663,291.2965,325.4832,280.2731,300.1314,291.1675,304.233,319.8458,316.2603,292.1368
2020-05,311.0922,330.0889,265.3951,286.9266,313.5388,309.6676,328.2396,305.5751,368.3501,300.6242,319.0977,284.5204,307.3484,309.8062,308.4023,319.5828,323.2849,293.3082
2020-06,317.4661,333.9281,275.0824,301.8875,315.6588,323.5848,333.0725,311.2991,369.712,315.8605,317.4008,290.3498,305.9117,320.8225,315.5625,321.5532,332.8398,295.0422
2020-07,322.6791,338.3654,279.3943,306.0252,317.1731,337.7372,338.6919,316.7508,376.6322,322.8434,315.7214,295.1175,315.1177,320.9339,322.7566,323.237,339.7904,297.7206
2020-08,331.6957,350.8916,283.5739,313.901,325.1627,349.4358,346.6054,325.6423,377.5922,333.5596,319.0605,299.703,330.7462,335.6514,333.0711,325.869,351.9757,302.1154
2020-09,340.902,360.8055,296.1978,337.4421,328.7368,359.6755,356.5201,336.7613,374.475,341.8011,319.8581,303.5529,339.9264,366.825,340.3537,330.8397,365.7001,304.7317
2020-10,353.0444,378.0836,302.2957,358.4122,335.9612,376.6123,365.4615,350.6817,372.4854,350.2174,319.9665,313.6212,346.3864,400.0067,352.0682,334.7653,382.5081,310.069
2020-11,363.5381,386.1547,309.5605,369.1583,344.243,391.3552,378.0142,365.0886,365.8217,369.5455,321.4936,324.4805,357.917,402.7498,366.4805,337.2247,394.0756,318.9963
2020-12,377.0507,396.893,318.3355,383.9238,358.4496,398.9083,399.8237,383.3669,365.6122,387.546,321.4474,342.5174,362.6176,409.3459,382.7926,345.6189,406.5761,333.9852
2021-01,389.4454,412.7351,331.3735,384.2546,355.0014,409.698,412.6576,394.4234,426.7295,404.775,323.7569,362.4122,370.1955,417.5823,394.9362,360.6249,421.2386,343.0722
2021-02,403.4854,429.2024,343.4201,393.1268,362.9717,430.1651,424.7791,413.5101,430.8196,415.6103,323.7569,383.4441,382.4193,432.2007,411.7749,366.1731,438.4934,352.423
2021-03,424.4539,450.199,364.9237,456.928,366.4275,443.5191,441.8719,428.9895,431.2261,430.1147,421.306,393.6314,390.6556,478.4265,429.6765,384.7868,464.1213,366.5955
2021-04,441.8955,471.3873,378.9455,479.455,381.5934,464.2104,458.5319,450.674,433.3354,441.9046,434.3193,406.2058,406.0666,483.9521,450.3191,398.1806,485.556,378.2127
2021-05,456.7856,485.7727,383.2759,480.4131,391.89,474.3771,482.7101,479.0633,440.3408,458.7188,445.9948,424.6215,416.2814,484.2464,466.3456,416.3019,501.9753,390.8722
2021-06,470.784,502.4521,405.2644,499.33,400.3266,489.811,493.1037,494.8991,471.0799,467.0966,450.4861,436.5722,423.1317,487.8827,482.7204,427.9781,519.333,399.9708
2021-07,485.3036,520.3921,419.5961,502.5215,414.8198,502.9341,507.3922,502.5147,471.7787,485.3674,468.179,460.7445,438.8603,510.9114,499.0713,433.2793,533.8429,414.5046
2021-08,497.9371,527.856,427.2299,522.0937,426.6639,518.0532,531.3048,514.2602,465.939,503.5727,488.7261,470.135,452.6267,515.5531,514.3968,441.595,547.4431,425.7281
2021-09,517.0425,545.0917,453.6391,557.3109,432.5079,538.1518,556.5408,533.3557,483.9435,520.4777,506.6458,491.3744,460.9736,554.499,531.6515,457.2078,567.8049,443.001
2021-10,536.5423,564.4767,460.1521,589.8082,445.2315,553.1724,588.5367,550.2513,488.7798,545.2419,511.521,511.343,479.0735,608.3157,549.3325,466.6016,589.1523,459.8059
2021-11,548.7073,574.6592,464.4118,609.3601,453.1519,568.4489,600.7632,559.356,488.2506,550.1614,513.5276,541.9437,488.4307,598.9655,567.7171,470.1643,602.1666,470.7321
2021-12,570.9981,596.9322,488.4483,642.0981,464.4451,588.3098,603.1502,597.0836,495.7511,575.0976,521.8127,575.9063,502.3516,629.1429,593.9007,477.4545,625.804,491.0588
2022-01,593.4219,627.7655,496.2309,654.9264,469.0176,609.4198,632.4334,608.8994,539.1585,604.4783,525.6626,610.0734,526.8939,686.9871,613.693,491.6655,650.5218,510.1366
2022-02,620.5007,681.4654,509.6969,673.7573,480.7991,635.6042,652.1907,633.8206,547.9454,612.9475,536.265,637.1043,550.0639,744.0911,641.3434,503.5405,688.1137,521.8808
2022-03,661.8688,722.8456,540.3935,765.5852,521.0635,662.7936,688.1142,665.7419,558.4333,627.6276,655.0371,673.7515,582.4197,789.1614,680.7038,549.1464,732.8464,558.3415
2022-04,702.829,765.7118,558.9217,847.1713,546.0704,699.3546,731.0263,705.5607,583.0194,664.3089,677.9087,719.4846,610.8024,835.3813,728.6254,567.2638,781.945,587.4311
2022-05,736.3637,799.1293,589.5841,889.32,561.5937,736.6078,775.6469,743.726,600.96,698.7449,700.9896,757.1785,637.7158,859.3585,764.7389,597.5182,822.0689,611.3547
2022-06,776.6701,838.7821,630.69,938.5587,603.7395,782.7068,836.8349,769.2959,602.453,735.303,716.1197,807.1303,671.4791,920.5119,805.1675,628.0769,864.0663,649.1949
2022-07,833.8894,888.2122,671.5976,1007.6592,632.2228,864.6076,895.2133,799.7386,630.5231,833.6439,772.9907,898.0347,726.5191,1021.8762,865.104,657.4233,924.9143,701.1212
2022-08,891.851,949.1534,720.776,1105.1037,666.6488,938.9133,951.6338,865.9841,655.8881,875.9283,802.6439,953.6599,785.7644,1097.1543,924.8975,702.1983,994.2863,742.4397
2022-09,945.6836,1016.1594,792.0976,1228.9766,682.2554,995.7438,988.6047,922.6734,670.1796,918.5569,829.866,989.7111,840.6757,1224.724,975.7034,731.7239,1066.4384,769.5515
2022-10,1007.6275,1084.2719,834.2555,1311.454,737.5066,1037.6003,1061.7218,954.7172,761.098,966.868,912.4533,1068.9781,891.3846,1331.2452,1032.2633,789.4266,1128.8218,830.8546
2022-11,1058.0026,1117.6376,881.8916,1365.8337,816.5347,1095.64,1095.4888,1023.5071,804.6584,1008.0804,945.0341,1127.9206,943.7564,1380.2361,1082.5534,840.6752,1177.6926,883.4239
2022-12,1114.5359,1178.7917,941.1378,1421.1654,850.8246,1164.6745,1156.2369,1076.0345,825.689,1047.7141,997.1029,1211.6701,1000.5614,1458.6084,1143.2887,875.0145,1241.6205,929.1712
2023-01,1180.967,1257.1455,1012.1954,1441.6597,917.578,1222.408,1219.4517,1143.5941,892.9649,1157.8351,1004.4879,1277.9054,1070.7782,1548.1443,1206.5221,940.4446,1305.0811,999.9352
2023-02,1259.9952,1385.6735,1066.1418,1507.7109,960.1565,1284.3587,1285.6181,1195.5036,962.197,1220.6317,1046.7559,1377.2121,1146.2513,1614.4139,1297.0224,991.4786,1399.94,1055.8728
2023-03,1358.4995,1519.6853,1153.9079,1669.1856,1020.4746,1360.2311,1357.3401,1264.6741,978.5935,1263.1586,1304.6417,1480.5161,1216.9855,1796.6041,1385.6929,1081.2155,1510.689,1136.5172
2023-04,1475.1378,1673.9214,1194.8185,1873.6613,1093.6606,1480.2566,1449.7507,1357.2903,1044.5793,1354.774,1376.2207,1608.822,1301.2085,2037.5064,1502.3119,1141.9467,1652.9454,1215.7891
2023-05,1592.4496,1769.0366,1290.3738,2020.3142,1223.1349,1606.675,1567.7876,1479.709,1111.5159,1490.062,1444.3366,1757.1009,1394.021,2160.8528,1621.017,1252.443,1775.5557,1325.3726
2023-06,1685.1612,1832.4661,1348.6302,2092.3394,1312.2864,1742.6688,1701.0304,1575.9159,1234.0205,1580.3923,1542.7581,1874.8076,1483.6935,2170.5831,1726.7702,1344.1707,1868.674,1417.491
2023-07,1789.4275,1941.6682,1465.7752,2146.4783,1359.47,1845.9603,1841.4954,1636.9606,1389.7398,1774.182,1653.5364,2002.0742,1579.8799,2269.824,1837.2743,1432.3543,1979.303,1512.4767
2023-08,2008.8079,2236.1003,1574.3594,2324.1482,1520.058,2111.101,2137.6411,1788.5897,1459.8776,1978.2929,1810.2864,2256.3582,1725.8297,2503.4051,2085.5392,1560.3887,2243.5089,1666.4749
2023-09,2253.4785,2530.5562,1752.8624,2732.4365,1626.3733,2361.4147,2308.6914,1969.5311,1588.0854,2270.7096,1994.2591,2566.4687,1943.7141,2902.3424,2350.3791,1676.2644,2536.8554,1840.1474
2023-10,2447.565,2750.7102,1932.4716,3025.3689,1771.8731,2630.6121,2430.3649,2086.3758,1798.6922,2494.3485,2125.6537,2792.1903,2066.5706,3136.14,2566.2803,1788.3084,2767.3838,1981.08
2023-11,2763.435,3211.5926,2157.0974,3293.4887,1872.1498,2951.177,2858.4289,2289.8688,2076.7951,2827.4039,2342.4504,3144.9902,2304.0307,3517.4298,2921.1627,1959.9785,3161.0783,2183.4358
2023-12,3456.6426,4160.2902,2599.1672,3903.2478,2144.0192,3861.1661,3734.1484,2992.9426,2407.9195,3420.4327,2505.3619,3851.6554,3022.1365,4083.1796,3753.6557,2300.9443,4108.2388,2506.2298
2024-01,4132.479,4976.384,3133.3525,4336.4072,2343.5658,4665.1943,4501.8784,3744.2226,3008.3053,4241.7009,2526.5471,4576.0836,4346.9142,4758.7129,4466.8319,2867.0995,4939.177,2955.8361
2024-02,4751.2725,5642.3451,3715.4594,4626.5889,2881.4008,5130.0468,5174.9527,4971.5341,3761.743,4611.1339,2903.5476,5029.3191,4991.3922,5204.0041,5042.3312,3691.3624,5571.5329,3554.8476
2024-03,5296.8225,6293.3226,4178.8129,5192.7168,3281.3524,5378.6424,5826.7576,5575.7173,4353.0271,5006.3649,4267.3401,5412.4058,5446.5568,5842.3567,5530.6354,4363.4797,6155.1149,4044.9244
2024-04,5785.5699,6653.7983,4406.2162,5722.2934,4607.8825,5721.9053,6382.8552,5852.5934,4983.8866,5353.7738,4626.4998,5836.3245,5731.0836,6360.862,5884.3478,5235.9685,6533.2371,4695.0289
2024-05,6034.3831,7015.6738,4725.0282,5861.2154,4703.3331,5899.4932,6389.1056,6087.5691,5421.6221,5649.4642,5036.7632,6173.1674,6001.6671,6894.7832,6114.3774,5411.6225,6791.7506,4929.6932
2024-06,6297.096,7168.2646,4828.8024,5966.0956,5254.8695,6030.6255,6702.2531,6316.2103,5712.7314,5978.6321,5290.2033,6622.2826,6159.3339,7053.8582,6350.2436,5799.9677,6970.6811,5314.6106
2024-07,6551.322,7429.5408,5137.9975,6014.3988,5514.9954,6222.2561,7093.6656,6423.7254,5930.2983,6302.1849,5450.2375,7082.7805,6373.7302,7463.0862,6597.5519,6004.7313,7196.161,5610.7653
2024-08,6822.4011,7642.3734,5298.9103,6139.8903,5852.2072,6485.4666,7408.4618,6867.0367,6202.5993,6500.2098,5813.6611,7408.7635,6534.0289,7376.7821,6880.7827,6401.0248,7390.4444,5993.8581
2024-09,7076.041,7810.711,5438.7329,6590.5497,6254.078,6666.3154,7651.017,7171.5044,6392.9932,6617.3455,6031.7589,7709.6545,6761.1369,7648.8315,7117.1826,6697.0771,7630.2168,6267.7249
2024-10,7275.6042,7904.0442,5634.0618,6884.6687,6546.2992,6840.2644,7946.715,7275.5056,6532.7465,6840.3157,6195.5642,8017.9796,6982.0895,7740.4697,7336.5033,6887.1385,7794.7215,6518.4241
2024-11,7464.8667,7979.6192,5858.243,7011.9667,6841.4128,6926.5583,8198.7776,7599.3389,6624.5026,7008.6745,6456.3485,8276.5422,7161.5998,7646.2382,7543.8585,7150.8652,7923.6809,6795.6443
2024-12,7678.7745,8155.8025,6021.789,7109.0513,7218.6886,6960.5953,8401.7447,7731.2981,6957.1093,7314.9805,6602.9556,8668.9585,7304.9328,7560.2289,7806.1018,7357.6883,8070.0069,7108.1262
2025-01,7834.1477,8310.2299,6175.0017,6942.0426,7377.9452,7070.7555,8617.1058,7794.959,7139.335,7515.8357,6626.9195,9121.8225,7544.2859,7594.8511,7982.0485,7506.9362,8178.6798,7331.6161
2025-02,8009.2272,8572.467,6229.3108,6979.683,7610.2254,7158.8752,8781.557,7917.3984,7316.7367,7717.3701,6733.194,9292.2507,7782.0959,7516.7019,8201.6452,7665.1338,8347.6102,7515.6646
2025-03,8317.925,9112.2795,6292.5738,7368.1022,7841.6485,7255.9002,8949.6747,8049.5986,7540.6162,7695.7515,7808.1908,9641.3091,8113.781,8249.0773,8462.357,7924.1512,8662.2074,7815.7577
2025-04,8547.3129,9367.4844,6489.2193,7716.8271,7977.6053,7340.1743,9211.0811,8185.7785,7709.5628,7900.3182,7943.8635,10044.8128,8321.8701,8388.3908,8736.6696,8061.9801,8905.0865,8025.4674
2025-05,8675.5948,9405.6624,6521.0607,7730.1206,8208.9236,7444.9951,9435.464,8229.3297,8052.2581,7981.1535,8077.8854,10350.0796,8569.2984,8142.7355,8922.0337,8190.7889,8970.8423,8244.9493
2025-06,8851.2214,9489.1665,6719.8251,7721.6469,8559.0479,7600.2288,9643.9151,8407.8439,8212.565,8305.4709,8379.9439,10577.4487,8637.2837,8156.9864,9107.9966,8408.6939,9051.3039,8559.3826
2025-07,9016.5562,9682.9722,6742.1473,7597.0148,8591.0827,7721.9853,9764.0952,8669.3982,8416.6377,8673.012,8517.6311,10876.967,8865.3992,8480.6034,9240.3481,8599.7496,9170.4641,8792.0674
2025-08,9185.3068,9828.0344,6976.3822,7607.3735,8784.9537,7786.5255,9927.9376,9016.2096,8584.0406,8656.559,8633.8383,11185.9165,9056.3956,8439.1301,9428.4121,8806.3759,9330.8687,8972.9914
2025-09,9377.7681,10022.1907,7105.7319,7801.9502,9033.504,7987.2451,10125.9997,9276.6359,8763.1823,8834.8546,8923.9746,11238.5637,9259.5673,8637.923,9608.791,9031.5204,9528.5541,9157.8329
2025-10,9602.5137,10266.4083,7264.321,8053.0169,9238.2438,8147.5824,10275.5213,9591.3012,8966.7851,8965.7522,9063.6685,11538.4844,9476.215,8894.8979,9836.1396,9234.0957,9762.7663,9368.7706
2025-11,9840.8457,10553.5882,7351.7746,8073.6627,9540.9531,8236.2857,10531.0319,9864.6215,9216.2118,9206.624,9343.8347,11843.5418,9715.7343,8875.6495,10107.6944,9490.7233,9987.8095,9626.4856
2025-12,10115.6707,10831.7216,7576.6269,8178.1261,9902.1871,8427.1983,10784.5491,10280.643,9552.419,9457.6598,9307.1766,12160.9447,10043.411,8947.0847,10407.4143,9783.931,10227.1668,9953.0436
2026-01,10395.7458,11382.0015,7675.7163,8055.9667,10108.1109,8554.6652,11019.3228,10407.6095,9922.1658,9554.5894,9370.5914,12745.8836,10334.5796,9433.312,10683.2854,9983.5265,10505.7435,10235.3043
2026-02,10667.6896,11722.1086,7700.5825,8033.6046,10710.9204,8818.98,11268.0882,10611.041,10128.8443,9682.7233,9486.1187,13082.0121,10698.1724,9176.3219,10991.1691,10387.9828,10728.0753,10579.6115
2026-03,11031.5404,12060.9385,7861.3316,8371.3352,11093.2794,8934.8387,11608.053,11111.3595,10429.5075,9992.0798,10501.4142,13510.4454,10888.2241,9284.12,11326.0064,10952.4808,11041.9116,11016.4131
2026-04,11336.5576,12210.6429,8024.0511,8740.0321,11607.9584,9210.471,11916.3921,11523.9638,10845.3519,10142.7575,11074.8715,13841.4078,11201.7442,9300.4126,11587.0382,11516.8923,11316.554,11365.7347
2026-05,11594.5499,12553.1986,8109.709,8711.0804,11811.3556,9312.3705,12243.5018,11804.6491,11251.9254,10448.7582,11512.6196,14129.9031,11472.7133,9620.9269,11831.9766,11785.1189,11559.1257,11646.2193
2026-06,11810.9464,12707.5794,8273.3671,8723.2854,12268.2793,9457.329,12635.6166,11978.5743,11285.3534,10863.349,11673.7894,14294.4029,11689.3935,9954.0184,12019.0744,12035.1287,11699.8877,11972.9357
